========== SLAM session started at 2026-06-07 09:37:32 ==========
1780796252.482 [INIT] GlobalTrajectoryBuilder started
1780796252.482 [INIT] map_save_path=/home/xhd/catkin_ws/src/AVP_SLAM_ROS/output/semantic_map_final.pcd
1780796252.482 [INIT] map_save_latest_path=/home/xhd/catkin_ws/src/AVP_SLAM_ROS/output/semantic_map_final_latest.pcd
1780796252.712 [INSERT] inserted pose=(-0.000, 0.000, -0.000) submaps=1 points=152
1780796252.712 [NODE] added node_id=0 local_pose=(-0.000, 0.000, -0.000) submaps=1 newly_finished_submap=0
1780796253.116 [SCAN_MATCH] success predict=(-0.001,0.000,-0.000) matched=(-0.008,-0.001,-0.001) delta=(-0.007,-0.001,-0.001) ceres_iters=51 points=152
1780796253.116 [INSERT] skipped by motion filter pose=(-0.008, -0.001, -0.001)
1780796253.488 [SCAN_MATCH] success predict=(-0.007,-0.001,-0.001) matched=(-0.011,-0.001,-0.001) delta=(-0.003,-0.001,0.001) ceres_iters=51 points=152
1780796253.488 [INSERT] skipped by motion filter pose=(-0.011, -0.001, -0.001)
1780796253.853 [SCAN_MATCH] success predict=(-0.011,-0.001,-0.001) matched=(-0.012,-0.002,-0.000) delta=(-0.001,-0.000,0.000) ceres_iters=51 points=152
1780796253.853 [INSERT] skipped by motion filter pose=(-0.012, -0.002, -0.000)
1780796254.177 [SCAN_MATCH] success predict=(-0.012,-0.002,-0.000) matched=(-0.013,-0.002,-0.000) delta=(-0.001,-0.000,0.000) ceres_iters=51 points=152
1780796254.177 [INSERT] skipped by motion filter pose=(-0.013, -0.002, -0.000)
1780796254.491 [SCAN_MATCH] success predict=(-0.012,-0.002,-0.000) matched=(-0.013,-0.002,-0.000) delta=(-0.001,-0.000,-0.000) ceres_iters=51 points=152
1780796254.491 [INSERT] skipped by motion filter pose=(-0.013, -0.002, -0.000)
1780796254.698 [SCAN_MATCH] success predict=(-0.013,-0.002,-0.000) matched=(-0.014,-0.002,-0.000) delta=(-0.001,-0.000,0.000) ceres_iters=35 points=152
1780796254.698 [INSERT] skipped by motion filter pose=(-0.014, -0.002, -0.000)
1780796254.998 [SCAN_MATCH] success predict=(-0.011,-0.002,-0.000) matched=(-0.013,-0.002,-0.000) delta=(-0.002,0.000,-0.000) ceres_iters=49 points=152
1780796254.999 [INSERT] skipped by motion filter pose=(-0.013, -0.002, -0.000)
1780796255.328 [SCAN_MATCH] success predict=(-0.013,-0.002,-0.000) matched=(-0.014,-0.002,-0.000) delta=(-0.001,-0.000,0.000) ceres_iters=51 points=152
1780796255.328 [INSERT] skipped by motion filter pose=(-0.014, -0.002, -0.000)
1780796255.389 [SCAN_MATCH] success predict=(-0.014,-0.002,-0.000) matched=(-0.014,-0.002,-0.000) delta=(-0.000,-0.000,0.000) ceres_iters=12 points=152
1780796255.390 [INSERT] skipped by motion filter pose=(-0.014, -0.002, -0.000)
1780796255.465 [SCAN_MATCH] success predict=(-0.014,-0.002,-0.000) matched=(-0.014,-0.002,-0.000) delta=(-0.000,-0.000,-0.000) ceres_iters=15 points=152
1780796255.465 [INSERT] skipped by motion filter pose=(-0.014, -0.002, -0.000)
1780796255.661 [SCAN_MATCH] success predict=(-0.013,-0.002,-0.000) matched=(-0.014,-0.002,-0.000) delta=(-0.000,-0.000,-0.000) ceres_iters=31 points=152
1780796255.661 [INSERT] skipped by motion filter pose=(-0.014, -0.002, -0.000)
1780796255.862 [SCAN_MATCH] success predict=(-0.014,-0.002,-0.000) matched=(-0.014,-0.002,-0.000) delta=(-0.000,-0.000,0.000) ceres_iters=31 points=152
1780796255.862 [INSERT] skipped by motion filter pose=(-0.014, -0.002, -0.000)
1780796256.175 [SCAN_MATCH] success predict=(-0.018,-0.002,-0.000) matched=(-0.016,-0.003,0.000) delta=(0.001,-0.001,0.000) ceres_iters=51 points=152
1780796256.176 [INSERT] skipped by motion filter pose=(-0.016, -0.003, 0.000)
1780796256.256 [SCAN_MATCH] success predict=(-0.015,-0.003,0.000) matched=(-0.015,-0.003,0.000) delta=(-0.000,0.000,-0.000) ceres_iters=15 points=152
1780796256.257 [INSERT] skipped by motion filter pose=(-0.015, -0.003, 0.000)
1780796256.457 [SCAN_MATCH] success predict=(-0.016,-0.003,0.000) matched=(-0.016,-0.003,0.000) delta=(0.000,-0.000,0.000) ceres_iters=34 points=152
1780796256.457 [INSERT] skipped by motion filter pose=(-0.016, -0.003, 0.000)
1780796256.659 [SCAN_MATCH] success predict=(-0.016,-0.003,0.000) matched=(-0.016,-0.003,0.000) delta=(0.000,-0.000,0.000) ceres_iters=33 points=152
1780796256.659 [INSERT] skipped by motion filter pose=(-0.016, -0.003, 0.000)
1780796256.732 [SCAN_MATCH] success predict=(-0.016,-0.003,0.000) matched=(-0.015,-0.003,0.000) delta=(0.000,0.000,-0.000) ceres_iters=14 points=152
1780796256.732 [INSERT] skipped by motion filter pose=(-0.015, -0.003, 0.000)
1780796257.062 [SCAN_MATCH] success predict=(-0.017,-0.003,0.000) matched=(-0.016,-0.003,0.000) delta=(0.001,-0.000,0.000) ceres_iters=51 points=152
1780796257.062 [INSERT] skipped by motion filter pose=(-0.016, -0.003, 0.000)
1780796257.223 [SCAN_MATCH] success predict=(-0.016,-0.003,0.000) matched=(-0.016,-0.003,0.000) delta=(0.000,0.000,-0.000) ceres_iters=28 points=152
1780796257.223 [INSERT] skipped by motion filter pose=(-0.016, -0.003, 0.000)
1780796257.419 [SCAN_MATCH] success predict=(-0.014,-0.003,0.000) matched=(-0.015,-0.003,0.000) delta=(-0.000,0.000,-0.000) ceres_iters=31 points=152
1780796257.419 [INSERT] skipped by motion filter pose=(-0.015, -0.003, 0.000)
1780796257.743 [SCAN_MATCH] success predict=(-0.012,-0.003,0.000) matched=(-0.013,-0.002,-0.000) delta=(-0.001,0.000,-0.000) ceres_iters=51 points=152
1780796257.743 [INSERT] skipped by motion filter pose=(-0.013, -0.002, -0.000)
1780796258.062 [SCAN_MATCH] success predict=(-0.012,-0.002,-0.000) matched=(-0.013,-0.002,-0.000) delta=(-0.001,0.000,-0.000) ceres_iters=51 points=152
1780796258.062 [INSERT] skipped by motion filter pose=(-0.013, -0.002, -0.000)
1780796258.428 [SCAN_MATCH] success predict=(-0.012,-0.002,-0.000) matched=(-0.013,-0.002,-0.000) delta=(-0.001,0.000,-0.000) ceres_iters=51 points=152
1780796258.428 [INSERT] skipped by motion filter pose=(-0.013, -0.002, -0.000)
1780796258.561 [SCAN_MATCH] success predict=(-0.013,-0.002,-0.000) matched=(-0.013,-0.002,-0.000) delta=(-0.000,-0.000,0.000) ceres_iters=22 points=152
1780796258.561 [INSERT] skipped by motion filter pose=(-0.013, -0.002, -0.000)
1780796258.833 [SCAN_MATCH] success predict=(-0.014,-0.002,-0.000) matched=(-0.015,-0.002,-0.000) delta=(-0.000,-0.000,0.000) ceres_iters=40 points=152
1780796258.833 [INSERT] skipped by motion filter pose=(-0.015, -0.002, -0.000)
1780796259.001 [SCAN_MATCH] success predict=(-0.015,-0.002,0.000) matched=(-0.015,-0.003,0.000) delta=(0.000,-0.000,0.000) ceres_iters=28 points=152
1780796259.001 [INSERT] skipped by motion filter pose=(-0.015, -0.003, 0.000)
1780796259.279 [SCAN_MATCH] success predict=(-0.016,-0.003,0.000) matched=(-0.016,-0.003,0.000) delta=(0.001,-0.000,-0.000) ceres_iters=44 points=152
1780796259.279 [INSERT] skipped by motion filter pose=(-0.016, -0.003, 0.000)
1780796259.313 [SCAN_MATCH] success predict=(-0.015,-0.003,0.000) matched=(-0.015,-0.003,0.000) delta=(-0.000,-0.000,-0.000) ceres_iters=8 points=152
1780796259.313 [INSERT] skipped by motion filter pose=(-0.015, -0.003, 0.000)
1780796259.395 [SCAN_MATCH] success predict=(-0.014,-0.003,0.000) matched=(-0.014,-0.003,-0.000) delta=(-0.000,0.000,-0.000) ceres_iters=15 points=152
1780796259.395 [INSERT] skipped by motion filter pose=(-0.014, -0.003, -0.000)
1780796259.753 [SCAN_MATCH] success predict=(-0.013,-0.003,-0.000) matched=(-0.014,-0.003,-0.000) delta=(-0.000,0.000,-0.000) ceres_iters=51 points=152
1780796259.753 [INSERT] skipped by motion filter pose=(-0.014, -0.003, -0.000)
1780796259.870 [SCAN_MATCH] success predict=(-0.015,-0.003,-0.000) matched=(-0.015,-0.003,0.000) delta=(0.000,-0.000,0.000) ceres_iters=20 points=152
1780796259.870 [INSERT] skipped by motion filter pose=(-0.015, -0.003, 0.000)
1780796259.904 [SCAN_MATCH] success predict=(-0.015,-0.003,0.000) matched=(-0.015,-0.003,0.000) delta=(-0.000,-0.000,-0.000) ceres_iters=8 points=152
1780796259.904 [INSERT] skipped by motion filter pose=(-0.015, -0.003, 0.000)
1780796260.191 [SCAN_MATCH] success predict=(-0.014,-0.003,-0.000) matched=(-0.014,-0.003,-0.000) delta=(-0.000,0.000,-0.000) ceres_iters=41 points=152
1780796260.191 [INSERT] skipped by motion filter pose=(-0.014, -0.003, -0.000)
1780796260.357 [SCAN_MATCH] success predict=(-0.016,-0.003,0.000) matched=(-0.016,-0.003,0.000) delta=(0.000,-0.000,0.000) ceres_iters=28 points=152
1780796260.357 [INSERT] skipped by motion filter pose=(-0.016, -0.003, 0.000)
1780796260.392 [SCAN_MATCH] success predict=(-0.015,-0.003,0.000) matched=(-0.015,-0.003,0.000) delta=(-0.000,-0.000,-0.000) ceres_iters=8 points=152
1780796260.392 [INSERT] skipped by motion filter pose=(-0.015, -0.003, 0.000)
1780796260.426 [SCAN_MATCH] success predict=(-0.015,-0.003,0.000) matched=(-0.015,-0.003,0.000) delta=(-0.000,0.000,-0.000) ceres_iters=8 points=152
1780796260.426 [INSERT] skipped by motion filter pose=(-0.015, -0.003, 0.000)
1780796260.469 [SCAN_MATCH] success predict=(-0.015,-0.003,0.000) matched=(-0.015,-0.003,0.000) delta=(0.000,0.000,0.000) ceres_iters=9 points=152
1780796260.469 [INSERT] skipped by motion filter pose=(-0.015, -0.003, 0.000)
1780796260.793 [SCAN_MATCH] success predict=(-0.017,-0.003,0.000) matched=(-0.016,-0.003,0.000) delta=(0.001,-0.000,0.000) ceres_iters=51 points=152
1780796260.793 [INSERT] skipped by motion filter pose=(-0.016, -0.003, 0.000)
1780796260.937 [SCAN_MATCH] success predict=(-0.016,-0.003,0.000) matched=(-0.016,-0.003,0.000) delta=(0.000,0.000,-0.000) ceres_iters=25 points=152
1780796260.937 [INSERT] skipped by motion filter pose=(-0.016, -0.003, 0.000)
1780796261.193 [SCAN_MATCH] success predict=(-0.014,-0.003,0.000) matched=(-0.014,-0.003,-0.000) delta=(-0.000,0.000,-0.000) ceres_iters=41 points=152
1780796261.193 [INSERT] skipped by motion filter pose=(-0.014, -0.003, -0.000)
1780796261.228 [SCAN_MATCH] success predict=(-0.015,-0.003,0.000) matched=(-0.015,-0.003,0.000) delta=(-0.000,-0.000,-0.000) ceres_iters=8 points=152
1780796261.228 [INSERT] skipped by motion filter pose=(-0.015, -0.003, 0.000)
1780796261.270 [SCAN_MATCH] success predict=(-0.015,-0.003,-0.000) matched=(-0.015,-0.003,0.000) delta=(-0.000,0.000,0.000) ceres_iters=9 points=152
1780796261.270 [INSERT] skipped by motion filter pose=(-0.015, -0.003, 0.000)
1780796261.409 [SCAN_MATCH] success predict=(-0.014,-0.003,-0.000) matched=(-0.014,-0.003,-0.000) delta=(-0.000,0.000,0.000) ceres_iters=24 points=152
1780796261.409 [INSERT] skipped by motion filter pose=(-0.014, -0.003, -0.000)
1780796261.547 [SCAN_MATCH] success predict=(-0.015,-0.003,-0.000) matched=(-0.015,-0.003,0.000) delta=(0.000,-0.000,0.000) ceres_iters=22 points=152
1780796261.547 [INSERT] skipped by motion filter pose=(-0.015, -0.003, 0.000)
1780796261.682 [SCAN_MATCH] success predict=(-0.016,-0.003,0.000) matched=(-0.016,-0.003,0.000) delta=(0.000,-0.000,0.000) ceres_iters=23 points=152
1780796261.683 [INSERT] skipped by motion filter pose=(-0.016, -0.003, 0.000)
1780796261.867 [SCAN_MATCH] success predict=(-0.017,-0.003,0.000) matched=(-0.016,-0.003,0.000) delta=(0.001,-0.000,0.000) ceres_iters=29 points=152
1780796261.867 [INSERT] skipped by motion filter pose=(-0.016, -0.003, 0.000)
1780796262.062 [SCAN_MATCH] success predict=(-0.017,-0.003,0.000) matched=(-0.016,-0.003,0.000) delta=(0.000,-0.000,-0.000) ceres_iters=31 points=152
1780796262.062 [INSERT] skipped by motion filter pose=(-0.016, -0.003, 0.000)
1780796262.377 [SCAN_MATCH] success predict=(-0.017,-0.003,0.000) matched=(-0.016,-0.003,0.000) delta=(0.001,0.000,0.000) ceres_iters=50 points=152
1780796262.377 [INSERT] skipped by motion filter pose=(-0.016, -0.003, 0.000)
1780796262.691 [SCAN_MATCH] success predict=(-0.017,-0.003,0.000) matched=(-0.016,-0.003,0.000) delta=(0.001,-0.000,0.000) ceres_iters=51 points=152
1780796262.691 [INSERT] skipped by motion filter pose=(-0.016, -0.003, 0.000)
1780796262.792 [SCAN_MATCH] success predict=(-0.015,-0.003,0.000) matched=(-0.015,-0.003,0.000) delta=(0.000,0.000,-0.000) ceres_iters=18 points=152
1780796262.792 [INSERT] skipped by motion filter pose=(-0.015, -0.003, 0.000)
1780796262.897 [SCAN_MATCH] success predict=(-0.015,-0.003,0.000) matched=(-0.015,-0.003,0.000) delta=(0.000,0.000,-0.000) ceres_iters=18 points=152
1780796262.897 [INSERT] skipped by motion filter pose=(-0.015, -0.003, 0.000)
1780796262.980 [SCAN_MATCH] success predict=(-0.015,-0.003,0.000) matched=(-0.015,-0.003,0.000) delta=(0.000,0.000,-0.000) ceres_iters=15 points=152
1780796262.980 [INSERT] skipped by motion filter pose=(-0.015, -0.003, 0.000)
1780796263.023 [SCAN_MATCH] success predict=(-0.015,-0.003,0.000) matched=(-0.015,-0.003,0.000) delta=(0.000,0.000,0.000) ceres_iters=9 points=152
1780796263.023 [INSERT] skipped by motion filter pose=(-0.015, -0.003, 0.000)
1780796263.197 [SCAN_MATCH] success predict=(-0.014,-0.003,0.000) matched=(-0.014,-0.003,0.000) delta=(-0.000,0.000,-0.000) ceres_iters=29 points=152
1780796263.197 [INSERT] skipped by motion filter pose=(-0.014, -0.003, 0.000)
1780796263.332 [SCAN_MATCH] success predict=(-0.014,-0.003,-0.000) matched=(-0.014,-0.003,-0.000) delta=(-0.000,0.000,0.000) ceres_iters=23 points=152
1780796263.332 [INSERT] skipped by motion filter pose=(-0.014, -0.003, -0.000)
1780796263.422 [SCAN_MATCH] success predict=(-0.015,-0.003,-0.000) matched=(-0.015,-0.003,0.000) delta=(0.000,-0.000,0.000) ceres_iters=16 points=152
1780796263.422 [INSERT] skipped by motion filter pose=(-0.015, -0.003, 0.000)
1780796263.695 [SCAN_MATCH] success predict=(-0.016,-0.003,0.000) matched=(-0.016,-0.003,0.000) delta=(0.000,-0.000,0.000) ceres_iters=43 points=152
1780796263.695 [INSERT] skipped by motion filter pose=(-0.016, -0.003, 0.000)
1780796264.014 [SCAN_MATCH] success predict=(-0.018,-0.003,0.000) matched=(-0.017,-0.003,0.000) delta=(0.002,-0.000,0.000) ceres_iters=51 points=152
1780796264.014 [INSERT] skipped by motion filter pose=(-0.017, -0.003, 0.000)
1780796264.260 [SCAN_MATCH] success predict=(-0.016,-0.003,0.000) matched=(-0.016,-0.003,0.000) delta=(0.001,0.000,-0.000) ceres_iters=41 points=152
1780796264.260 [INSERT] skipped by motion filter pose=(-0.016, -0.003, 0.000)
1780796264.511 [SCAN_MATCH] success predict=(-0.016,-0.003,0.000) matched=(-0.016,-0.003,0.000) delta=(0.000,0.000,-0.000) ceres_iters=41 points=152
1780796264.511 [INSERT] skipped by motion filter pose=(-0.016, -0.003, 0.000)
1780796264.592 [SCAN_MATCH] success predict=(-0.015,-0.003,0.000) matched=(-0.015,-0.003,0.000) delta=(-0.000,0.000,-0.000) ceres_iters=15 points=152
1780796264.592 [INSERT] skipped by motion filter pose=(-0.015, -0.003, 0.000)
1780796264.733 [SCAN_MATCH] success predict=(-0.015,-0.003,0.000) matched=(-0.015,-0.003,0.000) delta=(-0.000,0.000,0.000) ceres_iters=23 points=152
1780796264.733 [INSERT] skipped by motion filter pose=(-0.015, -0.003, 0.000)
1780796264.976 [SCAN_MATCH] success predict=(-0.016,-0.003,0.000) matched=(-0.016,-0.003,0.000) delta=(0.001,-0.000,0.000) ceres_iters=40 points=152
1780796264.976 [INSERT] skipped by motion filter pose=(-0.016, -0.003, 0.000)
1780796265.043 [SCAN_MATCH] success predict=(-0.014,-0.003,0.000) matched=(-0.014,-0.003,-0.000) delta=(-0.000,0.000,-0.000) ceres_iters=12 points=152
1780796265.043 [INSERT] skipped by motion filter pose=(-0.014, -0.003, -0.000)
1780796265.323 [SCAN_MATCH] success predict=(-0.013,-0.003,-0.000) matched=(-0.014,-0.003,-0.000) delta=(-0.000,0.000,-0.000) ceres_iters=43 points=152
1780796265.323 [INSERT] skipped by motion filter pose=(-0.014, -0.003, -0.000)
1780796265.522 [SCAN_MATCH] success predict=(-0.013,-0.003,-0.000) matched=(-0.014,-0.002,-0.000) delta=(-0.001,0.000,-0.000) ceres_iters=32 points=152
1780796265.522 [INSERT] skipped by motion filter pose=(-0.014, -0.002, -0.000)
1780796265.622 [SCAN_MATCH] success predict=(-0.014,-0.002,-0.000) matched=(-0.014,-0.003,-0.000) delta=(-0.000,-0.000,0.000) ceres_iters=18 points=152
1780796265.622 [INSERT] skipped by motion filter pose=(-0.014, -0.003, -0.000)
1780796265.839 [SCAN_MATCH] success predict=(-0.014,-0.003,-0.000) matched=(-0.014,-0.003,-0.000) delta=(-0.000,-0.000,0.000) ceres_iters=33 points=152
1780796265.839 [INSERT] skipped by motion filter pose=(-0.014, -0.003, -0.000)
1780796265.986 [SCAN_MATCH] success predict=(-0.014,-0.003,-0.000) matched=(-0.014,-0.003,-0.000) delta=(-0.000,0.000,-0.000) ceres_iters=25 points=152
1780796265.986 [INSERT] skipped by motion filter pose=(-0.014, -0.003, -0.000)
1780796266.149 [SCAN_MATCH] success predict=(-0.012,-0.003,-0.000) matched=(-0.013,-0.002,-0.000) delta=(-0.001,0.000,-0.000) ceres_iters=27 points=152
1780796266.149 [INSERT] skipped by motion filter pose=(-0.013, -0.002, -0.000)
1780796266.488 [SCAN_MATCH] success predict=(-0.014,-0.002,-0.000) matched=(-0.014,-0.002,-0.000) delta=(-0.000,-0.000,0.000) ceres_iters=51 points=152
1780796266.488 [INSERT] skipped by motion filter pose=(-0.014, -0.002, -0.000)
1780796266.770 [SCAN_MATCH] success predict=(-0.012,-0.002,-0.000) matched=(-0.013,-0.002,-0.000) delta=(-0.001,0.000,0.000) ceres_iters=44 points=152
1780796266.770 [INSERT] skipped by motion filter pose=(-0.013, -0.002, -0.000)
1780796266.983 [SCAN_MATCH] success predict=(-0.013,-0.002,-0.000) matched=(-0.014,-0.002,-0.000) delta=(-0.000,-0.000,0.000) ceres_iters=35 points=152
1780796266.983 [INSERT] skipped by motion filter pose=(-0.014, -0.002, -0.000)
1780796267.215 [SCAN_MATCH] success predict=(-0.013,-0.002,-0.000) matched=(-0.014,-0.002,-0.000) delta=(-0.000,-0.000,-0.000) ceres_iters=38 points=152
1780796267.215 [INSERT] skipped by motion filter pose=(-0.014, -0.002, -0.000)
1780796267.534 [SCAN_MATCH] success predict=(-0.013,-0.002,-0.000) matched=(-0.013,-0.002,-0.000) delta=(-0.001,0.000,0.000) ceres_iters=51 points=152
1780796267.534 [INSERT] skipped by motion filter pose=(-0.013, -0.002, -0.000)
1780796267.723 [SCAN_MATCH] success predict=(-0.016,-0.002,-0.000) matched=(-0.015,-0.003,0.000) delta=(0.000,-0.000,0.000) ceres_iters=30 points=152
1780796267.723 [INSERT] skipped by motion filter pose=(-0.015, -0.003, 0.000)
1780796268.067 [SCAN_MATCH] success predict=(-0.017,-0.003,0.000) matched=(-0.016,-0.003,0.000) delta=(0.001,-0.000,0.000) ceres_iters=51 points=152
1780796268.067 [INSERT] skipped by motion filter pose=(-0.016, -0.003, 0.000)
1780796268.386 [SCAN_MATCH] success predict=(-0.016,-0.003,0.000) matched=(-0.015,-0.003,0.000) delta=(0.000,0.000,-0.000) ceres_iters=45 points=152
1780796268.386 [INSERT] skipped by motion filter pose=(-0.015, -0.003, 0.000)
1780796268.429 [SCAN_MATCH] success predict=(-0.015,-0.003,0.000) matched=(-0.015,-0.003,0.000) delta=(0.000,0.000,-0.000) ceres_iters=9 points=152
1780796268.429 [INSERT] skipped by motion filter pose=(-0.015, -0.003, 0.000)
1780796268.502 [SCAN_MATCH] success predict=(-0.015,-0.003,0.000) matched=(-0.015,-0.003,0.000) delta=(-0.000,0.000,-0.000) ceres_iters=14 points=152
1780796268.502 [INSERT] skipped by motion filter pose=(-0.015, -0.003, 0.000)
1780796268.710 [SCAN_MATCH] success predict=(-0.014,-0.003,0.000) matched=(-0.014,-0.003,-0.000) delta=(-0.000,0.000,-0.000) ceres_iters=32 points=152
1780796268.710 [INSERT] skipped by motion filter pose=(-0.014, -0.003, -0.000)
1780796268.916 [SCAN_MATCH] success predict=(-0.014,-0.003,0.000) matched=(-0.014,-0.003,-0.000) delta=(-0.000,0.000,-0.000) ceres_iters=30 points=152
1780796268.916 [INSERT] skipped by motion filter pose=(-0.014, -0.003, -0.000)
1780796269.101 [SCAN_MATCH] success predict=(-0.014,-0.003,-0.000) matched=(-0.014,-0.003,-0.000) delta=(-0.000,0.000,0.000) ceres_iters=30 points=152
1780796269.101 [INSERT] skipped by motion filter pose=(-0.014, -0.003, -0.000)
1780796269.214 [SCAN_MATCH] success predict=(-0.016,-0.003,-0.000) matched=(-0.015,-0.003,0.000) delta=(0.000,-0.000,0.000) ceres_iters=19 points=152
1780796269.214 [INSERT] skipped by motion filter pose=(-0.015, -0.003, 0.000)
1780796269.559 [SCAN_MATCH] success predict=(-0.016,-0.003,0.000) matched=(-0.016,-0.003,0.000) delta=(0.001,-0.000,0.000) ceres_iters=51 points=152
1780796269.560 [INSERT] skipped by motion filter pose=(-0.016, -0.003, 0.000)
1780796269.772 [SCAN_MATCH] success predict=(-0.016,-0.003,0.000) matched=(-0.016,-0.003,0.000) delta=(0.001,-0.000,0.000) ceres_iters=35 points=152
1780796269.772 [INSERT] skipped by motion filter pose=(-0.016, -0.003, 0.000)
1780796269.857 [SCAN_MATCH] success predict=(-0.014,-0.003,0.000) matched=(-0.014,-0.003,-0.000) delta=(-0.000,0.000,-0.000) ceres_iters=15 points=152
1780796269.857 [INSERT] skipped by motion filter pose=(-0.014, -0.003, -0.000)
1780796269.900 [SCAN_MATCH] success predict=(-0.015,-0.003,0.000) matched=(-0.015,-0.003,0.000) delta=(0.000,0.000,0.000) ceres_iters=9 points=152
1780796269.900 [INSERT] skipped by motion filter pose=(-0.015, -0.003, 0.000)
1780796270.058 [SCAN_MATCH] success predict=(-0.016,-0.003,0.000) matched=(-0.016,-0.003,0.000) delta=(0.000,-0.000,0.000) ceres_iters=27 points=152
1780796270.058 [INSERT] skipped by motion filter pose=(-0.016, -0.003, 0.000)
1780796270.204 [SCAN_MATCH] success predict=(-0.015,-0.003,0.000) matched=(-0.015,-0.003,0.000) delta=(-0.000,0.000,-0.000) ceres_iters=23 points=152
1780796270.204 [INSERT] skipped by motion filter pose=(-0.015, -0.003, 0.000)
1780796270.370 [SCAN_MATCH] success predict=(-0.014,-0.003,0.000) matched=(-0.014,-0.003,-0.000) delta=(-0.000,0.000,-0.000) ceres_iters=28 points=152
1780796270.370 [INSERT] skipped by motion filter pose=(-0.014, -0.003, -0.000)
1780796270.509 [SCAN_MATCH] success predict=(-0.014,-0.003,-0.000) matched=(-0.014,-0.003,-0.000) delta=(-0.000,0.000,0.000) ceres_iters=24 points=152
1780796270.509 [INSERT] skipped by motion filter pose=(-0.014, -0.003, -0.000)
1780796270.647 [SCAN_MATCH] success predict=(-0.014,-0.003,-0.000) matched=(-0.014,-0.003,-0.000) delta=(-0.000,0.000,0.000) ceres_iters=24 points=152
1780796270.648 [INSERT] skipped by motion filter pose=(-0.014, -0.003, -0.000)
1780796270.745 [SCAN_MATCH] success predict=(-0.014,-0.003,-0.000) matched=(-0.014,-0.003,-0.000) delta=(-0.000,-0.000,0.000) ceres_iters=17 points=152
1780796270.745 [INSERT] skipped by motion filter pose=(-0.014, -0.003, -0.000)
1780796271.058 [SCAN_MATCH] success predict=(-0.013,-0.003,-0.000) matched=(-0.014,-0.002,-0.000) delta=(-0.001,0.000,-0.000) ceres_iters=50 points=152
1780796271.059 [INSERT] skipped by motion filter pose=(-0.014, -0.002, -0.000)
1780796271.059 [OPTIMIZE] trigger periodic global optimization and map publish
1780796271.059 [OPTIMIZE] RunOptimization start: loop_candidates=0 constraints=1
1780796271.059 [SPA] Ceres CONVERGED initial_cost=0.000000 final_cost=0.000000 iterations=1 constraints=1 submaps=1 nodes=1
1780796271.059 [OPTIMIZE] SPA done: loop_accepted=0/0 constraints=1 nodes=1 first_pose=(-0.000,0.000,-0.000) last_pose=(-0.000,0.000,-0.000)
1780796271.059 [OPTIMIZE] finished: nodes=1 submaps=1 constraints 1->1 (global=0)
1780796271.059 [MAP_PUB] published /semantic_map with 152 points (filtered=152)
1780796271.059 [MAP_SAVE] optimization_latest saved 152 points to /home/xhd/catkin_ws/src/AVP_SLAM_ROS/output/semantic_map_final_latest.pcd
1780796271.408 [SCAN_MATCH] success predict=(-0.012,-0.002,-0.000) matched=(-0.013,-0.002,-0.000) delta=(-0.001,0.000,-0.000) ceres_iters=51 points=152
1780796271.408 [INSERT] skipped by motion filter pose=(-0.013, -0.002, -0.000)
1780796271.753 [SCAN_MATCH] success predict=(-0.013,-0.002,-0.000) matched=(-0.014,-0.002,-0.000) delta=(-0.001,-0.000,0.000) ceres_iters=51 points=152
1780796271.754 [INSERT] skipped by motion filter pose=(-0.014, -0.002, -0.000)
1780796271.835 [SCAN_MATCH] success predict=(-0.015,-0.002,-0.000) matched=(-0.015,-0.002,0.000) delta=(0.000,-0.000,0.000) ceres_iters=15 points=152
1780796271.835 [INSERT] skipped by motion filter pose=(-0.015, -0.002, 0.000)
1780796272.110 [SCAN_MATCH] success predict=(-0.012,-0.002,0.000) matched=(-0.013,-0.002,-0.000) delta=(-0.001,0.000,-0.000) ceres_iters=44 points=152
1780796272.110 [INSERT] skipped by motion filter pose=(-0.013, -0.002, -0.000)
1780796272.355 [SCAN_MATCH] success predict=(-0.014,-0.002,-0.000) matched=(-0.014,-0.002,-0.000) delta=(-0.000,-0.000,0.000) ceres_iters=39 points=152
1780796272.355 [INSERT] skipped by motion filter pose=(-0.014, -0.002, -0.000)
1780796272.630 [SCAN_MATCH] success predict=(-0.014,-0.002,-0.000) matched=(-0.014,-0.003,-0.000) delta=(-0.000,-0.000,0.000) ceres_iters=42 points=152
1780796272.630 [INSERT] skipped by motion filter pose=(-0.014, -0.003, -0.000)
1780796272.703 [SCAN_MATCH] success predict=(-0.015,-0.003,-0.000) matched=(-0.015,-0.003,0.000) delta=(-0.000,-0.000,0.000) ceres_iters=14 points=152
1780796272.703 [INSERT] skipped by motion filter pose=(-0.015, -0.003, 0.000)
1780796272.967 [SCAN_MATCH] success predict=(-0.017,-0.003,0.000) matched=(-0.016,-0.003,0.000) delta=(0.001,-0.000,0.000) ceres_iters=42 points=152
1780796272.967 [INSERT] skipped by motion filter pose=(-0.016, -0.003, 0.000)
1780796273.018 [SCAN_MATCH] success predict=(-0.015,-0.003,0.000) matched=(-0.015,-0.003,0.000) delta=(-0.000,0.000,-0.000) ceres_iters=10 points=152
1780796273.018 [INSERT] skipped by motion filter pose=(-0.015, -0.003, 0.000)
1780796273.304 [SCAN_MATCH] success predict=(-0.014,-0.003,0.000) matched=(-0.014,-0.003,-0.000) delta=(-0.000,0.000,-0.000) ceres_iters=44 points=152
1780796273.304 [INSERT] skipped by motion filter pose=(-0.014, -0.003, -0.000)
1780796273.571 [SCAN_MATCH] success predict=(-0.016,-0.003,0.000) matched=(-0.016,-0.003,0.000) delta=(0.001,-0.000,0.000) ceres_iters=43 points=152
1780796273.571 [INSERT] skipped by motion filter pose=(-0.016, -0.003, 0.000)
1780796273.704 [SCAN_MATCH] success predict=(-0.015,-0.003,0.000) matched=(-0.015,-0.003,0.000) delta=(0.000,0.000,-0.000) ceres_iters=22 points=152
1780796273.704 [INSERT] skipped by motion filter pose=(-0.015, -0.003, 0.000)
1780796274.016 [SCAN_MATCH] success predict=(-0.016,-0.003,0.000) matched=(-0.016,-0.003,0.000) delta=(0.001,-0.000,0.000) ceres_iters=46 points=152
1780796274.016 [INSERT] skipped by motion filter pose=(-0.016, -0.003, 0.000)
1780796274.194 [SCAN_MATCH] success predict=(-0.015,-0.003,0.000) matched=(-0.015,-0.003,0.000) delta=(-0.000,0.000,-0.000) ceres_iters=27 points=152
1780796274.195 [INSERT] skipped by motion filter pose=(-0.015, -0.003, 0.000)
1780796274.237 [SCAN_MATCH] success predict=(-0.015,-0.003,-0.000) matched=(-0.015,-0.003,0.000) delta=(0.000,0.000,0.000) ceres_iters=9 points=152
1780796274.237 [INSERT] skipped by motion filter pose=(-0.015, -0.003, 0.000)
1780796274.416 [SCAN_MATCH] success predict=(-0.016,-0.003,0.000) matched=(-0.016,-0.003,0.000) delta=(0.000,-0.000,0.000) ceres_iters=29 points=152
1780796274.416 [INSERT] skipped by motion filter pose=(-0.016, -0.003, 0.000)
1780796274.497 [SCAN_MATCH] success predict=(-0.014,-0.003,0.000) matched=(-0.014,-0.003,-0.000) delta=(-0.000,0.000,-0.000) ceres_iters=15 points=152
1780796274.498 [INSERT] skipped by motion filter pose=(-0.014, -0.003, -0.000)
1780796274.837 [SCAN_MATCH] success predict=(-0.012,-0.003,0.000) matched=(-0.013,-0.002,-0.000) delta=(-0.001,0.000,-0.000) ceres_iters=51 points=152
1780796274.837 [INSERT] skipped by motion filter pose=(-0.013, -0.002, -0.000)
1780796275.087 [SCAN_MATCH] success predict=(-0.014,-0.002,-0.000) matched=(-0.014,-0.002,-0.000) delta=(-0.000,-0.000,0.000) ceres_iters=39 points=152
1780796275.087 [INSERT] skipped by motion filter pose=(-0.014, -0.002, -0.000)
1780796275.242 [SCAN_MATCH] success predict=(-0.015,-0.002,-0.000) matched=(-0.015,-0.003,0.000) delta=(0.000,-0.000,0.000) ceres_iters=26 points=152
1780796275.242 [INSERT] skipped by motion filter pose=(-0.015, -0.003, 0.000)
1780796275.493 [SCAN_MATCH] success predict=(-0.013,-0.003,0.000) matched=(-0.014,-0.003,-0.000) delta=(-0.001,0.000,-0.000) ceres_iters=41 points=152
1780796275.493 [INSERT] skipped by motion filter pose=(-0.014, -0.003, -0.000)
1780796275.582 [SCAN_MATCH] success predict=(-0.015,-0.003,-0.000) matched=(-0.015,-0.003,0.000) delta=(0.000,-0.000,0.000) ceres_iters=16 points=152
1780796275.582 [INSERT] skipped by motion filter pose=(-0.015, -0.003, 0.000)
1780796275.868 [SCAN_MATCH] success predict=(-0.016,-0.003,0.000) matched=(-0.016,-0.003,0.000) delta=(0.001,-0.000,0.000) ceres_iters=46 points=152
1780796275.868 [INSERT] skipped by motion filter pose=(-0.016, -0.003, 0.000)
1780796276.233 [SCAN_MATCH] success predict=(-0.019,-0.003,0.000) matched=(-0.017,-0.003,0.001) delta=(0.002,-0.000,0.000) ceres_iters=51 points=152
1780796276.233 [INSERT] skipped by motion filter pose=(-0.017, -0.003, 0.001)
1780796276.573 [SCAN_MATCH] success predict=(-0.018,-0.003,0.001) matched=(-0.017,-0.003,0.000) delta=(0.001,-0.000,-0.000) ceres_iters=51 points=152
1780796276.573 [INSERT] skipped by motion filter pose=(-0.017, -0.003, 0.000)
1780796276.893 [SCAN_MATCH] success predict=(-0.017,-0.003,0.000) matched=(-0.016,-0.003,0.000) delta=(0.001,0.000,0.000) ceres_iters=51 points=152
1780796276.893 [INSERT] skipped by motion filter pose=(-0.016, -0.003, 0.000)
1780796277.134 [SCAN_MATCH] success predict=(-0.015,-0.003,0.000) matched=(-0.015,-0.003,0.000) delta=(-0.000,0.000,-0.000) ceres_iters=34 points=152
1780796277.134 [INSERT] skipped by motion filter pose=(-0.015, -0.003, 0.000)
1780796277.404 [SCAN_MATCH] success predict=(-0.015,-0.003,0.000) matched=(-0.010,-0.004,0.001) delta=(0.005,-0.001,0.001) ceres_iters=42 points=152
1780796277.404 [INSERT] skipped by motion filter pose=(-0.010, -0.004, 0.001)
1780796277.587 [SCAN_MATCH] success predict=(0.031,-0.004,0.002) matched=(0.038,-0.004,0.001) delta=(0.007,-0.000,-0.000) ceres_iters=28 points=156
1780796277.588 [INSERT] skipped by motion filter pose=(0.038, -0.004, 0.001)
1780796277.738 [SCAN_MATCH] success predict=(0.098,-0.004,0.002) matched=(0.096,-0.003,-0.000) delta=(-0.002,0.001,-0.002) ceres_iters=24 points=154
1780796277.738 [INSERT] skipped by motion filter pose=(0.096, -0.003, -0.000)
1780796277.985 [SCAN_MATCH] success predict=(0.136,-0.003,0.000) matched=(0.140,-0.003,0.001) delta=(0.004,-0.001,0.000) ceres_iters=33 points=159
1780796277.985 [INSERT] skipped by motion filter pose=(0.140, -0.003, 0.001)
1780796278.139 [SCAN_MATCH] success predict=(0.203,-0.003,0.003) matched=(0.198,-0.002,-0.001) delta=(-0.005,0.001,-0.003) ceres_iters=23 points=155
1780796278.139 [INSERT] skipped by motion filter pose=(0.198, -0.002, -0.001)
1780796278.462 [SCAN_MATCH] success predict=(0.239,-0.002,-0.001) matched=(0.241,-0.003,0.001) delta=(0.002,-0.001,0.002) ceres_iters=35 points=164
1780796278.464 [INSERT] inserted pose=(0.241, -0.003, 0.001) submaps=1 points=164
1780796278.464 [NODE] added node_id=1 local_pose=(0.241, -0.003, 0.001) submaps=1 newly_finished_submap=0
1780796278.717 [SCAN_MATCH] success predict=(0.304,-0.003,0.001) matched=(0.299,-0.002,-0.001) delta=(-0.005,0.001,-0.002) ceres_iters=36 points=163
1780796278.717 [INSERT] skipped by motion filter pose=(0.299, -0.002, -0.001)
1780796278.926 [SCAN_MATCH] success predict=(0.337,-0.002,-0.002) matched=(0.347,-0.004,0.002) delta=(0.009,-0.002,0.004) ceres_iters=28 points=169
1780796278.926 [INSERT] skipped by motion filter pose=(0.347, -0.004, 0.002)
1780796279.211 [SCAN_MATCH] success predict=(0.405,-0.003,0.003) matched=(0.399,-0.002,-0.001) delta=(-0.006,0.001,-0.004) ceres_iters=37 points=167
1780796279.211 [INSERT] skipped by motion filter pose=(0.399, -0.002, -0.001)
1780796279.379 [SCAN_MATCH] success predict=(0.441,-0.002,-0.001) matched=(0.443,-0.003,0.000) delta=(0.001,-0.001,0.002) ceres_iters=25 points=174
1780796279.380 [INSERT] inserted pose=(0.443, -0.003, 0.000) submaps=1 points=174
1780796279.380 [NODE] added node_id=2 local_pose=(0.443, -0.003, 0.000) submaps=1 newly_finished_submap=0
1780796279.722 [SCAN_MATCH] success predict=(0.507,-0.003,0.001) matched=(0.500,-0.002,-0.001) delta=(-0.007,0.001,-0.002) ceres_iters=45 points=171
1780796279.722 [INSERT] skipped by motion filter pose=(0.500, -0.002, -0.001)
1780796280.008 [SCAN_MATCH] success predict=(0.540,-0.002,-0.002) matched=(0.542,-0.003,0.000) delta=(0.002,-0.001,0.002) ceres_iters=40 points=179
1780796280.008 [INSERT] skipped by motion filter pose=(0.542, -0.003, 0.000)
1780796280.329 [SCAN_MATCH] success predict=(0.606,-0.003,0.001) matched=(0.600,-0.002,-0.001) delta=(-0.006,0.001,-0.001) ceres_iters=44 points=174
1780796280.329 [INSERT] skipped by motion filter pose=(0.600, -0.002, -0.001)
1780796280.754 [SCAN_MATCH] success predict=(0.640,-0.002,-0.003) matched=(0.643,-0.003,0.000) delta=(0.003,-0.001,0.003) ceres_iters=51 points=182
1780796280.754 [INSERT] skipped by motion filter pose=(0.643, -0.003, 0.000)
1780796281.157 [SCAN_MATCH] success predict=(0.705,-0.003,-0.001) matched=(0.700,-0.002,-0.001) delta=(-0.005,0.001,0.000) ceres_iters=50 points=178
1780796281.158 [INSERT] inserted pose=(0.700, -0.002, -0.001) submaps=1 points=178
1780796281.158 [NODE] added node_id=3 local_pose=(0.700, -0.002, -0.001) submaps=1 newly_finished_submap=0
1780796281.431 [SCAN_MATCH] success predict=(0.739,-0.002,-0.003) matched=(0.742,-0.003,0.000) delta=(0.002,-0.001,0.003) ceres_iters=37 points=186
1780796281.431 [INSERT] skipped by motion filter pose=(0.742, -0.003, 0.000)
1780796281.807 [SCAN_MATCH] success predict=(0.801,-0.003,-0.000) matched=(0.797,-0.002,-0.000) delta=(-0.004,0.001,-0.000) ceres_iters=51 points=182
1780796281.807 [INSERT] skipped by motion filter pose=(0.797, -0.002, -0.000)
1780796282.222 [SCAN_MATCH] success predict=(0.847,-0.002,0.003) matched=(0.845,-0.003,-0.000) delta=(-0.002,-0.000,-0.003) ceres_iters=51 points=186
1780796282.222 [INSERT] skipped by motion filter pose=(0.845, -0.003, -0.000)
1780796282.483 [SCAN_MATCH] success predict=(0.907,-0.003,0.002) matched=(0.905,-0.003,-0.000) delta=(-0.002,0.000,-0.002) ceres_iters=36 points=184
1780796282.484 [INSERT] inserted pose=(0.905, -0.003, -0.000) submaps=1 points=184
1780796282.484 [NODE] added node_id=4 local_pose=(0.905, -0.003, -0.000) submaps=1 newly_finished_submap=0
1780796282.885 [SCAN_MATCH] success predict=(0.956,-0.003,-0.002) matched=(0.949,-0.002,-0.001) delta=(-0.007,0.001,0.002) ceres_iters=44 points=187
1780796282.885 [INSERT] skipped by motion filter pose=(0.949, -0.002, -0.001)
1780796283.194 [SCAN_MATCH] success predict=(0.990,-0.002,-0.002) matched=(0.998,-0.004,0.001) delta=(0.007,-0.002,0.003) ceres_iters=35 points=188
1780796283.194 [INSERT] skipped by motion filter pose=(0.998, -0.004, 0.001)
1780796283.580 [SCAN_MATCH] success predict=(1.039,-0.004,-0.001) matched=(1.042,-0.003,0.001) delta=(0.003,0.000,0.001) ceres_iters=46 points=191
1780796283.580 [INSERT] skipped by motion filter pose=(1.042, -0.003, 0.001)
1780796283.953 [SCAN_MATCH] success predict=(1.111,-0.004,0.002) matched=(1.107,-0.003,-0.000) delta=(-0.004,0.001,-0.002) ceres_iters=44 points=192
1780796283.954 [INSERT] inserted pose=(1.107, -0.003, -0.000) submaps=1 points=192
1780796283.954 [NODE] added node_id=5 local_pose=(1.107, -0.003, -0.000) submaps=1 newly_finished_submap=0
1780796284.155 [SCAN_MATCH] success predict=(1.137,-0.003,0.001) matched=(1.146,-0.004,0.001) delta=(0.009,-0.001,0.000) ceres_iters=23 points=196
1780796284.155 [INSERT] skipped by motion filter pose=(1.146, -0.004, 0.001)
1780796284.466 [SCAN_MATCH] success predict=(1.213,-0.004,0.002) matched=(1.203,-0.002,-0.001) delta=(-0.011,0.002,-0.003) ceres_iters=36 points=192
1780796284.466 [INSERT] skipped by motion filter pose=(1.203, -0.002, -0.001)
1780796284.721 [SCAN_MATCH] success predict=(1.244,-0.002,-0.000) matched=(1.244,-0.002,0.000) delta=(0.001,-0.001,0.000) ceres_iters=31 points=197
1780796284.721 [INSERT] skipped by motion filter pose=(1.244, -0.002, 0.000)
1780796285.047 [SCAN_MATCH] success predict=(1.295,-0.002,0.001) matched=(1.299,-0.003,0.001) delta=(0.004,-0.001,0.000) ceres_iters=35 points=195
1780796285.047 [INSERT] skipped by motion filter pose=(1.299, -0.003, 0.001)
1780796285.163 [SCAN_MATCH] success predict=(1.379,-0.003,0.003) matched=(1.403,-0.005,0.003) delta=(0.025,-0.002,0.000) ceres_iters=14 points=200
1780796285.164 [INSERT] inserted pose=(1.403, -0.005, 0.003) submaps=1 points=200
1780796285.164 [NODE] added node_id=6 local_pose=(1.403, -0.005, 0.003) submaps=1 newly_finished_submap=0
1780796285.413 [SCAN_MATCH] success predict=(1.527,-0.004,0.005) matched=(1.516,-0.001,-0.001) delta=(-0.011,0.003,-0.007) ceres_iters=27 points=201
1780796285.413 [INSERT] skipped by motion filter pose=(1.516, -0.001, -0.001)
1780796285.627 [SCAN_MATCH] success predict=(1.636,-0.001,0.000) matched=(1.621,-0.000,-0.002) delta=(-0.015,0.001,-0.002) ceres_iters=23 points=202
1780796285.628 [INSERT] inserted pose=(1.621, -0.000, -0.002) submaps=1 points=202
1780796285.628 [NODE] added node_id=7 local_pose=(1.621, -0.000, -0.002) submaps=1 newly_finished_submap=0
1780796285.981 [SCAN_MATCH] success predict=(1.700,0.000,-0.003) matched=(1.702,-0.002,0.000) delta=(0.003,-0.003,0.003) ceres_iters=42 points=203
1780796285.981 [INSERT] skipped by motion filter pose=(1.702, -0.002, 0.000)
1780796286.166 [SCAN_MATCH] success predict=(1.783,-0.002,-0.001) matched=(1.793,-0.004,0.001) delta=(0.011,-0.003,0.002) ceres_iters=22 points=204
1780796286.166 [INSERT] skipped by motion filter pose=(1.793, -0.004, 0.001)
1780796286.656 [SCAN_MATCH] success predict=(1.909,-0.004,-0.000) matched=(1.907,-0.003,-0.000) delta=(-0.002,0.001,0.000) ceres_iters=51 points=206
1780796286.656 [INSERT] inserted pose=(1.907, -0.003, -0.000) submaps=1 points=206
1780796286.656 [NODE] added node_id=8 local_pose=(1.907, -0.003, -0.000) submaps=1 newly_finished_submap=0
1780796286.903 [SCAN_MATCH] success predict=(1.987,-0.002,-0.001) matched=(1.995,-0.004,0.001) delta=(0.008,-0.002,0.002) ceres_iters=26 points=210
1780796286.903 [INSERT] skipped by motion filter pose=(1.995, -0.004, 0.001)
1780796287.347 [SCAN_MATCH] success predict=(2.114,-0.004,-0.002) matched=(2.110,-0.002,-0.001) delta=(-0.005,0.002,0.001) ceres_iters=42 points=214
1780796287.348 [INSERT] inserted pose=(2.110, -0.002, -0.001) submaps=1 points=214
1780796287.348 [NODE] added node_id=9 local_pose=(2.110, -0.002, -0.001) submaps=1 newly_finished_submap=0
1780796287.595 [SCAN_MATCH] success predict=(2.194,-0.003,-0.002) matched=(2.199,-0.004,0.001) delta=(0.005,-0.001,0.003) ceres_iters=24 points=221
1780796287.595 [INSERT] skipped by motion filter pose=(2.199, -0.004, 0.001)
1780796287.827 [SCAN_MATCH] success predict=(2.322,-0.004,0.004) matched=(2.313,-0.001,-0.001) delta=(-0.008,0.002,-0.005) ceres_iters=23 points=225
1780796287.827 [INSERT] inserted pose=(2.313, -0.001, -0.001) submaps=1 points=225
1780796287.828 [NODE] added node_id=10 local_pose=(2.313, -0.001, -0.001) submaps=1 newly_finished_submap=0
1780796288.119 [SCAN_MATCH] success predict=(2.395,-0.001,-0.002) matched=(2.399,-0.003,0.001) delta=(0.004,-0.002,0.003) ceres_iters=29 points=228
1780796288.120 [INSERT] skipped by motion filter pose=(2.399, -0.003, 0.001)
1780796288.394 [SCAN_MATCH] success predict=(2.518,-0.003,0.001) matched=(2.511,-0.001,-0.001) delta=(-0.006,0.001,-0.002) ceres_iters=26 points=231
1780796288.394 [INSERT] skipped by motion filter pose=(2.511, -0.001, -0.001)
1780796288.669 [SCAN_MATCH] success predict=(2.609,-0.001,-0.001) matched=(2.607,-0.002,-0.000) delta=(-0.002,-0.000,0.000) ceres_iters=30 points=236
1780796288.670 [INSERT] inserted pose=(2.607, -0.002, -0.000) submaps=1 points=236
1780796288.670 [NODE] added node_id=11 local_pose=(2.607, -0.002, -0.000) submaps=1 newly_finished_submap=0
1780796288.848 [SCAN_MATCH] success predict=(2.729,-0.002,-0.001) matched=(2.717,-0.000,-0.002) delta=(-0.012,0.002,-0.001) ceres_iters=17 points=238
1780796288.848 [INSERT] skipped by motion filter pose=(2.717, -0.000, -0.002)
1780796289.018 [SCAN_MATCH] success predict=(2.777,-0.000,-0.001) matched=(2.803,-0.005,0.003) delta=(0.026,-0.005,0.004) ceres_iters=17 points=245
1780796289.018 [INSERT] skipped by motion filter pose=(2.803, -0.005, 0.003)
1780796289.223 [SCAN_MATCH] success predict=(2.920,-0.005,-0.002) matched=(2.912,-0.002,-0.001) delta=(-0.008,0.003,0.001) ceres_iters=19 points=244
1780796289.224 [INSERT] inserted pose=(2.912, -0.002, -0.001) submaps=1 points=244
1780796289.224 [NODE] added node_id=12 local_pose=(2.912, -0.002, -0.001) submaps=1 newly_finished_submap=0
1780796289.461 [SCAN_MATCH] success predict=(2.994,-0.002,0.001) matched=(2.999,-0.004,0.001) delta=(0.005,-0.001,-0.000) ceres_iters=25 points=245
1780796289.461 [INSERT] skipped by motion filter pose=(2.999, -0.004, 0.001)
1780796289.768 [SCAN_MATCH] success predict=(3.118,-0.004,-0.002) matched=(3.111,-0.002,-0.001) delta=(-0.007,0.002,0.001) ceres_iters=30 points=249
1780796289.769 [INSERT] skipped by motion filter pose=(3.111, -0.002, -0.001)
1780796290.036 [SCAN_MATCH] success predict=(3.189,-0.002,-0.001) matched=(3.196,-0.004,0.001) delta=(0.007,-0.002,0.002) ceres_iters=24 points=252
1780796290.037 [INSERT] inserted pose=(3.196, -0.004, 0.001) submaps=1 points=252
1780796290.037 [NODE] added node_id=13 local_pose=(3.196, -0.004, 0.001) submaps=1 newly_finished_submap=0
1780796290.422 [SCAN_MATCH] success predict=(3.318,-0.004,0.004) matched=(3.311,-0.002,0.003) delta=(-0.007,0.002,-0.001) ceres_iters=33 points=252
1780796290.422 [INSERT] skipped by motion filter pose=(3.311, -0.002, 0.003)
1780796290.764 [SCAN_MATCH] success predict=(3.414,-0.001,0.021) matched=(3.409,-0.001,0.020) delta=(-0.005,0.001,-0.001) ceres_iters=30 points=253
1780796290.765 [INSERT] inserted pose=(3.409, -0.001, 0.020) submaps=1 points=253
1780796290.765 [NODE] added node_id=14 local_pose=(3.409, -0.001, 0.020) submaps=1 newly_finished_submap=0
1780796291.179 [SCAN_MATCH] success predict=(3.529,0.002,0.028) matched=(3.527,0.002,0.030) delta=(-0.002,0.000,0.002) ceres_iters=40 points=251
1780796291.179 [INSERT] skipped by motion filter pose=(3.527, 0.002, 0.030)
1780796291.550 [SCAN_MATCH] success predict=(3.609,0.004,0.032) matched=(3.607,0.005,0.030) delta=(-0.002,0.000,-0.002) ceres_iters=36 points=253
1780796291.550 [INSERT] skipped by motion filter pose=(3.607, 0.005, 0.030)
1780796291.901 [SCAN_MATCH] success predict=(3.728,0.008,0.031) matched=(3.726,0.008,0.030) delta=(-0.002,0.000,-0.001) ceres_iters=33 points=251
1780796291.902 [INSERT] inserted pose=(3.726, 0.008, 0.030) submaps=1 points=251
1780796291.902 [NODE] added node_id=15 local_pose=(3.726, 0.008, 0.030) submaps=1 newly_finished_submap=0
1780796292.144 [SCAN_MATCH] success predict=(3.786,0.010,0.031) matched=(3.795,0.009,0.032) delta=(0.009,-0.001,0.001) ceres_iters=21 points=251
1780796292.145 [INSERT] skipped by motion filter pose=(3.795, 0.009, 0.032)
1780796292.520 [SCAN_MATCH] success predict=(3.914,0.012,0.031) matched=(3.910,0.014,0.030) delta=(-0.005,0.002,-0.001) ceres_iters=31 points=250
1780796292.520 [INSERT] skipped by motion filter pose=(3.910, 0.014, 0.030)
1780796292.763 [SCAN_MATCH] success predict=(3.990,0.016,0.024) matched=(3.996,0.015,0.032) delta=(0.007,-0.001,0.008) ceres_iters=22 points=252
1780796292.764 [INSERT] inserted pose=(3.996, 0.015, 0.032) submaps=1 points=252
1780796292.764 [NODE] added node_id=16 local_pose=(3.996, 0.015, 0.032) submaps=1 newly_finished_submap=0
1780796293.125 [SCAN_MATCH] success predict=(4.115,0.018,0.033) matched=(4.110,0.020,0.030) delta=(-0.005,0.002,-0.003) ceres_iters=30 points=249
1780796293.125 [INSERT] skipped by motion filter pose=(4.110, 0.020, 0.030)
1780796293.369 [SCAN_MATCH] success predict=(4.187,0.021,0.030) matched=(4.195,0.021,0.032) delta=(0.008,-0.000,0.002) ceres_iters=23 points=248
1780796293.369 [INSERT] skipped by motion filter pose=(4.195, 0.021, 0.032)
1780796293.595 [SCAN_MATCH] success predict=(4.313,0.024,0.031) matched=(4.310,0.025,0.030) delta=(-0.004,0.002,-0.001) ceres_iters=22 points=255
1780796293.596 [INSERT] inserted pose=(4.310, 0.025, 0.030) submaps=1 points=255
1780796293.596 [NODE] added node_id=17 local_pose=(4.310, 0.025, 0.030) submaps=1 newly_finished_submap=0
1780796293.818 [SCAN_MATCH] success predict=(4.386,0.027,0.028) matched=(4.395,0.027,0.032) delta=(0.008,0.000,0.004) ceres_iters=20 points=254
1780796293.818 [INSERT] skipped by motion filter pose=(4.395, 0.027, 0.032)
1780796294.081 [SCAN_MATCH] success predict=(4.510,0.029,0.035) matched=(4.507,0.031,0.030) delta=(-0.003,0.002,-0.005) ceres_iters=24 points=255
1780796294.081 [INSERT] skipped by motion filter pose=(4.507, 0.031, 0.030)
1780796294.322 [SCAN_MATCH] success predict=(4.588,0.033,0.037) matched=(4.596,0.033,0.032) delta=(0.007,-0.000,-0.005) ceres_iters=20 points=256
1780796294.323 [INSERT] inserted pose=(4.596, 0.033, 0.032) submaps=1 points=256
1780796294.323 [NODE] added node_id=18 local_pose=(4.596, 0.033, 0.032) submaps=1 newly_finished_submap=0
1780796294.769 [SCAN_MATCH] success predict=(4.717,0.037,0.035) matched=(4.720,0.037,0.031) delta=(0.003,0.000,-0.003) ceres_iters=34 points=255
1780796294.769 [INSERT] skipped by motion filter pose=(4.720, 0.037, 0.031)
1780796294.986 [SCAN_MATCH] success predict=(4.800,0.040,0.035) matched=(4.812,0.040,0.033) delta=(0.012,-0.000,-0.003) ceres_iters=18 points=257
1780796294.987 [INSERT] inserted pose=(4.812, 0.040, 0.033) submaps=1 points=257
1780796294.987 [NODE] added node_id=19 local_pose=(4.812, 0.040, 0.033) submaps=1 newly_finished_submap=0
1780796295.162 [SCAN_MATCH] success predict=(4.951,0.045,0.031) matched=(4.927,0.046,0.027) delta=(-0.024,0.002,-0.003) ceres_iters=15 points=261
1780796295.162 [INSERT] skipped by motion filter pose=(4.927, 0.046, 0.027)
1780796295.315 [SCAN_MATCH] success predict=(4.986,0.048,0.028) matched=(5.005,0.046,0.033) delta=(0.019,-0.002,0.006) ceres_iters=14 points=259
1780796295.315 [INSERT] skipped by motion filter pose=(5.005, 0.046, 0.033)
1780796295.586 [SCAN_MATCH] success predict=(5.144,0.052,0.040) matched=(5.124,0.052,0.028) delta=(-0.020,0.000,-0.012) ceres_iters=21 points=261
1780796295.588 [INSERT] inserted pose=(5.124, 0.052, 0.028) submaps=2 points=261
1780796295.588 [NODE] added node_id=20 local_pose=(5.124, 0.052, 0.028) submaps=2 newly_finished_submap=0
1780796295.815 [SCAN_MATCH] success predict=(5.188,0.054,0.026) matched=(5.195,0.053,0.032) delta=(0.007,-0.002,0.006) ceres_iters=18 points=259
1780796295.815 [INSERT] skipped by motion filter pose=(5.195, 0.053, 0.032)
1780796296.277 [SCAN_MATCH] success predict=(5.318,0.057,0.033) matched=(5.321,0.057,0.031) delta=(0.003,-0.001,-0.001) ceres_iters=35 points=258
1780796296.277 [INSERT] skipped by motion filter pose=(5.321, 0.057, 0.031)
1780796296.765 [SCAN_MATCH] success predict=(5.402,0.060,0.032) matched=(5.403,0.059,0.031) delta=(0.001,-0.001,-0.001) ceres_iters=39 points=261
1780796296.767 [INSERT] inserted pose=(5.403, 0.059, 0.031) submaps=2 points=261
1780796296.767 [NODE] added node_id=21 local_pose=(5.403, 0.059, 0.031) submaps=2 newly_finished_submap=0
1780796296.972 [SCAN_MATCH] success predict=(5.524,0.065,0.037) matched=(5.516,0.064,0.029) delta=(-0.009,-0.001,-0.008) ceres_iters=17 points=261
1780796296.972 [INSERT] skipped by motion filter pose=(5.516, 0.064, 0.029)
1780796297.416 [SCAN_MATCH] success predict=(5.610,0.069,0.028) matched=(5.608,0.067,0.030) delta=(-0.002,-0.002,0.002) ceres_iters=34 points=261
1780796297.421 [INSERT] inserted pose=(5.608, 0.067, 0.030) submaps=2 points=261
1780796297.421 [NODE] added node_id=22 local_pose=(5.608, 0.067, 0.030) submaps=2 newly_finished_submap=0
1780796297.791 [SCAN_MATCH] success predict=(5.707,0.071,0.025) matched=(5.706,0.070,0.030) delta=(-0.001,-0.001,0.005) ceres_iters=31 points=260
1780796297.791 [INSERT] skipped by motion filter pose=(5.706, 0.070, 0.030)
1780796297.965 [SCAN_MATCH] success predict=(5.785,0.073,0.032) matched=(5.794,0.071,0.032) delta=(0.009,-0.001,0.000) ceres_iters=15 points=259
1780796297.965 [INSERT] skipped by motion filter pose=(5.794, 0.071, 0.032)
1780796298.195 [SCAN_MATCH] success predict=(5.915,0.076,0.034) matched=(5.910,0.076,0.029) delta=(-0.005,-0.001,-0.005) ceres_iters=19 points=257
1780796298.197 [INSERT] inserted pose=(5.910, 0.076, 0.029) submaps=2 points=257
1780796298.197 [NODE] added node_id=23 local_pose=(5.910, 0.076, 0.029) submaps=2 newly_finished_submap=0
1780796298.486 [SCAN_MATCH] success predict=(5.995,0.078,0.023) matched=(5.999,0.078,0.032) delta=(0.004,-0.001,0.008) ceres_iters=25 points=257
1780796298.486 [INSERT] skipped by motion filter pose=(5.999, 0.078, 0.032)
1780796298.744 [SCAN_MATCH] success predict=(6.118,0.082,0.030) matched=(6.112,0.082,0.029) delta=(-0.006,-0.000,-0.001) ceres_iters=21 points=256
1780796298.746 [INSERT] inserted pose=(6.112, 0.082, 0.029) submaps=2 points=256
1780796298.746 [NODE] added node_id=24 local_pose=(6.112, 0.082, 0.029) submaps=2 newly_finished_submap=0
1780796299.045 [SCAN_MATCH] success predict=(6.193,0.085,0.030) matched=(6.198,0.084,0.032) delta=(0.005,-0.001,0.002) ceres_iters=24 points=255
1780796299.045 [INSERT] skipped by motion filter pose=(6.198, 0.084, 0.032)
1780796299.220 [SCAN_MATCH] success predict=(6.339,0.089,0.030) matched=(6.322,0.088,0.028) delta=(-0.016,-0.001,-0.003) ceres_iters=16 points=254
1780796299.222 [INSERT] inserted pose=(6.322, 0.088, 0.028) submaps=2 points=254
1780796299.222 [NODE] added node_id=25 local_pose=(6.322, 0.088, 0.028) submaps=2 newly_finished_submap=0
1780796299.660 [SCAN_MATCH] success predict=(6.398,0.090,0.025) matched=(6.400,0.090,0.031) delta=(0.002,-0.001,0.006) ceres_iters=36 points=251
1780796299.660 [INSERT] skipped by motion filter pose=(6.400, 0.090, 0.031)
1780796299.972 [SCAN_MATCH] success predict=(6.503,0.093,0.030) matched=(6.504,0.093,0.031) delta=(0.001,-0.000,0.001) ceres_iters=29 points=251
1780796299.972 [INSERT] skipped by motion filter pose=(6.504, 0.093, 0.031)
1780796300.161 [SCAN_MATCH] success predict=(6.585,0.095,0.031) matched=(6.593,0.095,0.032) delta=(0.008,0.000,0.001) ceres_iters=17 points=252
1780796300.163 [INSERT] inserted pose=(6.593, 0.095, 0.032) submaps=2 points=252
1780796300.163 [NODE] added node_id=26 local_pose=(6.593, 0.095, 0.032) submaps=2 newly_finished_submap=0
1780796300.433 [SCAN_MATCH] success predict=(6.713,0.099,0.028) matched=(6.709,0.099,0.030) delta=(-0.004,0.000,0.001) ceres_iters=25 points=256
1780796300.433 [INSERT] skipped by motion filter pose=(6.709, 0.099, 0.030)
1780796300.662 [SCAN_MATCH] success predict=(6.790,0.101,0.026) matched=(6.796,0.102,0.032) delta=(0.006,0.000,0.006) ceres_iters=20 points=260
1780796300.664 [INSERT] inserted pose=(6.796, 0.102, 0.032) submaps=2 points=260
1780796300.664 [NODE] added node_id=27 local_pose=(6.796, 0.102, 0.032) submaps=2 newly_finished_submap=0
1780796300.872 [SCAN_MATCH] success predict=(6.920,0.105,0.035) matched=(6.913,0.105,0.029) delta=(-0.007,0.001,-0.005) ceres_iters=17 points=265
1780796300.872 [INSERT] skipped by motion filter pose=(6.913, 0.105, 0.029)
1780796301.112 [SCAN_MATCH] success predict=(6.990,0.107,0.028) matched=(6.996,0.108,0.032) delta=(0.006,0.000,0.004) ceres_iters=19 points=267
1780796301.114 [INSERT] inserted pose=(6.996, 0.108, 0.032) submaps=2 points=267
1780796301.114 [NODE] added node_id=28 local_pose=(6.996, 0.108, 0.032) submaps=2 newly_finished_submap=0
1780796301.376 [SCAN_MATCH] success predict=(7.115,0.111,0.031) matched=(7.110,0.111,0.030) delta=(-0.006,0.000,-0.002) ceres_iters=20 points=271
1780796301.376 [INSERT] skipped by motion filter pose=(7.110, 0.111, 0.030)
1780796301.614 [SCAN_MATCH] success predict=(7.192,0.113,0.023) matched=(7.197,0.114,0.031) delta=(0.006,0.001,0.008) ceres_iters=19 points=276
1780796301.616 [INSERT] inserted pose=(7.197, 0.114, 0.031) submaps=2 points=276
1780796301.616 [NODE] added node_id=29 local_pose=(7.197, 0.114, 0.031) submaps=2 newly_finished_submap=0
1780796301.791 [SCAN_MATCH] success predict=(7.318,0.116,0.032) matched=(7.311,0.117,0.030) delta=(-0.007,0.001,-0.002) ceres_iters=15 points=280
1780796301.791 [INSERT] skipped by motion filter pose=(7.311, 0.117, 0.030)
1780796302.022 [SCAN_MATCH] success predict=(7.391,0.119,0.035) matched=(7.397,0.120,0.031) delta=(0.006,0.001,-0.004) ceres_iters=17 points=283
1780796302.023 [INSERT] inserted pose=(7.397, 0.120, 0.031) submaps=2 points=283
1780796302.023 [NODE] added node_id=30 local_pose=(7.397, 0.120, 0.031) submaps=2 newly_finished_submap=0
1780796302.308 [SCAN_MATCH] success predict=(7.516,0.124,0.038) matched=(7.509,0.124,0.030) delta=(-0.007,-0.000,-0.008) ceres_iters=22 points=285
1780796302.308 [INSERT] skipped by motion filter pose=(7.509, 0.124, 0.030)
1780796302.509 [SCAN_MATCH] success predict=(7.587,0.126,0.031) matched=(7.595,0.127,0.032) delta=(0.008,0.000,0.001) ceres_iters=16 points=289
1780796302.509 [INSERT] skipped by motion filter pose=(7.595, 0.127, 0.032)
1780796302.844 [SCAN_MATCH] success predict=(7.712,0.130,0.027) matched=(7.708,0.130,0.030) delta=(-0.004,-0.000,0.003) ceres_iters=25 points=290
1780796302.846 [INSERT] inserted pose=(7.708, 0.130, 0.030) submaps=2 points=290
1780796302.846 [NODE] added node_id=31 local_pose=(7.708, 0.130, 0.030) submaps=2 newly_finished_submap=0
1780796303.106 [SCAN_MATCH] success predict=(7.791,0.132,0.035) matched=(7.797,0.132,0.031) delta=(0.006,-0.000,-0.004) ceres_iters=19 points=291
1780796303.106 [INSERT] skipped by motion filter pose=(7.797, 0.132, 0.031)
1780796303.325 [SCAN_MATCH] success predict=(7.919,0.136,0.034) matched=(7.911,0.136,0.030) delta=(-0.007,-0.000,-0.004) ceres_iters=17 points=292
1780796303.327 [INSERT] inserted pose=(7.911, 0.136, 0.030) submaps=2 points=292
1780796303.327 [NODE] added node_id=32 local_pose=(7.911, 0.136, 0.030) submaps=2 newly_finished_submap=0
1780796303.573 [SCAN_MATCH] success predict=(7.990,0.139,0.027) matched=(7.996,0.139,0.031) delta=(0.006,-0.000,0.004) ceres_iters=18 points=294
1780796303.573 [INSERT] skipped by motion filter pose=(7.996, 0.139, 0.031)
1780796303.852 [SCAN_MATCH] success predict=(8.114,0.143,0.033) matched=(8.109,0.142,0.030) delta=(-0.006,-0.001,-0.003) ceres_iters=20 points=294
1780796303.852 [INSERT] skipped by motion filter pose=(8.109, 0.142, 0.030)
1780796304.078 [SCAN_MATCH] success predict=(8.188,0.145,0.028) matched=(8.195,0.145,0.031) delta=(0.007,-0.000,0.003) ceres_iters=18 points=294
1780796304.080 [INSERT] inserted pose=(8.195, 0.145, 0.031) submaps=2 points=294
1780796304.080 [NODE] added node_id=33 local_pose=(8.195, 0.145, 0.031) submaps=2 newly_finished_submap=0
1780796304.309 [SCAN_MATCH] success predict=(8.312,0.149,0.037) matched=(8.317,0.149,0.032) delta=(0.005,-0.000,-0.005) ceres_iters=17 points=292
1780796304.309 [INSERT] skipped by motion filter pose=(8.317, 0.149, 0.032)
1780796304.638 [SCAN_MATCH] success predict=(8.397,0.152,0.029) matched=(8.399,0.151,0.031) delta=(0.003,-0.000,0.003) ceres_iters=23 points=294
1780796304.640 [INSERT] inserted pose=(8.399, 0.151, 0.031) submaps=2 points=294
1780796304.640 [NODE] added node_id=34 local_pose=(8.399, 0.151, 0.031) submaps=2 newly_finished_submap=0
1780796304.835 [SCAN_MATCH] success predict=(8.522,0.156,0.027) matched=(8.513,0.155,0.030) delta=(-0.009,-0.001,0.003) ceres_iters=15 points=292
1780796304.835 [INSERT] skipped by motion filter pose=(8.513, 0.155, 0.030)
1780796305.138 [SCAN_MATCH] success predict=(8.615,0.158,0.034) matched=(8.609,0.158,0.030) delta=(-0.006,-0.001,-0.004) ceres_iters=22 points=293
1780796305.140 [INSERT] inserted pose=(8.609, 0.158, 0.030) submaps=2 points=293
1780796305.140 [NODE] added node_id=35 local_pose=(8.609, 0.158, 0.030) submaps=2 newly_finished_submap=0
1780796305.414 [SCAN_MATCH] success predict=(8.710,0.161,0.034) matched=(8.716,0.161,0.032) delta=(0.006,0.000,-0.003) ceres_iters=21 points=290
1780796305.414 [INSERT] skipped by motion filter pose=(8.716, 0.161, 0.032)
1780796305.584 [SCAN_MATCH] success predict=(8.831,0.166,0.032) matched=(8.815,0.164,0.029) delta=(-0.015,-0.002,-0.003) ceres_iters=14 points=293
1780796305.586 [INSERT] inserted pose=(8.815, 0.164, 0.029) submaps=2 points=293
1780796305.586 [NODE] added node_id=36 local_pose=(8.815, 0.164, 0.029) submaps=2 newly_finished_submap=0
1780796305.966 [SCAN_MATCH] success predict=(8.895,0.167,0.029) matched=(8.898,0.167,0.031) delta=(0.003,-0.001,0.002) ceres_iters=28 points=293
1780796305.966 [INSERT] skipped by motion filter pose=(8.898, 0.167, 0.031)
1780796306.132 [SCAN_MATCH] success predict=(8.979,0.170,0.030) matched=(8.990,0.170,0.032) delta=(0.011,-0.000,0.002) ceres_iters=13 points=294
1780796306.132 [INSERT] skipped by motion filter pose=(8.990, 0.170, 0.032)
1780796306.296 [SCAN_MATCH] success predict=(9.136,0.175,0.037) matched=(9.118,0.173,0.029) delta=(-0.018,-0.002,-0.008) ceres_iters=13 points=294
1780796306.297 [INSERT] inserted pose=(9.118, 0.173, 0.029) submaps=2 points=294
1780796306.297 [NODE] added node_id=37 local_pose=(9.118, 0.173, 0.029) submaps=2 newly_finished_submap=0
1780796306.462 [SCAN_MATCH] success predict=(9.180,0.176,0.028) matched=(9.192,0.176,0.032) delta=(0.011,-0.000,0.003) ceres_iters=13 points=294
1780796306.462 [INSERT] skipped by motion filter pose=(9.192, 0.176, 0.032)
1780796306.745 [SCAN_MATCH] success predict=(9.312,0.181,0.031) matched=(9.308,0.179,0.030) delta=(-0.004,-0.001,-0.001) ceres_iters=21 points=291
1780796306.745 [INSERT] skipped by motion filter pose=(9.308, 0.179, 0.030)
1780796307.000 [SCAN_MATCH] success predict=(9.388,0.183,0.034) matched=(9.395,0.182,0.032) delta=(0.007,-0.001,-0.002) ceres_iters=19 points=295
1780796307.002 [INSERT] inserted pose=(9.395, 0.182, 0.032) submaps=2 points=295
1780796307.002 [NODE] added node_id=38 local_pose=(9.395, 0.182, 0.032) submaps=2 newly_finished_submap=0
1780796307.184 [SCAN_MATCH] success predict=(9.537,0.188,0.031) matched=(9.519,0.186,0.029) delta=(-0.017,-0.002,-0.002) ceres_iters=13 points=297
1780796307.184 [INSERT] skipped by motion filter pose=(9.519, 0.186, 0.029)
1780796307.355 [SCAN_MATCH] success predict=(9.579,0.189,0.029) matched=(9.591,0.188,0.032) delta=(0.011,-0.000,0.003) ceres_iters=13 points=302
1780796307.355 [INSERT] skipped by motion filter pose=(9.591, 0.188, 0.032)
1780796307.574 [SCAN_MATCH] success predict=(9.711,0.193,0.030) matched=(9.706,0.191,0.030) delta=(-0.005,-0.002,-0.000) ceres_iters=17 points=306
1780796307.576 [INSERT] inserted pose=(9.706, 0.191, 0.030) submaps=2 points=306
1780796307.576 [NODE] added node_id=39 local_pose=(9.706, 0.191, 0.030) submaps=2 newly_finished_submap=1
1780796307.815 [SCAN_MATCH] success predict=(9.786,0.195,0.036) matched=(9.793,0.194,0.032) delta=(0.007,-0.001,-0.004) ceres_iters=18 points=310
1780796307.815 [INSERT] skipped by motion filter pose=(9.793, 0.194, 0.032)
1780796308.091 [SCAN_MATCH] success predict=(9.912,0.200,0.036) matched=(9.906,0.198,0.030) delta=(-0.006,-0.002,-0.006) ceres_iters=20 points=314
1780796308.091 [INSERT] skipped by motion filter pose=(9.906, 0.198, 0.030)
1780796308.285 [SCAN_MATCH] success predict=(9.984,0.202,0.034) matched=(9.992,0.201,0.032) delta=(0.008,-0.001,-0.003) ceres_iters=14 points=316
1780796308.287 [INSERT] inserted pose=(9.992, 0.201, 0.032) submaps=2 points=316
1780796308.287 [NODE] added node_id=40 local_pose=(9.992, 0.201, 0.032) submaps=2 newly_finished_submap=0
1780796308.588 [SCAN_MATCH] success predict=(10.113,0.208,0.030) matched=(10.109,0.206,0.030) delta=(-0.004,-0.002,-0.000) ceres_iters=23 points=318
1780796308.588 [INSERT] skipped by motion filter pose=(10.109, 0.206, 0.030)
1780796308.844 [SCAN_MATCH] success predict=(10.214,0.212,0.034) matched=(10.210,0.209,0.030) delta=(-0.004,-0.003,-0.004) ceres_iters=18 points=319
1780796308.849 [INSERT] inserted pose=(10.210, 0.209, 0.030) submaps=2 points=319
1780796308.849 [NODE] added node_id=41 local_pose=(10.210, 0.209, 0.030) submaps=2 newly_finished_submap=0
1780796309.140 [SCAN_MATCH] success predict=(10.313,0.216,0.028) matched=(10.312,0.213,0.031) delta=(-0.002,-0.003,0.003) ceres_iters=20 points=317
1780796309.140 [INSERT] skipped by motion filter pose=(10.312, 0.213, 0.031)
1780796309.391 [SCAN_MATCH] success predict=(10.390,0.218,0.027) matched=(10.393,0.215,0.031) delta=(0.002,-0.002,0.005) ceres_iters=19 points=317
1780796309.391 [INSERT] skipped by motion filter pose=(10.393, 0.215, 0.031)
1780796309.677 [SCAN_MATCH] success predict=(10.515,0.222,0.033) matched=(10.513,0.219,0.031) delta=(-0.002,-0.003,-0.002) ceres_iters=21 points=317
1780796309.679 [INSERT] inserted pose=(10.513, 0.219, 0.031) submaps=2 points=317
1780796309.679 [NODE] added node_id=42 local_pose=(10.513, 0.219, 0.031) submaps=2 newly_finished_submap=0
1780796309.927 [SCAN_MATCH] success predict=(10.591,0.223,0.031) matched=(10.595,0.221,0.031) delta=(0.004,-0.003,-0.000) ceres_iters=20 points=320
1780796309.927 [INSERT] skipped by motion filter pose=(10.595, 0.221, 0.031)
1780796310.277 [SCAN_MATCH] success predict=(10.716,0.227,0.029) matched=(10.715,0.225,0.031) delta=(-0.001,-0.003,0.001) ceres_iters=23 points=323
1780796310.279 [INSERT] inserted pose=(10.715, 0.225, 0.031) submaps=2 points=323
1780796310.279 [NODE] added node_id=43 local_pose=(10.715, 0.225, 0.031) submaps=2 newly_finished_submap=0
1780796310.547 [SCAN_MATCH] success predict=(10.835,0.231,0.031) matched=(10.827,0.228,0.030) delta=(-0.008,-0.003,-0.001) ceres_iters=19 points=323
1780796310.547 [INSERT] skipped by motion filter pose=(10.827, 0.228, 0.030)
1780796310.852 [SCAN_MATCH] success predict=(10.928,0.234,0.030) matched=(10.929,0.231,0.031) delta=(0.002,-0.003,0.001) ceres_iters=21 points=324
1780796310.854 [INSERT] inserted pose=(10.929, 0.231, 0.031) submaps=2 points=324
1780796310.854 [NODE] added node_id=44 local_pose=(10.929, 0.231, 0.031) submaps=2 newly_finished_submap=0
1780796311.223 [SCAN_MATCH] success predict=(11.026,0.236,0.034) matched=(11.022,0.234,0.031) delta=(-0.004,-0.003,-0.004) ceres_iters=23 points=328
1780796311.223 [INSERT] skipped by motion filter pose=(11.022, 0.234, 0.031)
1780796311.426 [SCAN_MATCH] success predict=(11.103,0.239,0.032) matched=(11.111,0.236,0.031) delta=(0.008,-0.002,-0.001) ceres_iters=14 points=330
1780796311.426 [INSERT] skipped by motion filter pose=(11.111, 0.236, 0.031)
1780796311.696 [SCAN_MATCH] success predict=(11.233,0.243,0.031) matched=(11.226,0.240,0.030) delta=(-0.007,-0.003,-0.000) ceres_iters=18 points=336
1780796311.698 [INSERT] inserted pose=(11.226, 0.240, 0.030) submaps=2 points=336
1780796311.698 [NODE] added node_id=45 local_pose=(11.226, 0.240, 0.030) submaps=2 newly_finished_submap=0
1780796311.907 [SCAN_MATCH] success predict=(11.304,0.245,0.031) matched=(11.313,0.242,0.031) delta=(0.009,-0.003,-0.000) ceres_iters=14 points=340
1780796311.907 [INSERT] skipped by motion filter pose=(11.313, 0.242, 0.031)
1780796312.186 [SCAN_MATCH] success predict=(11.391,0.247,0.030) matched=(11.399,0.245,0.031) delta=(0.008,-0.003,0.001) ceres_iters=18 points=345
1780796312.186 [INSERT] skipped by motion filter pose=(11.399, 0.245, 0.031)
1780796312.399 [SCAN_MATCH] success predict=(11.560,0.254,0.027) matched=(11.551,0.250,0.030) delta=(-0.009,-0.003,0.003) ceres_iters=14 points=346
1780796312.401 [INSERT] inserted pose=(11.551, 0.250, 0.030) submaps=2 points=346
1780796312.401 [NODE] added node_id=46 local_pose=(11.551, 0.250, 0.030) submaps=2 newly_finished_submap=0
1780796312.784 [SCAN_MATCH] success predict=(11.648,0.256,0.027) matched=(11.645,0.253,0.030) delta=(-0.003,-0.003,0.004) ceres_iters=24 points=344
1780796312.785 [INSERT] skipped by motion filter pose=(11.645, 0.253, 0.030)
1780796312.974 [SCAN_MATCH] success predict=(11.705,0.256,0.035) matched=(11.716,0.255,0.031) delta=(0.012,-0.002,-0.004) ceres_iters=14 points=345
1780796312.974 [INSERT] skipped by motion filter pose=(11.716, 0.255, 0.031)
1780796313.291 [SCAN_MATCH] success predict=(11.799,0.259,0.032) matched=(11.806,0.257,0.031) delta=(0.007,-0.002,-0.001) ceres_iters=20 points=346
1780796313.294 [INSERT] inserted pose=(11.806, 0.257, 0.031) submaps=2 points=346
1780796313.294 [NODE] added node_id=47 local_pose=(11.806, 0.257, 0.031) submaps=2 newly_finished_submap=0
1780796313.562 [SCAN_MATCH] success predict=(11.942,0.266,0.038) matched=(11.932,0.262,0.030) delta=(-0.011,-0.003,-0.008) ceres_iters=17 points=340
1780796313.562 [INSERT] skipped by motion filter pose=(11.932, 0.262, 0.030)
1780796313.744 [SCAN_MATCH] success predict=(11.992,0.266,0.031) matched=(12.009,0.264,0.031) delta=(0.016,-0.002,0.000) ceres_iters=14 points=335
1780796313.746 [INSERT] inserted pose=(12.009, 0.264, 0.031) submaps=2 points=335
1780796313.746 [NODE] added node_id=48 local_pose=(12.009, 0.264, 0.031) submaps=2 newly_finished_submap=0
1780796314.019 [SCAN_MATCH] success predict=(12.127,0.272,0.029) matched=(12.122,0.268,0.030) delta=(-0.005,-0.004,0.001) ceres_iters=19 points=331
1780796314.019 [INSERT] skipped by motion filter pose=(12.122, 0.268, 0.030)
1780796314.452 [SCAN_MATCH] success predict=(12.205,0.273,0.036) matched=(12.205,0.270,0.031) delta=(0.000,-0.003,-0.005) ceres_iters=28 points=325
1780796314.452 [INSERT] skipped by motion filter pose=(12.205, 0.270, 0.031)
1780796314.799 [SCAN_MATCH] success predict=(12.319,0.278,0.025) matched=(12.317,0.274,0.030) delta=(-0.002,-0.004,0.006) ceres_iters=23 points=321
1780796314.802 [INSERT] inserted pose=(12.317, 0.274, 0.030) submaps=2 points=321
1780796314.802 [NODE] added node_id=49 local_pose=(12.317, 0.274, 0.030) submaps=2 newly_finished_submap=0
1780796315.114 [SCAN_MATCH] success predict=(12.393,0.279,0.030) matched=(12.397,0.276,0.031) delta=(0.004,-0.003,0.001) ceres_iters=23 points=318
1780796315.114 [INSERT] skipped by motion filter pose=(12.397, 0.276, 0.031)
1780796315.369 [SCAN_MATCH] success predict=(12.515,0.284,0.026) matched=(12.515,0.280,0.031) delta=(-0.000,-0.003,0.004) ceres_iters=18 points=317
1780796315.369 [INSERT] skipped by motion filter pose=(12.515, 0.280, 0.031)
1780796315.686 [SCAN_MATCH] success predict=(12.594,0.285,0.036) matched=(12.598,0.282,0.031) delta=(0.004,-0.003,-0.005) ceres_iters=21 points=313
1780796315.688 [INSERT] inserted pose=(12.598, 0.282, 0.031) submaps=2 points=313
1780796315.688 [NODE] added node_id=50 local_pose=(12.598, 0.282, 0.031) submaps=2 newly_finished_submap=0
1780796316.024 [SCAN_MATCH] success predict=(12.714,0.289,0.032) matched=(12.715,0.286,0.031) delta=(0.002,-0.003,-0.002) ceres_iters=23 points=307
1780796316.024 [INSERT] skipped by motion filter pose=(12.715, 0.286, 0.031)
1780796316.312 [SCAN_MATCH] success predict=(12.797,0.291,0.032) matched=(12.797,0.289,0.031) delta=(0.001,-0.003,-0.001) ceres_iters=20 points=312
1780796316.312 [INSERT] skipped by motion filter pose=(12.797, 0.289, 0.031)
1780796316.564 [SCAN_MATCH] success predict=(12.917,0.296,0.024) matched=(12.914,0.293,0.031) delta=(-0.003,-0.004,0.007) ceres_iters=18 points=313
1780796316.566 [INSERT] inserted pose=(12.914, 0.293, 0.031) submaps=2 points=313
1780796316.566 [NODE] added node_id=51 local_pose=(12.914, 0.293, 0.031) submaps=2 newly_finished_submap=0
1780796317.047 [SCAN_MATCH] success predict=(12.994,0.297,0.031) matched=(12.998,0.294,0.031) delta=(0.004,-0.003,-0.000) ceres_iters=31 points=312
1780796317.047 [INSERT] skipped by motion filter pose=(12.998, 0.294, 0.031)
1780796317.379 [SCAN_MATCH] success predict=(13.117,0.301,0.028) matched=(13.117,0.298,0.030) delta=(-0.001,-0.003,0.002) ceres_iters=22 points=308
1780796317.381 [INSERT] inserted pose=(13.117, 0.298, 0.030) submaps=2 points=308
1780796317.381 [NODE] added node_id=52 local_pose=(13.117, 0.298, 0.030) submaps=2 newly_finished_submap=0
1780796317.932 [SCAN_MATCH] success predict=(13.194,0.303,0.033) matched=(13.200,0.301,0.031) delta=(0.006,-0.003,-0.002) ceres_iters=35 points=305
1780796317.932 [INSERT] skipped by motion filter pose=(13.200, 0.301, 0.031)
1780796318.225 [SCAN_MATCH] success predict=(13.319,0.307,0.027) matched=(13.318,0.305,0.030) delta=(-0.001,-0.003,0.003) ceres_iters=21 points=302
1780796318.227 [INSERT] inserted pose=(13.318, 0.305, 0.030) submaps=2 points=302
1780796318.227 [NODE] added node_id=53 local_pose=(13.318, 0.305, 0.030) submaps=2 newly_finished_submap=0
1780796318.659 [SCAN_MATCH] success predict=(13.398,0.309,0.031) matched=(13.403,0.307,0.031) delta=(0.005,-0.003,-0.000) ceres_iters=32 points=303
1780796318.659 [INSERT] skipped by motion filter pose=(13.403, 0.307, 0.031)
1780796319.043 [SCAN_MATCH] success predict=(13.525,0.314,0.037) matched=(13.522,0.311,0.030) delta=(-0.003,-0.003,-0.006) ceres_iters=26 points=305
1780796319.044 [INSERT] inserted pose=(13.522, 0.311, 0.030) submaps=2 points=305
1780796319.044 [NODE] added node_id=54 local_pose=(13.522, 0.311, 0.030) submaps=2 newly_finished_submap=0
1780796319.576 [SCAN_MATCH] success predict=(13.604,0.316,0.032) matched=(13.609,0.313,0.030) delta=(0.004,-0.003,-0.001) ceres_iters=34 points=309
1780796319.576 [INSERT] skipped by motion filter pose=(13.609, 0.313, 0.030)
1780796319.882 [SCAN_MATCH] success predict=(13.731,0.322,0.031) matched=(13.726,0.318,0.030) delta=(-0.005,-0.004,-0.001) ceres_iters=21 points=309
1780796319.884 [INSERT] inserted pose=(13.726, 0.318, 0.030) submaps=2 points=309
1780796319.884 [NODE] added node_id=55 local_pose=(13.726, 0.318, 0.030) submaps=2 newly_finished_submap=0
1780796320.214 [SCAN_MATCH] success predict=(13.824,0.325,0.029) matched=(13.823,0.321,0.030) delta=(-0.001,-0.004,0.001) ceres_iters=23 points=308
1780796320.214 [INSERT] skipped by motion filter pose=(13.823, 0.321, 0.030)
1780796320.481 [SCAN_MATCH] success predict=(13.945,0.329,0.035) matched=(13.933,0.325,0.030) delta=(-0.012,-0.004,-0.005) ceres_iters=19 points=306
1780796320.483 [INSERT] inserted pose=(13.933, 0.325, 0.030) submaps=2 points=306
1780796320.483 [NODE] added node_id=56 local_pose=(13.933, 0.325, 0.030) submaps=2 newly_finished_submap=0
1780796320.959 [SCAN_MATCH] success predict=(14.014,0.330,0.030) matched=(14.016,0.327,0.030) delta=(0.002,-0.004,0.000) ceres_iters=31 points=307
1780796320.959 [INSERT] skipped by motion filter pose=(14.016, 0.327, 0.030)
1780796321.351 [SCAN_MATCH] success predict=(14.143,0.334,0.028) matched=(14.141,0.331,0.030) delta=(-0.001,-0.004,0.002) ceres_iters=27 points=305
1780796321.353 [INSERT] inserted pose=(14.141, 0.331, 0.030) submaps=2 points=305
1780796321.353 [NODE] added node_id=57 local_pose=(14.141, 0.331, 0.030) submaps=2 newly_finished_submap=0
1780796321.734 [SCAN_MATCH] success predict=(14.221,0.336,0.030) matched=(14.221,0.333,0.030) delta=(-0.001,-0.003,0.000) ceres_iters=25 points=318
1780796321.734 [INSERT] skipped by motion filter pose=(14.221, 0.333, 0.030)
1780796322.110 [SCAN_MATCH] success predict=(14.343,0.341,0.030) matched=(14.341,0.337,0.030) delta=(-0.002,-0.004,0.000) ceres_iters=25 points=313
1780796322.111 [INSERT] skipped by motion filter pose=(14.341, 0.337, 0.030)
1780796322.362 [SCAN_MATCH] success predict=(14.420,0.343,0.032) matched=(14.425,0.339,0.030) delta=(0.006,-0.004,-0.001) ceres_iters=18 points=313
1780796322.364 [INSERT] inserted pose=(14.425, 0.339, 0.030) submaps=2 points=313
1780796322.364 [NODE] added node_id=58 local_pose=(14.425, 0.339, 0.030) submaps=2 newly_finished_submap=0
1780796322.834 [SCAN_MATCH] success predict=(14.531,0.346,0.033) matched=(14.534,0.342,0.030) delta=(0.003,-0.003,-0.003) ceres_iters=31 points=313
1780796322.834 [INSERT] skipped by motion filter pose=(14.534, 0.342, 0.030)
1780796323.340 [SCAN_MATCH] success predict=(14.614,0.348,0.031) matched=(14.616,0.345,0.030) delta=(0.002,-0.003,-0.001) ceres_iters=32 points=318
1780796323.340 [INSERT] skipped by motion filter pose=(14.616, 0.345, 0.030)
1780796323.567 [SCAN_MATCH] success predict=(14.755,0.354,0.029) matched=(14.749,0.350,0.030) delta=(-0.006,-0.004,0.001) ceres_iters=16 points=310
1780796323.569 [INSERT] inserted pose=(14.749, 0.350, 0.030) submaps=2 points=310
1780796323.569 [NODE] added node_id=59 local_pose=(14.749, 0.350, 0.030) submaps=2 newly_finished_submap=1
1780796324.079 [SCAN_MATCH] success predict=(14.806,0.354,0.031) matched=(14.811,0.351,0.030) delta=(0.005,-0.003,-0.000) ceres_iters=33 points=315
1780796324.079 [INSERT] skipped by motion filter pose=(14.811, 0.351, 0.030)
1780796324.310 [SCAN_MATCH] success predict=(14.936,0.359,0.029) matched=(14.929,0.355,0.030) delta=(-0.008,-0.004,0.002) ceres_iters=16 points=316
1780796324.310 [INSERT] skipped by motion filter pose=(14.929, 0.355, 0.030)
1780796324.666 [SCAN_MATCH] success predict=(15.009,0.361,0.035) matched=(15.013,0.357,0.030) delta=(0.004,-0.004,-0.005) ceres_iters=24 points=320
1780796324.668 [INSERT] inserted pose=(15.013, 0.357, 0.030) submaps=2 points=320
1780796324.668 [NODE] added node_id=60 local_pose=(15.013, 0.357, 0.030) submaps=2 newly_finished_submap=0
1780796324.902 [SCAN_MATCH] success predict=(15.154,0.368,0.028) matched=(15.144,0.361,0.030) delta=(-0.010,-0.006,0.002) ceres_iters=16 points=321
1780796324.902 [INSERT] skipped by motion filter pose=(15.144, 0.361, 0.030)
1780796325.232 [SCAN_MATCH] success predict=(15.203,0.366,0.032) matched=(15.204,0.362,0.030) delta=(0.001,-0.003,-0.002) ceres_iters=22 points=322
1780796325.232 [INSERT] skipped by motion filter pose=(15.204, 0.362, 0.030)
1780796325.622 [SCAN_MATCH] success predict=(15.324,0.371,0.034) matched=(15.322,0.366,0.030) delta=(-0.002,-0.005,-0.004) ceres_iters=25 points=323
1780796325.626 [INSERT] inserted pose=(15.322, 0.366, 0.030) submaps=2 points=323
1780796325.626 [NODE] added node_id=61 local_pose=(15.322, 0.366, 0.030) submaps=2 newly_finished_submap=0
1780796326.082 [SCAN_MATCH] success predict=(15.401,0.372,0.029) matched=(15.404,0.368,0.030) delta=(0.003,-0.004,0.001) ceres_iters=28 points=324
1780796326.082 [INSERT] skipped by motion filter pose=(15.404, 0.368, 0.030)
1780796326.452 [SCAN_MATCH] success predict=(15.529,0.378,0.030) matched=(15.527,0.372,0.030) delta=(-0.001,-0.005,-0.000) ceres_iters=27 points=324
1780796326.454 [INSERT] inserted pose=(15.527, 0.372, 0.030) submaps=2 points=324
1780796326.454 [NODE] added node_id=62 local_pose=(15.527, 0.372, 0.030) submaps=2 newly_finished_submap=0
1780796326.958 [SCAN_MATCH] success predict=(15.609,0.378,0.026) matched=(15.612,0.375,0.030) delta=(0.003,-0.004,0.004) ceres_iters=30 points=327
1780796326.958 [INSERT] skipped by motion filter pose=(15.612, 0.375, 0.030)
1780796327.194 [SCAN_MATCH] success predict=(15.771,0.386,0.028) matched=(15.764,0.380,0.030) delta=(-0.007,-0.006,0.001) ceres_iters=16 points=320
1780796327.196 [INSERT] inserted pose=(15.764, 0.380, 0.030) submaps=2 points=320
1780796327.196 [NODE] added node_id=63 local_pose=(15.764, 0.380, 0.030) submaps=2 newly_finished_submap=0
1780796327.604 [SCAN_MATCH] success predict=(15.804,0.383,0.030) matched=(15.809,0.380,0.030) delta=(0.005,-0.003,0.000) ceres_iters=28 points=331
1780796327.604 [INSERT] skipped by motion filter pose=(15.809, 0.380, 0.030)
1780796327.922 [SCAN_MATCH] success predict=(15.931,0.389,0.032) matched=(15.931,0.384,0.030) delta=(-0.000,-0.005,-0.002) ceres_iters=20 points=333
1780796327.922 [INSERT] skipped by motion filter pose=(15.931, 0.384, 0.030)
1780796328.304 [SCAN_MATCH] success predict=(16.047,0.393,0.026) matched=(16.041,0.388,0.030) delta=(-0.005,-0.005,0.004) ceres_iters=24 points=334
1780796328.306 [INSERT] inserted pose=(16.041, 0.388, 0.030) submaps=2 points=334
1780796328.306 [NODE] added node_id=64 local_pose=(16.041, 0.388, 0.030) submaps=2 newly_finished_submap=0
1780796328.725 [SCAN_MATCH] success predict=(16.122,0.394,0.030) matched=(16.125,0.390,0.030) delta=(0.002,-0.004,-0.000) ceres_iters=26 points=335
1780796328.725 [INSERT] skipped by motion filter pose=(16.125, 0.390, 0.030)
1780796329.088 [SCAN_MATCH] success predict=(16.228,0.397,0.032) matched=(16.229,0.393,0.030) delta=(0.001,-0.004,-0.002) ceres_iters=23 points=336
1780796329.088 [INSERT] skipped by motion filter pose=(16.229, 0.393, 0.030)
1780796329.398 [SCAN_MATCH] success predict=(16.350,0.402,0.032) matched=(16.351,0.397,0.030) delta=(0.000,-0.005,-0.002) ceres_iters=20 points=326
1780796329.400 [INSERT] inserted pose=(16.351, 0.397, 0.030) submaps=2 points=326
1780796329.400 [NODE] added node_id=65 local_pose=(16.351, 0.397, 0.030) submaps=2 newly_finished_submap=0
1780796329.705 [SCAN_MATCH] success predict=(16.429,0.402,0.029) matched=(16.431,0.399,0.030) delta=(0.002,-0.004,0.001) ceres_iters=20 points=333
1780796329.705 [INSERT] skipped by motion filter pose=(16.431, 0.399, 0.030)
1780796330.025 [SCAN_MATCH] success predict=(16.550,0.407,0.029) matched=(16.545,0.403,0.030) delta=(-0.005,-0.004,0.001) ceres_iters=21 points=330
1780796330.025 [INSERT] skipped by motion filter pose=(16.545, 0.403, 0.030)
1780796330.387 [SCAN_MATCH] success predict=(16.627,0.409,0.035) matched=(16.629,0.405,0.030) delta=(0.002,-0.004,-0.005) ceres_iters=24 points=328
1780796330.389 [INSERT] inserted pose=(16.629, 0.405, 0.030) submaps=2 points=328
1780796330.389 [NODE] added node_id=66 local_pose=(16.629, 0.405, 0.030) submaps=2 newly_finished_submap=0
1780796330.683 [SCAN_MATCH] success predict=(16.748,0.415,0.032) matched=(16.750,0.409,0.030) delta=(0.002,-0.005,-0.002) ceres_iters=20 points=320
1780796330.683 [INSERT] skipped by motion filter pose=(16.750, 0.409, 0.030)
1780796331.012 [SCAN_MATCH] success predict=(16.809,0.414,0.031) matched=(16.818,0.411,0.030) delta=(0.010,-0.003,-0.001) ceres_iters=22 points=321
1780796331.013 [INSERT] skipped by motion filter pose=(16.818, 0.411, 0.030)
1780796331.303 [SCAN_MATCH] success predict=(16.933,0.420,0.032) matched=(16.934,0.415,0.030) delta=(0.001,-0.006,-0.002) ceres_iters=20 points=330
1780796331.305 [INSERT] inserted pose=(16.934, 0.415, 0.030) submaps=2 points=330
1780796331.305 [NODE] added node_id=67 local_pose=(16.934, 0.415, 0.030) submaps=2 newly_finished_submap=0
1780796331.582 [SCAN_MATCH] success predict=(17.032,0.423,0.025) matched=(17.037,0.418,0.030) delta=(0.005,-0.005,0.005) ceres_iters=19 points=321
1780796331.582 [INSERT] skipped by motion filter pose=(17.037, 0.418, 0.030)
1780796331.853 [SCAN_MATCH] success predict=(17.136,0.425,0.029) matched=(17.135,0.420,0.030) delta=(-0.001,-0.005,0.001) ceres_iters=19 points=330
1780796331.855 [INSERT] inserted pose=(17.135, 0.420, 0.030) submaps=2 points=330
1780796331.855 [NODE] added node_id=68 local_pose=(17.135, 0.420, 0.030) submaps=2 newly_finished_submap=0
1780796332.085 [SCAN_MATCH] success predict=(17.236,0.428,0.034) matched=(17.240,0.424,0.030) delta=(0.004,-0.004,-0.003) ceres_iters=17 points=322
1780796332.085 [INSERT] skipped by motion filter pose=(17.240, 0.424, 0.030)
1780796332.344 [SCAN_MATCH] success predict=(17.341,0.431,0.031) matched=(17.344,0.427,0.030) delta=(0.003,-0.004,-0.001) ceres_iters=18 points=323
1780796332.346 [INSERT] inserted pose=(17.344, 0.427, 0.030) submaps=2 points=323
1780796332.346 [NODE] added node_id=69 local_pose=(17.344, 0.427, 0.030) submaps=2 newly_finished_submap=0
1780796332.549 [SCAN_MATCH] success predict=(17.423,0.434,0.031) matched=(17.426,0.430,0.030) delta=(0.003,-0.005,-0.000) ceres_iters=14 points=328
1780796332.549 [INSERT] skipped by motion filter pose=(17.426, 0.430, 0.030)
1780796332.730 [SCAN_MATCH] success predict=(17.551,0.438,0.029) matched=(17.551,0.433,0.030) delta=(0.000,-0.005,0.001) ceres_iters=13 points=324
1780796332.732 [INSERT] inserted pose=(17.551, 0.433, 0.030) submaps=2 points=324
1780796332.732 [NODE] added node_id=70 local_pose=(17.551, 0.433, 0.030) submaps=2 newly_finished_submap=0
1780796332.912 [SCAN_MATCH] success predict=(17.629,0.439,0.031) matched=(17.635,0.436,0.031) delta=(0.006,-0.004,-0.000) ceres_iters=13 points=322
1780796332.912 [INSERT] skipped by motion filter pose=(17.635, 0.436, 0.031)
1780796333.093 [SCAN_MATCH] success predict=(17.752,0.445,0.032) matched=(17.745,0.439,0.031) delta=(-0.006,-0.005,-0.001) ceres_iters=13 points=325
1780796333.094 [INSERT] skipped by motion filter pose=(17.745, 0.439, 0.031)
1780796333.310 [SCAN_MATCH] success predict=(17.845,0.447,0.033) matched=(17.842,0.442,0.031) delta=(-0.004,-0.005,-0.002) ceres_iters=15 points=324
1780796333.312 [INSERT] inserted pose=(17.842, 0.442, 0.031) submaps=2 points=324
1780796333.312 [NODE] added node_id=71 local_pose=(17.842, 0.442, 0.031) submaps=2 newly_finished_submap=0
1780796333.490 [SCAN_MATCH] success predict=(17.940,0.450,0.030) matched=(17.943,0.445,0.030) delta=(0.003,-0.005,0.000) ceres_iters=13 points=318
1780796333.490 [INSERT] skipped by motion filter pose=(17.943, 0.445, 0.030)
1780796333.667 [SCAN_MATCH] success predict=(18.022,0.452,0.030) matched=(18.029,0.448,0.031) delta=(0.007,-0.004,0.000) ceres_iters=13 points=317
1780796333.667 [INSERT] skipped by motion filter pose=(18.029, 0.448, 0.031)
1780796333.829 [SCAN_MATCH] success predict=(18.149,0.458,0.036) matched=(18.144,0.452,0.031) delta=(-0.004,-0.006,-0.005) ceres_iters=12 points=323
1780796333.831 [INSERT] inserted pose=(18.144, 0.452, 0.031) submaps=2 points=323
1780796333.831 [NODE] added node_id=72 local_pose=(18.144, 0.452, 0.031) submaps=2 newly_finished_submap=0
1780796334.013 [SCAN_MATCH] success predict=(18.224,0.459,0.030) matched=(18.226,0.454,0.030) delta=(0.002,-0.005,0.001) ceres_iters=13 points=326
1780796334.013 [INSERT] skipped by motion filter pose=(18.226, 0.454, 0.030)
1780796334.159 [SCAN_MATCH] success predict=(18.367,0.466,0.036) matched=(18.355,0.459,0.031) delta=(-0.013,-0.008,-0.005) ceres_iters=11 points=327
1780796334.161 [INSERT] inserted pose=(18.355, 0.459, 0.031) submaps=2 points=327
1780796334.161 [NODE] added node_id=73 local_pose=(18.355, 0.459, 0.031) submaps=2 newly_finished_submap=0
1780796334.364 [SCAN_MATCH] success predict=(18.434,0.466,0.033) matched=(18.433,0.460,0.031) delta=(-0.000,-0.005,-0.003) ceres_iters=14 points=329
1780796334.364 [INSERT] skipped by motion filter pose=(18.433, 0.460, 0.031)
1780796334.547 [SCAN_MATCH] success predict=(18.537,0.470,0.028) matched=(18.535,0.464,0.031) delta=(-0.001,-0.006,0.002) ceres_iters=13 points=329
1780796334.547 [INSERT] skipped by motion filter pose=(18.535, 0.464, 0.031)
1780796334.727 [SCAN_MATCH] success predict=(18.633,0.473,0.030) matched=(18.636,0.467,0.030) delta=(0.003,-0.006,0.001) ceres_iters=13 points=322
1780796334.729 [INSERT] inserted pose=(18.636, 0.467, 0.030) submaps=2 points=322
1780796334.729 [NODE] added node_id=74 local_pose=(18.636, 0.467, 0.030) submaps=2 newly_finished_submap=0
1780796334.895 [SCAN_MATCH] success predict=(18.755,0.477,0.027) matched=(18.748,0.471,0.031) delta=(-0.007,-0.007,0.004) ceres_iters=12 points=331
1780796334.895 [INSERT] skipped by motion filter pose=(18.748, 0.471, 0.031)
1780796335.098 [SCAN_MATCH] success predict=(18.804,0.475,0.029) matched=(18.810,0.471,0.030) delta=(0.006,-0.004,0.002) ceres_iters=14 points=330
1780796335.098 [INSERT] skipped by motion filter pose=(18.810, 0.471, 0.030)
1780796335.303 [SCAN_MATCH] success predict=(18.930,0.481,0.026) matched=(18.933,0.476,0.031) delta=(0.003,-0.005,0.005) ceres_iters=15 points=324
1780796335.306 [INSERT] inserted pose=(18.933, 0.476, 0.031) submaps=2 points=324
1780796335.306 [NODE] added node_id=75 local_pose=(18.933, 0.476, 0.031) submaps=2 newly_finished_submap=0
1780796335.569 [SCAN_MATCH] success predict=(19.072,0.487,0.034) matched=(19.067,0.481,0.031) delta=(-0.005,-0.006,-0.003) ceres_iters=20 points=323
1780796335.569 [INSERT] skipped by motion filter pose=(19.067, 0.481, 0.031)
1780796335.845 [SCAN_MATCH] success predict=(19.149,0.487,0.028) matched=(19.149,0.483,0.031) delta=(-0.000,-0.004,0.003) ceres_iters=20 points=321
1780796335.847 [INSERT] inserted pose=(19.149, 0.483, 0.031) submaps=2 points=321
1780796335.847 [NODE] added node_id=76 local_pose=(19.149, 0.483, 0.031) submaps=2 newly_finished_submap=0
1780796336.033 [SCAN_MATCH] success predict=(19.268,0.492,0.027) matched=(19.263,0.487,0.031) delta=(-0.004,-0.005,0.004) ceres_iters=13 points=324
1780796336.033 [INSERT] skipped by motion filter pose=(19.263, 0.487, 0.031)
1780796336.396 [SCAN_MATCH] success predict=(19.323,0.491,0.030) matched=(19.325,0.488,0.031) delta=(0.002,-0.003,0.001) ceres_iters=22 points=324
1780796336.396 [INSERT] skipped by motion filter pose=(19.325, 0.488, 0.031)
1780796336.733 [SCAN_MATCH] success predict=(19.423,0.495,0.030) matched=(19.423,0.491,0.031) delta=(0.000,-0.004,0.001) ceres_iters=21 points=327
1780796336.736 [INSERT] inserted pose=(19.423, 0.491, 0.031) submaps=2 points=327
1780796336.736 [NODE] added node_id=77 local_pose=(19.423, 0.491, 0.031) submaps=2 newly_finished_submap=0
1780796337.135 [SCAN_MATCH] success predict=(19.547,0.500,0.029) matched=(19.547,0.495,0.031) delta=(-0.000,-0.005,0.002) ceres_iters=25 points=318
1780796337.135 [INSERT] skipped by motion filter pose=(19.547, 0.495, 0.031)
1780796337.441 [SCAN_MATCH] success predict=(19.624,0.501,0.034) matched=(19.626,0.497,0.031) delta=(0.002,-0.004,-0.003) ceres_iters=20 points=317
1780796337.443 [INSERT] inserted pose=(19.626, 0.497, 0.031) submaps=2 points=317
1780796337.443 [NODE] added node_id=78 local_pose=(19.626, 0.497, 0.031) submaps=2 newly_finished_submap=0
1780796337.686 [SCAN_MATCH] success predict=(19.750,0.505,0.034) matched=(19.745,0.501,0.031) delta=(-0.005,-0.005,-0.003) ceres_iters=18 points=322
1780796337.686 [INSERT] skipped by motion filter pose=(19.745, 0.501, 0.031)
1780796337.917 [SCAN_MATCH] success predict=(19.864,0.510,0.030) matched=(19.861,0.505,0.031) delta=(-0.003,-0.005,0.001) ceres_iters=16 points=311
1780796337.920 [INSERT] inserted pose=(19.861, 0.505, 0.031) submaps=2 points=311
1780796337.920 [NODE] added node_id=79 local_pose=(19.861, 0.505, 0.031) submaps=2 newly_finished_submap=1
1780796338.329 [SCAN_MATCH] success predict=(19.940,0.511,0.034) matched=(19.941,0.507,0.031) delta=(0.000,-0.004,-0.003) ceres_iters=29 points=306
1780796338.329 [INSERT] skipped by motion filter pose=(19.941, 0.507, 0.031)
1780796338.627 [SCAN_MATCH] success predict=(20.001,0.512,0.028) matched=(20.004,0.508,0.031) delta=(0.003,-0.004,0.003) ceres_iters=21 points=310
1780796338.627 [INSERT] skipped by motion filter pose=(20.004, 0.508, 0.031)
1780796339.043 [SCAN_MATCH] success predict=(20.141,0.519,0.030) matched=(20.141,0.513,0.031) delta=(0.000,-0.005,0.002) ceres_iters=28 points=297
1780796339.045 [INSERT] inserted pose=(20.141, 0.513, 0.031) submaps=2 points=297
1780796339.045 [NODE] added node_id=80 local_pose=(20.141, 0.513, 0.031) submaps=2 newly_finished_submap=0
1780796339.212 [SCAN_MATCH] success predict=(20.220,0.520,0.030) matched=(20.226,0.520,0.031) delta=(0.005,-0.000,0.001) ceres_iters=15 points=292
1780796339.212 [INSERT] skipped by motion filter pose=(20.226, 0.520, 0.031)
1780796339.532 [SCAN_MATCH] success predict=(20.367,0.530,0.036) matched=(20.365,0.526,0.031) delta=(-0.002,-0.004,-0.004) ceres_iters=23 points=287
1780796339.533 [INSERT] inserted pose=(20.365, 0.526, 0.031) submaps=2 points=287
1780796339.533 [NODE] added node_id=81 local_pose=(20.365, 0.526, 0.031) submaps=2 newly_finished_submap=0
1780796339.733 [SCAN_MATCH] success predict=(20.408,0.530,0.033) matched=(20.411,0.527,0.031) delta=(0.003,-0.002,-0.001) ceres_iters=15 points=289
1780796339.733 [INSERT] skipped by motion filter pose=(20.411, 0.527, 0.031)
1780796339.991 [SCAN_MATCH] success predict=(20.548,0.538,0.030) matched=(20.549,0.533,0.032) delta=(0.001,-0.005,0.002) ceres_iters=20 points=276
1780796339.991 [INSERT] skipped by motion filter pose=(20.549, 0.533, 0.032)
1780796340.161 [SCAN_MATCH] success predict=(20.610,0.538,0.030) matched=(20.619,0.534,0.032) delta=(0.009,-0.004,0.002) ceres_iters=14 points=271
1780796340.163 [INSERT] inserted pose=(20.619, 0.534, 0.032) submaps=2 points=271
1780796340.163 [NODE] added node_id=82 local_pose=(20.619, 0.534, 0.032) submaps=2 newly_finished_submap=0
1780796340.369 [SCAN_MATCH] success predict=(20.756,0.544,0.029) matched=(20.752,0.539,0.032) delta=(-0.004,-0.004,0.003) ceres_iters=17 points=274
1780796340.369 [INSERT] skipped by motion filter pose=(20.752, 0.539, 0.032)
1780796340.547 [SCAN_MATCH] success predict=(20.814,0.544,0.033) matched=(20.821,0.540,0.032) delta=(0.007,-0.004,-0.002) ceres_iters=15 points=264
1780796340.551 [INSERT] inserted pose=(20.821, 0.540, 0.032) submaps=2 points=264
1780796340.551 [NODE] added node_id=83 local_pose=(20.821, 0.540, 0.032) submaps=2 newly_finished_submap=0
1780796340.773 [SCAN_MATCH] success predict=(20.938,0.549,0.029) matched=(20.934,0.544,0.031) delta=(-0.003,-0.004,0.003) ceres_iters=19 points=267
1780796340.773 [INSERT] skipped by motion filter pose=(20.934, 0.544, 0.031)
1780796340.942 [SCAN_MATCH] success predict=(21.030,0.551,0.032) matched=(21.032,0.548,0.032) delta=(0.002,-0.004,-0.000) ceres_iters=16 points=255
1780796340.944 [INSERT] inserted pose=(21.032, 0.548, 0.032) submaps=2 points=255
1780796340.944 [NODE] added node_id=84 local_pose=(21.032, 0.548, 0.032) submaps=2 newly_finished_submap=0
1780796341.103 [SCAN_MATCH] success predict=(21.149,0.556,0.030) matched=(21.141,0.550,0.030) delta=(-0.008,-0.006,0.000) ceres_iters=14 points=258
1780796341.103 [INSERT] skipped by motion filter pose=(21.141, 0.550, 0.030)
1780796341.286 [SCAN_MATCH] success predict=(21.201,0.555,0.032) matched=(21.206,0.552,0.032) delta=(0.005,-0.002,-0.000) ceres_iters=17 points=256
1780796341.286 [INSERT] skipped by motion filter pose=(21.206, 0.552, 0.032)
1780796341.445 [SCAN_MATCH] success predict=(21.361,0.564,0.033) matched=(21.354,0.557,0.031) delta=(-0.006,-0.006,-0.002) ceres_iters=15 points=244
1780796341.446 [INSERT] inserted pose=(21.354, 0.557, 0.031) submaps=2 points=244
1780796341.447 [NODE] added node_id=85 local_pose=(21.354, 0.557, 0.031) submaps=2 newly_finished_submap=0
1780796341.652 [SCAN_MATCH] success predict=(21.392,0.560,0.031) matched=(21.401,0.558,0.032) delta=(0.009,-0.001,0.001) ceres_iters=19 points=248
1780796341.652 [INSERT] skipped by motion filter pose=(21.401, 0.558, 0.032)
1780796341.879 [SCAN_MATCH] success predict=(21.535,0.569,0.031) matched=(21.535,0.563,0.031) delta=(-0.000,-0.006,0.000) ceres_iters=20 points=243
1780796341.879 [INSERT] skipped by motion filter pose=(21.535, 0.563, 0.031)
1780796342.043 [SCAN_MATCH] success predict=(21.615,0.569,0.028) matched=(21.622,0.567,0.032) delta=(0.007,-0.003,0.004) ceres_iters=15 points=241
1780796342.045 [INSERT] inserted pose=(21.622, 0.567, 0.032) submaps=2 points=241
1780796342.045 [NODE] added node_id=86 local_pose=(21.622, 0.567, 0.032) submaps=2 newly_finished_submap=0
1780796342.183 [SCAN_MATCH] success predict=(21.724,0.573,0.032) matched=(21.728,0.570,0.032) delta=(0.004,-0.004,-0.001) ceres_iters=13 points=241
1780796342.183 [INSERT] skipped by motion filter pose=(21.728, 0.570, 0.032)
1780796342.385 [SCAN_MATCH] success predict=(21.849,0.578,0.044) matched=(21.836,0.569,0.042) delta=(-0.013,-0.009,-0.002) ceres_iters=18 points=248
1780796342.387 [INSERT] inserted pose=(21.836, 0.569, 0.042) submaps=2 points=248
1780796342.387 [NODE] added node_id=87 local_pose=(21.836, 0.569, 0.042) submaps=2 newly_finished_submap=0
1780796342.636 [SCAN_MATCH] success predict=(21.915,0.577,0.057) matched=(21.914,0.575,0.061) delta=(-0.001,-0.002,0.004) ceres_iters=20 points=250
1780796342.636 [INSERT] skipped by motion filter pose=(21.914, 0.575, 0.061)
1780796342.896 [SCAN_MATCH] success predict=(21.991,0.583,0.080) matched=(22.013,0.585,0.084) delta=(0.022,0.001,0.004) ceres_iters=21 points=248
1780796342.896 [INSERT] skipped by motion filter pose=(22.013, 0.585, 0.084)
1780796343.105 [SCAN_MATCH] success predict=(22.152,0.603,0.109) matched=(22.137,0.590,0.093) delta=(-0.015,-0.013,-0.016) ceres_iters=17 points=246
1780796343.106 [INSERT] inserted pose=(22.137, 0.590, 0.093) submaps=2 points=246
1780796343.106 [NODE] added node_id=88 local_pose=(22.137, 0.590, 0.093) submaps=2 newly_finished_submap=0
1780796343.394 [SCAN_MATCH] success predict=(22.197,0.599,0.096) matched=(22.204,0.600,0.113) delta=(0.008,0.001,0.017) ceres_iters=22 points=240
1780796343.394 [INSERT] skipped by motion filter pose=(22.204, 0.600, 0.113)
1780796343.641 [SCAN_MATCH] success predict=(22.324,0.618,0.137) matched=(22.319,0.612,0.128) delta=(-0.005,-0.006,-0.009) ceres_iters=21 points=238
1780796343.641 [INSERT] skipped by motion filter pose=(22.319, 0.612, 0.128)
1780796343.796 [SCAN_MATCH] success predict=(22.395,0.627,0.142) matched=(22.413,0.629,0.152) delta=(0.018,0.003,0.009) ceres_iters=14 points=235
1780796343.798 [INSERT] inserted pose=(22.413, 0.629, 0.152) submaps=2 points=235
1780796343.798 [NODE] added node_id=89 local_pose=(22.413, 0.629, 0.152) submaps=2 newly_finished_submap=0
1780796344.014 [SCAN_MATCH] success predict=(22.531,0.650,0.171) matched=(22.521,0.642,0.162) delta=(-0.010,-0.009,-0.009) ceres_iters=19 points=238
1780796344.014 [INSERT] skipped by motion filter pose=(22.521, 0.642, 0.162)
1780796344.215 [SCAN_MATCH] success predict=(22.616,0.661,0.181) matched=(22.622,0.661,0.184) delta=(0.006,-0.000,0.003) ceres_iters=18 points=227
1780796344.217 [INSERT] inserted pose=(22.622, 0.661, 0.184) submaps=2 points=227
1780796344.217 [NODE] added node_id=90 local_pose=(22.622, 0.661, 0.184) submaps=2 newly_finished_submap=0
1780796344.427 [SCAN_MATCH] success predict=(22.726,0.685,0.205) matched=(22.726,0.681,0.201) delta=(-0.000,-0.004,-0.004) ceres_iters=20 points=215
1780796344.427 [INSERT] skipped by motion filter pose=(22.726, 0.681, 0.201)
1780796344.626 [SCAN_MATCH] success predict=(22.800,0.700,0.211) matched=(22.801,0.698,0.214) delta=(0.001,-0.003,0.003) ceres_iters=20 points=214
1780796344.626 [INSERT] skipped by motion filter pose=(22.801, 0.698, 0.214)
1780796344.788 [SCAN_MATCH] success predict=(22.934,0.731,0.234) matched=(22.918,0.719,0.230) delta=(-0.016,-0.012,-0.005) ceres_iters=17 points=201
1780796344.790 [INSERT] inserted pose=(22.918, 0.719, 0.230) submaps=2 points=201
1780796344.790 [NODE] added node_id=91 local_pose=(22.918, 0.719, 0.230) submaps=2 newly_finished_submap=0
1780796344.947 [SCAN_MATCH] success predict=(22.977,0.735,0.240) matched=(22.988,0.739,0.248) delta=(0.012,0.004,0.008) ceres_iters=17 points=189
1780796344.947 [INSERT] skipped by motion filter pose=(22.988, 0.739, 0.248)
1780796344.947 [OPTIMIZE] trigger periodic global optimization and map publish
1780796344.947 [OPTIMIZE] RunOptimization start: loop_candidates=0 constraints=164
1780796344.949 [SPA] Ceres CONVERGED initial_cost=0.000000 final_cost=0.000000 iterations=1 constraints=164 submaps=5 nodes=92
1780796344.949 [OPTIMIZE] SPA done: loop_accepted=0/0 constraints=164 nodes=92 first_pose=(-0.000,0.000,-0.000) last_pose=(22.918,0.719,0.230)
1780796344.949 [OPTIMIZE] finished: nodes=92 submaps=5 constraints 164->164 (global=0)
1780796344.956 [MAP_PUB] published /semantic_map with 25747 points (filtered=1070)
1780796344.958 [MAP_SAVE] optimization_latest saved 25747 points to /home/xhd/catkin_ws/src/AVP_SLAM_ROS/output/semantic_map_final_latest.pcd
1780796345.145 [SCAN_MATCH] success predict=(23.102,0.772,0.271) matched=(23.100,0.766,0.264) delta=(-0.002,-0.006,-0.007) ceres_iters=20 points=202
1780796345.145 [INSERT] skipped by motion filter pose=(23.100, 0.766, 0.264)
1780796345.290 [SCAN_MATCH] success predict=(23.196,0.796,0.279) matched=(23.195,0.793,0.281) delta=(-0.001,-0.004,0.003) ceres_iters=15 points=217
1780796345.291 [INSERT] inserted pose=(23.195, 0.793, 0.281) submaps=2 points=217
1780796345.291 [NODE] added node_id=92 local_pose=(23.195, 0.793, 0.281) submaps=2 newly_finished_submap=0
1780796345.488 [SCAN_MATCH] success predict=(23.294,0.824,0.301) matched=(23.289,0.822,0.299) delta=(-0.004,-0.002,-0.002) ceres_iters=21 points=215
1780796345.488 [INSERT] skipped by motion filter pose=(23.289, 0.822, 0.299)
1780796345.655 [SCAN_MATCH] success predict=(23.369,0.848,0.317) matched=(23.378,0.849,0.316) delta=(0.008,0.001,-0.001) ceres_iters=16 points=218
1780796345.655 [INSERT] skipped by motion filter pose=(23.378, 0.849, 0.316)
1780796345.819 [SCAN_MATCH] success predict=(23.490,0.890,0.342) matched=(23.482,0.885,0.333) delta=(-0.009,-0.005,-0.010) ceres_iters=18 points=218
1780796345.820 [INSERT] inserted pose=(23.482, 0.885, 0.333) submaps=2 points=218
1780796345.820 [NODE] added node_id=93 local_pose=(23.482, 0.885, 0.333) submaps=2 newly_finished_submap=0
1780796346.017 [SCAN_MATCH] success predict=(23.558,0.913,0.344) matched=(23.566,0.915,0.350) delta=(0.008,0.002,0.007) ceres_iters=18 points=231
1780796346.017 [INSERT] skipped by motion filter pose=(23.566, 0.915, 0.350)
1780796346.188 [SCAN_MATCH] success predict=(23.676,0.963,0.374) matched=(23.679,0.962,0.371) delta=(0.003,-0.001,-0.003) ceres_iters=17 points=235
1780796346.190 [INSERT] inserted pose=(23.679, 0.962, 0.371) submaps=2 points=235
1780796346.190 [NODE] added node_id=94 local_pose=(23.679, 0.962, 0.371) submaps=2 newly_finished_submap=0
1780796346.415 [SCAN_MATCH] success predict=(23.791,1.013,0.396) matched=(23.766,0.997,0.385) delta=(-0.026,-0.016,-0.012) ceres_iters=20 points=241
1780796346.415 [INSERT] skipped by motion filter pose=(23.766, 0.997, 0.385)
1780796346.575 [SCAN_MATCH] success predict=(23.857,1.036,0.402) matched=(23.850,1.031,0.402) delta=(-0.007,-0.006,-0.001) ceres_iters=14 points=255
1780796346.575 [INSERT] skipped by motion filter pose=(23.850, 1.031, 0.402)
1780796346.719 [SCAN_MATCH] success predict=(23.904,1.055,0.417) matched=(23.930,1.061,0.418) delta=(0.026,0.006,0.002) ceres_iters=13 points=253
1780796346.721 [INSERT] inserted pose=(23.930, 1.061, 0.418) submaps=2 points=253
1780796346.721 [NODE] added node_id=95 local_pose=(23.930, 1.061, 0.418) submaps=2 newly_finished_submap=0
1780796346.903 [SCAN_MATCH] success predict=(24.033,1.117,0.438) matched=(24.031,1.112,0.436) delta=(-0.002,-0.004,-0.002) ceres_iters=17 points=248
1780796346.903 [INSERT] skipped by motion filter pose=(24.031, 1.112, 0.436)
1780796347.078 [SCAN_MATCH] success predict=(24.103,1.153,0.449) matched=(24.117,1.151,0.453) delta=(0.014,-0.002,0.004) ceres_iters=15 points=253
1780796347.080 [INSERT] inserted pose=(24.117, 1.151, 0.453) submaps=2 points=253
1780796347.080 [NODE] added node_id=96 local_pose=(24.117, 1.151, 0.453) submaps=2 newly_finished_submap=0
1780796347.254 [SCAN_MATCH] success predict=(24.223,1.213,0.476) matched=(24.213,1.203,0.470) delta=(-0.010,-0.010,-0.006) ceres_iters=15 points=251
1780796347.254 [INSERT] skipped by motion filter pose=(24.213, 1.203, 0.470)
1780796347.444 [SCAN_MATCH] success predict=(24.281,1.243,0.480) matched=(24.295,1.242,0.487) delta=(0.014,-0.001,0.007) ceres_iters=16 points=248
1780796347.445 [INSERT] inserted pose=(24.295, 1.242, 0.487) submaps=2 points=248
1780796347.445 [NODE] added node_id=97 local_pose=(24.295, 1.242, 0.487) submaps=2 newly_finished_submap=0
1780796347.612 [SCAN_MATCH] success predict=(24.396,1.301,0.511) matched=(24.390,1.294,0.504) delta=(-0.006,-0.007,-0.007) ceres_iters=14 points=249
1780796347.612 [INSERT] skipped by motion filter pose=(24.390, 1.294, 0.504)
1780796347.794 [SCAN_MATCH] success predict=(24.457,1.336,0.510) matched=(24.471,1.336,0.521) delta=(0.014,-0.000,0.011) ceres_iters=17 points=235
1780796347.794 [INSERT] skipped by motion filter pose=(24.471, 1.336, 0.521)
1780796347.946 [SCAN_MATCH] success predict=(24.575,1.401,0.544) matched=(24.565,1.394,0.538) delta=(-0.010,-0.007,-0.006) ceres_iters=14 points=244
1780796347.948 [INSERT] inserted pose=(24.565, 1.394, 0.538) submaps=2 points=244
1780796347.948 [NODE] added node_id=98 local_pose=(24.565, 1.394, 0.538) submaps=2 newly_finished_submap=0
1780796348.115 [SCAN_MATCH] success predict=(24.627,1.438,0.551) matched=(24.643,1.440,0.555) delta=(0.015,0.001,0.004) ceres_iters=15 points=239
1780796348.115 [INSERT] skipped by motion filter pose=(24.643, 1.440, 0.555)
1780796348.252 [SCAN_MATCH] success predict=(24.740,1.509,0.573) matched=(24.734,1.500,0.572) delta=(-0.006,-0.008,-0.001) ceres_iters=13 points=241
1780796348.252 [INSERT] skipped by motion filter pose=(24.734, 1.500, 0.572)
1780796348.413 [SCAN_MATCH] success predict=(24.802,1.552,0.585) matched=(24.825,1.556,0.593) delta=(0.023,0.004,0.008) ceres_iters=15 points=235
1780796348.415 [INSERT] inserted pose=(24.825, 1.556, 0.593) submaps=2 points=235
1780796348.415 [NODE] added node_id=99 local_pose=(24.825, 1.556, 0.593) submaps=2 newly_finished_submap=1
1780796348.532 [SCAN_MATCH] success predict=(24.937,1.641,0.615) matched=(24.920,1.627,0.609) delta=(-0.016,-0.013,-0.006) ceres_iters=12 points=229
1780796348.532 [INSERT] skipped by motion filter pose=(24.920, 1.627, 0.609)
1780796348.675 [SCAN_MATCH] success predict=(24.967,1.664,0.618) matched=(24.990,1.669,0.627) delta=(0.023,0.005,0.009) ceres_iters=14 points=230
1780796348.675 [INSERT] skipped by motion filter pose=(24.990, 1.669, 0.627)
1780796348.872 [SCAN_MATCH] success predict=(25.084,1.749,0.648) matched=(25.066,1.736,0.640) delta=(-0.018,-0.014,-0.008) ceres_iters=19 points=226
1780796348.873 [INSERT] inserted pose=(25.066, 1.736, 0.640) submaps=2 points=226
1780796348.873 [NODE] added node_id=100 local_pose=(25.066, 1.736, 0.640) submaps=2 newly_finished_submap=0
1780796349.013 [SCAN_MATCH] success predict=(25.129,1.787,0.652) matched=(25.136,1.787,0.657) delta=(0.007,0.000,0.004) ceres_iters=14 points=225
1780796349.013 [INSERT] skipped by motion filter pose=(25.136, 1.787, 0.657)
1780796349.176 [SCAN_MATCH] success predict=(25.229,1.865,0.674) matched=(25.226,1.858,0.674) delta=(-0.003,-0.007,-0.000) ceres_iters=16 points=221
1780796349.177 [INSERT] inserted pose=(25.226, 1.858, 0.674) submaps=2 points=221
1780796349.177 [NODE] added node_id=101 local_pose=(25.226, 1.858, 0.674) submaps=2 newly_finished_submap=0
1780796349.317 [SCAN_MATCH] success predict=(25.300,1.921,0.691) matched=(25.303,1.917,0.690) delta=(0.003,-0.004,-0.001) ceres_iters=14 points=240
1780796349.317 [INSERT] skipped by motion filter pose=(25.303, 1.917, 0.690)
1780796349.460 [SCAN_MATCH] success predict=(25.376,1.978,0.711) matched=(25.380,1.977,0.707) delta=(0.004,-0.001,-0.004) ceres_iters=14 points=230
1780796349.460 [INSERT] skipped by motion filter pose=(25.380, 1.977, 0.707)
1780796349.589 [SCAN_MATCH] success predict=(25.449,2.046,0.724) matched=(25.461,2.050,0.728) delta=(0.012,0.004,0.004) ceres_iters=13 points=228
1780796349.590 [INSERT] inserted pose=(25.461, 2.050, 0.728) submaps=2 points=228
1780796349.590 [NODE] added node_id=102 local_pose=(25.461, 2.050, 0.728) submaps=2 newly_finished_submap=0
1780796349.725 [SCAN_MATCH] success predict=(25.531,2.117,0.744) matched=(25.531,2.118,0.747) delta=(0.000,0.002,0.003) ceres_iters=13 points=231
1780796349.725 [INSERT] skipped by motion filter pose=(25.531, 2.118, 0.747)
1780796349.860 [SCAN_MATCH] success predict=(25.603,2.197,0.761) matched=(25.604,2.194,0.763) delta=(0.001,-0.003,0.003) ceres_iters=15 points=223
1780796349.864 [INSERT] inserted pose=(25.604, 2.194, 0.763) submaps=2 points=223
1780796349.864 [NODE] added node_id=103 local_pose=(25.604, 2.194, 0.763) submaps=2 newly_finished_submap=0
1780796349.989 [SCAN_MATCH] success predict=(25.673,2.268,0.774) matched=(25.665,2.258,0.776) delta=(-0.008,-0.011,0.002) ceres_iters=13 points=221
1780796349.989 [INSERT] skipped by motion filter pose=(25.665, 2.258, 0.776)
1780796350.109 [SCAN_MATCH] success predict=(25.735,2.336,0.794) matched=(25.731,2.326,0.793) delta=(-0.004,-0.009,-0.001) ceres_iters=12 points=236
1780796350.110 [INSERT] skipped by motion filter pose=(25.731, 2.326, 0.793)
1780796350.265 [SCAN_MATCH] success predict=(25.812,2.413,0.813) matched=(25.812,2.408,0.814) delta=(0.000,-0.005,0.001) ceres_iters=16 points=234
1780796350.267 [INSERT] inserted pose=(25.812, 2.408, 0.814) submaps=2 points=234
1780796350.267 [NODE] added node_id=104 local_pose=(25.812, 2.408, 0.814) submaps=2 newly_finished_submap=0
1780796350.441 [SCAN_MATCH] success predict=(25.853,2.450,0.822) matched=(25.870,2.460,0.832) delta=(0.017,0.011,0.010) ceres_iters=16 points=236
1780796350.441 [INSERT] skipped by motion filter pose=(25.870, 2.460, 0.832)
1780796350.579 [SCAN_MATCH] success predict=(25.946,2.556,0.849) matched=(25.938,2.545,0.845) delta=(-0.008,-0.011,-0.004) ceres_iters=14 points=237
1780796350.579 [INSERT] skipped by motion filter pose=(25.938, 2.545, 0.845)
1780796350.847 [SCAN_MATCH] success predict=(25.986,2.605,0.856) matched=(26.002,2.613,0.866) delta=(0.016,0.008,0.011) ceres_iters=23 points=244
1780796350.848 [INSERT] inserted pose=(26.002, 2.613, 0.866) submaps=2 points=244
1780796350.848 [NODE] added node_id=105 local_pose=(26.002, 2.613, 0.866) submaps=2 newly_finished_submap=0
1780796351.072 [SCAN_MATCH] success predict=(26.093,2.716,0.879) matched=(26.082,2.708,0.884) delta=(-0.011,-0.008,0.004) ceres_iters=20 points=232
1780796351.072 [INSERT] skipped by motion filter pose=(26.082, 2.708, 0.884)
1780796351.273 [SCAN_MATCH] success predict=(26.130,2.771,0.897) matched=(26.134,2.772,0.900) delta=(0.005,0.002,0.003) ceres_iters=19 points=231
1780796351.274 [INSERT] inserted pose=(26.134, 2.772, 0.900) submaps=2 points=231
1780796351.274 [NODE] added node_id=106 local_pose=(26.134, 2.772, 0.900) submaps=2 newly_finished_submap=0
1780796351.516 [SCAN_MATCH] success predict=(26.194,2.854,0.917) matched=(26.189,2.847,0.914) delta=(-0.005,-0.007,-0.003) ceres_iters=21 points=238
1780796351.516 [INSERT] skipped by motion filter pose=(26.189, 2.847, 0.914)
1780796351.730 [SCAN_MATCH] success predict=(26.237,2.916,0.929) matched=(26.243,2.917,0.930) delta=(0.006,0.002,0.001) ceres_iters=19 points=244
1780796351.730 [INSERT] skipped by motion filter pose=(26.243, 2.917, 0.930)
1780796351.896 [SCAN_MATCH] success predict=(26.313,3.017,0.948) matched=(26.307,3.008,0.947) delta=(-0.005,-0.009,-0.001) ceres_iters=15 points=243
1780796351.897 [INSERT] inserted pose=(26.307, 3.008, 0.947) submaps=2 points=243
1780796351.897 [NODE] added node_id=107 local_pose=(26.307, 3.008, 0.947) submaps=2 newly_finished_submap=0
1780796352.186 [SCAN_MATCH] success predict=(26.364,3.091,0.960) matched=(26.363,3.087,0.965) delta=(-0.002,-0.004,0.004) ceres_iters=24 points=251
1780796352.187 [INSERT] skipped by motion filter pose=(26.363, 3.087, 0.965)
1780796352.511 [SCAN_MATCH] success predict=(26.419,3.170,0.981) matched=(26.418,3.167,0.981) delta=(-0.000,-0.003,0.001) ceres_iters=27 points=239
1780796352.511 [INSERT] skipped by motion filter pose=(26.418, 3.167, 0.981)
1780796352.765 [SCAN_MATCH] success predict=(26.459,3.239,0.993) matched=(26.468,3.243,0.998) delta=(0.010,0.004,0.005) ceres_iters=21 points=256
1780796352.767 [INSERT] inserted pose=(26.468, 3.243, 0.998) submaps=2 points=256
1780796352.767 [NODE] added node_id=108 local_pose=(26.468, 3.243, 0.998) submaps=2 newly_finished_submap=0
1780796353.073 [SCAN_MATCH] success predict=(26.531,3.342,1.020) matched=(26.529,3.337,1.016) delta=(-0.002,-0.005,-0.004) ceres_iters=26 points=247
1780796353.074 [INSERT] skipped by motion filter pose=(26.529, 3.337, 1.016)
1780796353.356 [SCAN_MATCH] success predict=(26.571,3.400,1.026) matched=(26.577,3.408,1.033) delta=(0.006,0.008,0.007) ceres_iters=22 points=258
1780796353.356 [INSERT] skipped by motion filter pose=(26.577, 3.408, 1.033)
1780796353.601 [SCAN_MATCH] success predict=(26.637,3.511,1.058) matched=(26.633,3.507,1.050) delta=(-0.004,-0.003,-0.009) ceres_iters=19 points=262
1780796353.602 [INSERT] inserted pose=(26.633, 3.507, 1.050) submaps=2 points=262
1780796353.602 [NODE] added node_id=109 local_pose=(26.633, 3.507, 1.050) submaps=2 newly_finished_submap=0
1780796353.861 [SCAN_MATCH] success predict=(26.672,3.575,1.058) matched=(26.677,3.581,1.067) delta=(0.005,0.006,0.009) ceres_iters=19 points=257
1780796353.861 [INSERT] skipped by motion filter pose=(26.677, 3.581, 1.067)
1780796354.190 [SCAN_MATCH] success predict=(26.731,3.680,1.086) matched=(26.729,3.679,1.084) delta=(-0.003,-0.001,-0.002) ceres_iters=24 points=268
1780796354.190 [INSERT] skipped by motion filter pose=(26.729, 3.679, 1.084)
1780796354.430 [SCAN_MATCH] success predict=(26.765,3.748,1.102) matched=(26.771,3.758,1.101) delta=(0.006,0.009,-0.001) ceres_iters=18 points=280
1780796354.432 [INSERT] inserted pose=(26.771, 3.758, 1.101) submaps=2 points=280
1780796354.432 [NODE] added node_id=110 local_pose=(26.771, 3.758, 1.101) submaps=2 newly_finished_submap=0
1780796354.751 [SCAN_MATCH] success predict=(26.823,3.869,1.121) matched=(26.819,3.863,1.118) delta=(-0.004,-0.006,-0.003) ceres_iters=23 points=292
1780796354.751 [INSERT] skipped by motion filter pose=(26.819, 3.863, 1.118)
1780796354.987 [SCAN_MATCH] success predict=(26.861,3.948,1.132) matched=(26.866,3.955,1.138) delta=(0.005,0.007,0.006) ceres_iters=17 points=293
1780796354.989 [INSERT] inserted pose=(26.866, 3.955, 1.138) submaps=2 points=293
1780796354.989 [NODE] added node_id=111 local_pose=(26.866, 3.955, 1.138) submaps=2 newly_finished_submap=0
1780796355.277 [SCAN_MATCH] success predict=(26.909,4.046,1.159) matched=(26.904,4.041,1.152) delta=(-0.006,-0.004,-0.007) ceres_iters=20 points=297
1780796355.277 [INSERT] skipped by motion filter pose=(26.904, 4.041, 1.152)
1780796355.617 [SCAN_MATCH] success predict=(26.935,4.117,1.164) matched=(26.939,4.122,1.168) delta=(0.005,0.005,0.004) ceres_iters=23 points=297
1780796355.617 [INSERT] skipped by motion filter pose=(26.939, 4.122, 1.168)
1780796355.818 [SCAN_MATCH] success predict=(26.990,4.252,1.192) matched=(26.982,4.237,1.185) delta=(-0.007,-0.016,-0.007) ceres_iters=14 points=318
1780796355.820 [INSERT] inserted pose=(26.982, 4.237, 1.185) submaps=2 points=318
1780796355.820 [NODE] added node_id=112 local_pose=(26.982, 4.237, 1.185) submaps=2 newly_finished_submap=0
1780796356.169 [SCAN_MATCH] success predict=(27.013,4.306,1.198) matched=(27.015,4.309,1.202) delta=(0.002,0.003,0.005) ceres_iters=24 points=299
1780796356.169 [INSERT] skipped by motion filter pose=(27.015, 4.309, 1.202)
1780796356.487 [SCAN_MATCH] success predict=(27.056,4.428,1.228) matched=(27.053,4.417,1.219) delta=(-0.003,-0.011,-0.009) ceres_iters=21 points=314
1780796356.487 [INSERT] skipped by motion filter pose=(27.053, 4.417, 1.219)
1780796356.744 [SCAN_MATCH] success predict=(27.078,4.491,1.238) matched=(27.084,4.495,1.236) delta=(0.006,0.004,-0.001) ceres_iters=18 points=315
1780796356.746 [INSERT] inserted pose=(27.084, 4.495, 1.236) submaps=2 points=315
1780796356.746 [NODE] added node_id=113 local_pose=(27.084, 4.495, 1.236) submaps=2 newly_finished_submap=0
1780796357.099 [SCAN_MATCH] success predict=(27.119,4.610,1.253) matched=(27.118,4.604,1.253) delta=(-0.001,-0.006,0.001) ceres_iters=23 points=319
1780796357.099 [INSERT] skipped by motion filter pose=(27.118, 4.604, 1.253)
1780796357.370 [SCAN_MATCH] success predict=(27.140,4.682,1.270) matched=(27.146,4.685,1.270) delta=(0.006,0.004,0.000) ceres_iters=18 points=328
1780796357.372 [INSERT] inserted pose=(27.146, 4.685, 1.270) submaps=2 points=328
1780796357.372 [NODE] added node_id=114 local_pose=(27.146, 4.685, 1.270) submaps=2 newly_finished_submap=0
1780796357.735 [SCAN_MATCH] success predict=(27.179,4.815,1.289) matched=(27.181,4.811,1.291) delta=(0.002,-0.004,0.002) ceres_iters=23 points=328
1780796357.735 [INSERT] skipped by motion filter pose=(27.181, 4.811, 1.291)
1780796357.944 [SCAN_MATCH] success predict=(27.202,4.888,1.305) matched=(27.208,4.894,1.308) delta=(0.006,0.007,0.003) ceres_iters=14 points=330
1780796357.946 [INSERT] inserted pose=(27.208, 4.894, 1.308) submaps=2 points=330
1780796357.946 [NODE] added node_id=115 local_pose=(27.208, 4.894, 1.308) submaps=2 newly_finished_submap=0
1780796358.186 [SCAN_MATCH] success predict=(27.237,5.013,1.325) matched=(27.232,4.996,1.321) delta=(-0.005,-0.017,-0.003) ceres_iters=15 points=338
1780796358.186 [INSERT] skipped by motion filter pose=(27.232, 4.996, 1.321)
1780796358.438 [SCAN_MATCH] success predict=(27.250,5.069,1.331) matched=(27.257,5.083,1.342) delta=(0.007,0.014,0.011) ceres_iters=15 points=349
1780796358.438 [INSERT] skipped by motion filter pose=(27.257, 5.083, 1.342)
1780796358.683 [SCAN_MATCH] success predict=(27.278,5.192,1.357) matched=(27.280,5.193,1.359) delta=(0.002,0.001,0.001) ceres_iters=16 points=342
1780796358.686 [INSERT] inserted pose=(27.280, 5.193, 1.359) submaps=2 points=342
1780796358.686 [NODE] added node_id=116 local_pose=(27.280, 5.193, 1.359) submaps=2 newly_finished_submap=0
1780796358.944 [SCAN_MATCH] success predict=(27.296,5.268,1.365) matched=(27.300,5.280,1.376) delta=(0.004,0.012,0.011) ceres_iters=16 points=348
1780796358.944 [INSERT] skipped by motion filter pose=(27.300, 5.280, 1.376)
1780796359.193 [SCAN_MATCH] success predict=(27.325,5.418,1.403) matched=(27.318,5.393,1.389) delta=(-0.007,-0.025,-0.014) ceres_iters=17 points=335
1780796359.195 [INSERT] inserted pose=(27.318, 5.393, 1.389) submaps=2 points=335
1780796359.195 [NODE] added node_id=117 local_pose=(27.318, 5.393, 1.389) submaps=2 newly_finished_submap=0
1780796359.484 [SCAN_MATCH] success predict=(27.331,5.471,1.408) matched=(27.333,5.470,1.406) delta=(0.001,-0.001,-0.002) ceres_iters=18 points=356
1780796359.484 [INSERT] skipped by motion filter pose=(27.333, 5.470, 1.406)
1780796359.725 [SCAN_MATCH] success predict=(27.347,5.564,1.421) matched=(27.348,5.566,1.423) delta=(0.001,0.002,0.002) ceres_iters=15 points=359
1780796359.725 [INSERT] skipped by motion filter pose=(27.348, 5.566, 1.423)
1780796359.981 [SCAN_MATCH] success predict=(27.359,5.642,1.439) matched=(27.366,5.666,1.444) delta=(0.007,0.024,0.006) ceres_iters=16 points=358
1780796359.983 [INSERT] inserted pose=(27.366, 5.666, 1.444) submaps=2 points=358
1780796359.983 [NODE] added node_id=118 local_pose=(27.366, 5.666, 1.444) submaps=2 newly_finished_submap=0
1780796360.286 [SCAN_MATCH] success predict=(27.382,5.794,1.468) matched=(27.379,5.789,1.461) delta=(-0.003,-0.005,-0.007) ceres_iters=18 points=350
1780796360.287 [INSERT] skipped by motion filter pose=(27.379, 5.789, 1.461)
1780796360.569 [SCAN_MATCH] success predict=(27.385,5.847,1.470) matched=(27.389,5.864,1.480) delta=(0.005,0.017,0.010) ceres_iters=16 points=368
1780796360.569 [INSERT] skipped by motion filter pose=(27.389, 5.864, 1.480)
1780796360.861 [SCAN_MATCH] success predict=(27.400,5.998,1.505) matched=(27.396,5.980,1.491) delta=(-0.005,-0.018,-0.014) ceres_iters=17 points=365
1780796360.863 [INSERT] inserted pose=(27.396, 5.980, 1.491) submaps=2 points=365
1780796360.863 [NODE] added node_id=119 local_pose=(27.396, 5.980, 1.491) submaps=2 newly_finished_submap=1
1780796361.246 [SCAN_MATCH] success predict=(27.400,6.057,1.506) matched=(27.402,6.059,1.510) delta=(0.002,0.003,0.004) ceres_iters=23 points=361
1780796361.247 [INSERT] skipped by motion filter pose=(27.402, 6.059, 1.510)
1780796361.534 [SCAN_MATCH] success predict=(27.407,6.165,1.534) matched=(27.407,6.164,1.526) delta=(0.001,-0.001,-0.007) ceres_iters=17 points=377
1780796361.534 [INSERT] skipped by motion filter pose=(27.407, 6.164, 1.526)
1780796361.789 [SCAN_MATCH] success predict=(27.409,6.246,1.539) matched=(27.412,6.253,1.544) delta=(0.003,0.007,0.005) ceres_iters=15 points=374
1780796361.791 [INSERT] inserted pose=(27.412, 6.253, 1.544) submaps=2 points=374
1780796361.791 [NODE] added node_id=120 local_pose=(27.412, 6.253, 1.544) submaps=2 newly_finished_submap=0
1780796361.957 [SCAN_MATCH] success predict=(27.412,6.379,1.564) matched=(27.411,6.368,1.565) delta=(-0.001,-0.011,0.002) ceres_iters=11 points=371
1780796361.957 [INSERT] skipped by motion filter pose=(27.411, 6.368, 1.565)
1780796362.181 [SCAN_MATCH] success predict=(27.410,6.444,1.578) matched=(27.409,6.447,1.582) delta=(-0.001,0.003,0.004) ceres_iters=14 points=380
1780796362.181 [INSERT] skipped by motion filter pose=(27.409, 6.447, 1.582)
1780796362.444 [SCAN_MATCH] success predict=(27.406,6.564,1.603) matched=(27.406,6.559,1.598) delta=(0.000,-0.006,-0.005) ceres_iters=15 points=384
1780796362.446 [INSERT] inserted pose=(27.406, 6.559, 1.598) submaps=2 points=384
1780796362.446 [NODE] added node_id=121 local_pose=(27.406, 6.559, 1.598) submaps=2 newly_finished_submap=0
1780796362.795 [SCAN_MATCH] success predict=(27.402,6.644,1.611) matched=(27.403,6.647,1.616) delta=(0.000,0.003,0.005) ceres_iters=19 points=399
1780796362.795 [INSERT] skipped by motion filter pose=(27.403, 6.647, 1.616)
1780796363.131 [SCAN_MATCH] success predict=(27.395,6.765,1.639) matched=(27.396,6.761,1.633) delta=(0.001,-0.004,-0.006) ceres_iters=17 points=410
1780796363.135 [INSERT] inserted pose=(27.396, 6.761, 1.633) submaps=2 points=410
1780796363.135 [NODE] added node_id=122 local_pose=(27.396, 6.761, 1.633) submaps=2 newly_finished_submap=0
1780796363.422 [SCAN_MATCH] success predict=(27.390,6.840,1.650) matched=(27.390,6.845,1.649) delta=(-0.000,0.005,-0.001) ceres_iters=16 points=421
1780796363.422 [INSERT] skipped by motion filter pose=(27.390, 6.845, 1.649)
1780796363.712 [SCAN_MATCH] success predict=(27.377,6.962,1.670) matched=(27.380,6.959,1.667) delta=(0.003,-0.003,-0.003) ceres_iters=16 points=418
1780796363.713 [INSERT] skipped by motion filter pose=(27.380, 6.959, 1.667)
1780796364.001 [SCAN_MATCH] success predict=(27.371,7.041,1.680) matched=(27.372,7.045,1.684) delta=(0.001,0.004,0.004) ceres_iters=16 points=437
1780796364.004 [INSERT] inserted pose=(27.372, 7.045, 1.684) submaps=2 points=437
1780796364.004 [NODE] added node_id=123 local_pose=(27.372, 7.045, 1.684) submaps=2 newly_finished_submap=0
1780796364.269 [SCAN_MATCH] success predict=(27.356,7.168,1.700) matched=(27.358,7.162,1.701) delta=(0.002,-0.005,0.001) ceres_iters=14 points=434
1780796364.269 [INSERT] skipped by motion filter pose=(27.358, 7.162, 1.701)
1780796364.480 [SCAN_MATCH] success predict=(27.346,7.244,1.708) matched=(27.346,7.247,1.708) delta=(0.000,0.003,-0.000) ceres_iters=11 points=446
1780796364.485 [INSERT] inserted pose=(27.346, 7.247, 1.708) submaps=2 points=446
1780796364.485 [NODE] added node_id=124 local_pose=(27.346, 7.247, 1.708) submaps=2 newly_finished_submap=0
1780796364.772 [SCAN_MATCH] success predict=(27.328,7.364,1.710) matched=(27.331,7.360,1.708) delta=(0.003,-0.005,-0.002) ceres_iters=15 points=447
1780796364.772 [INSERT] skipped by motion filter pose=(27.331, 7.360, 1.708)
1780796365.064 [SCAN_MATCH] success predict=(27.318,7.439,1.707) matched=(27.319,7.443,1.708) delta=(0.001,0.005,0.001) ceres_iters=15 points=447
1780796365.064 [INSERT] skipped by motion filter pose=(27.319, 7.443, 1.708)
1780796365.318 [SCAN_MATCH] success predict=(27.300,7.560,1.712) matched=(27.303,7.557,1.708) delta=(0.003,-0.004,-0.004) ceres_iters=13 points=452
1780796365.321 [INSERT] inserted pose=(27.303, 7.557, 1.708) submaps=2 points=452
1780796365.321 [NODE] added node_id=125 local_pose=(27.303, 7.557, 1.708) submaps=2 newly_finished_submap=0
1780796365.575 [SCAN_MATCH] success predict=(27.291,7.638,1.708) matched=(27.292,7.643,1.708) delta=(0.001,0.004,-0.001) ceres_iters=13 points=453
1780796365.575 [INSERT] skipped by motion filter pose=(27.292, 7.643, 1.708)
1780796365.828 [SCAN_MATCH] success predict=(27.273,7.767,1.709) matched=(27.275,7.760,1.707) delta=(0.003,-0.007,-0.002) ceres_iters=13 points=456
1780796365.831 [INSERT] inserted pose=(27.275, 7.760, 1.707) submaps=2 points=456
1780796365.831 [NODE] added node_id=126 local_pose=(27.275, 7.760, 1.707) submaps=2 newly_finished_submap=0
1780796366.083 [SCAN_MATCH] success predict=(27.263,7.834,1.709) matched=(27.264,7.840,1.708) delta=(0.001,0.006,-0.001) ceres_iters=13 points=453
1780796366.083 [INSERT] skipped by motion filter pose=(27.264, 7.840, 1.708)
1780796366.339 [SCAN_MATCH] success predict=(27.245,7.965,1.706) matched=(27.248,7.959,1.707) delta=(0.003,-0.006,0.001) ceres_iters=13 points=459
1780796366.342 [INSERT] inserted pose=(27.248, 7.959, 1.707) submaps=2 points=459
1780796366.342 [NODE] added node_id=127 local_pose=(27.248, 7.959, 1.707) submaps=2 newly_finished_submap=0
1780796366.572 [SCAN_MATCH] success predict=(27.235,8.042,1.710) matched=(27.237,8.044,1.708) delta=(0.002,0.002,-0.002) ceres_iters=12 points=459
1780796366.572 [INSERT] skipped by motion filter pose=(27.237, 8.044, 1.708)
1780796366.827 [SCAN_MATCH] success predict=(27.218,8.163,1.709) matched=(27.221,8.157,1.707) delta=(0.003,-0.006,-0.002) ceres_iters=13 points=458
1780796366.830 [INSERT] inserted pose=(27.221, 8.157, 1.707) submaps=2 points=458
1780796366.830 [NODE] added node_id=128 local_pose=(27.221, 8.157, 1.707) submaps=2 newly_finished_submap=0
1780796366.908 [SCAN_MATCH] success predict=(27.208,8.236,1.707) matched=(27.209,8.248,1.708) delta=(0.001,0.012,0.001) ceres_iters=3 points=456
1780796366.908 [INSERT] skipped by motion filter pose=(27.209, 8.248, 1.708)
1780796367.278 [SCAN_MATCH] success predict=(27.183,8.399,1.707) matched=(27.189,8.384,1.703) delta=(0.006,-0.016,-0.003) ceres_iters=17 points=455
1780796367.282 [INSERT] inserted pose=(27.189, 8.384, 1.703) submaps=2 points=455
1780796367.282 [NODE] added node_id=129 local_pose=(27.189, 8.384, 1.703) submaps=2 newly_finished_submap=0
1780796367.589 [SCAN_MATCH] success predict=(27.180,8.444,1.700) matched=(27.181,8.453,1.707) delta=(0.002,0.009,0.007) ceres_iters=14 points=459
1780796367.589 [INSERT] skipped by motion filter pose=(27.181, 8.453, 1.707)
1780796367.939 [SCAN_MATCH] success predict=(27.165,8.553,1.717) matched=(27.167,8.554,1.705) delta=(0.002,0.001,-0.012) ceres_iters=16 points=457
1780796367.939 [INSERT] skipped by motion filter pose=(27.167, 8.554, 1.705)
1780796368.199 [SCAN_MATCH] success predict=(27.154,8.632,1.708) matched=(27.156,8.638,1.707) delta=(0.002,0.006,-0.001) ceres_iters=13 points=458
1780796368.202 [INSERT] inserted pose=(27.156, 8.638, 1.707) submaps=2 points=458
1780796368.202 [NODE] added node_id=130 local_pose=(27.156, 8.638, 1.707) submaps=2 newly_finished_submap=0
1780796368.410 [SCAN_MATCH] success predict=(27.136,8.751,1.706) matched=(27.139,8.751,1.705) delta=(0.003,0.001,-0.001) ceres_iters=11 points=460
1780796368.410 [INSERT] skipped by motion filter pose=(27.139, 8.751, 1.705)
1780796368.681 [SCAN_MATCH] success predict=(27.126,8.830,1.704) matched=(27.129,8.835,1.707) delta=(0.003,0.006,0.002) ceres_iters=13 points=460
1780796368.681 [INSERT] skipped by motion filter pose=(27.129, 8.835, 1.707)
1780796368.946 [SCAN_MATCH] success predict=(27.108,8.953,1.710) matched=(27.112,8.953,1.705) delta=(0.003,0.000,-0.005) ceres_iters=14 points=457
1780796368.949 [INSERT] inserted pose=(27.112, 8.953, 1.705) submaps=2 points=457
1780796368.949 [NODE] added node_id=131 local_pose=(27.112, 8.953, 1.705) submaps=2 newly_finished_submap=0
1780796369.294 [SCAN_MATCH] success predict=(27.092,9.061,1.709) matched=(27.097,9.058,1.704) delta=(0.005,-0.003,-0.005) ceres_iters=17 points=464
1780796369.294 [INSERT] skipped by motion filter pose=(27.097, 9.058, 1.704)
1780796369.592 [SCAN_MATCH] success predict=(27.083,9.137,1.708) matched=(27.087,9.141,1.705) delta=(0.004,0.004,-0.003) ceres_iters=14 points=459
1780796369.592 [INSERT] skipped by motion filter pose=(27.087, 9.141, 1.705)
1780796369.934 [SCAN_MATCH] success predict=(27.065,9.267,1.706) matched=(27.070,9.262,1.703) delta=(0.005,-0.005,-0.002) ceres_iters=16 points=462
1780796369.937 [INSERT] inserted pose=(27.070, 9.262, 1.703) submaps=2 points=462
1780796369.937 [NODE] added node_id=132 local_pose=(27.070, 9.262, 1.703) submaps=2 newly_finished_submap=0
1780796370.222 [SCAN_MATCH] success predict=(27.055,9.338,1.705) matched=(27.060,9.342,1.705) delta=(0.005,0.004,-0.000) ceres_iters=14 points=460
1780796370.222 [INSERT] skipped by motion filter pose=(27.060, 9.342, 1.705)
1780796370.568 [SCAN_MATCH] success predict=(27.038,9.458,1.699) matched=(27.043,9.456,1.703) delta=(0.006,-0.002,0.004) ceres_iters=17 points=460
1780796370.568 [INSERT] skipped by motion filter pose=(27.043, 9.456, 1.703)
1780796370.811 [SCAN_MATCH] success predict=(27.029,9.542,1.705) matched=(27.033,9.544,1.704) delta=(0.004,0.002,-0.001) ceres_iters=13 points=464
1780796370.814 [INSERT] inserted pose=(27.033, 9.544, 1.704) submaps=2 points=464
1780796370.814 [NODE] added node_id=133 local_pose=(27.033, 9.544, 1.704) submaps=2 newly_finished_submap=0
1780796371.070 [SCAN_MATCH] success predict=(27.020,9.623,1.708) matched=(27.023,9.630,1.706) delta=(0.003,0.007,-0.002) ceres_iters=13 points=460
1780796371.070 [INSERT] skipped by motion filter pose=(27.023, 9.630, 1.706)
1780796371.465 [SCAN_MATCH] success predict=(27.000,9.750,1.708) matched=(27.005,9.750,1.704) delta=(0.005,-0.000,-0.004) ceres_iters=19 points=459
1780796371.468 [INSERT] inserted pose=(27.005, 9.750, 1.704) submaps=2 points=459
1780796371.468 [NODE] added node_id=134 local_pose=(27.005, 9.750, 1.704) submaps=2 newly_finished_submap=0
1780796371.724 [SCAN_MATCH] success predict=(26.990,9.829,1.704) matched=(26.994,9.834,1.705) delta=(0.004,0.005,0.001) ceres_iters=13 points=456
1780796371.724 [INSERT] skipped by motion filter pose=(26.994, 9.834, 1.705)
1780796372.070 [SCAN_MATCH] success predict=(26.973,9.950,1.703) matched=(26.978,9.949,1.703) delta=(0.005,-0.001,0.000) ceres_iters=17 points=460
1780796372.073 [INSERT] inserted pose=(26.978, 9.949, 1.703) submaps=2 points=460
1780796372.073 [NODE] added node_id=135 local_pose=(26.978, 9.949, 1.703) submaps=2 newly_finished_submap=0
========== SLAM session started at 2026-06-07 09:39:39 ==========
1780796379.145 [INIT] GlobalTrajectoryBuilder started
1780796379.145 [INIT] map_save_path=/home/xhd/catkin_ws/src/AVP_SLAM_ROS/output/semantic_map_final.pcd
1780796379.145 [INIT] map_save_latest_path=/home/xhd/catkin_ws/src/AVP_SLAM_ROS/output/semantic_map_final_latest.pcd
1780796379.435 [INSERT] inserted pose=(-0.001, 0.000, -0.000) submaps=1 points=152
1780796379.435 [NODE] added node_id=0 local_pose=(-0.001, 0.000, -0.000) submaps=1 newly_finished_submap=0
1780796379.867 [SCAN_MATCH] success predict=(-0.000,0.000,-0.000) matched=(-0.008,-0.000,-0.001) delta=(-0.008,-0.000,-0.001) ceres_iters=51 points=152
1780796379.868 [INSERT] skipped by motion filter pose=(-0.008, -0.000, -0.001)
1780796380.196 [SCAN_MATCH] success predict=(-0.008,-0.000,-0.001) matched=(-0.011,-0.001,-0.001) delta=(-0.003,-0.001,0.001) ceres_iters=51 points=152
1780796380.196 [INSERT] skipped by motion filter pose=(-0.011, -0.001, -0.001)
1780796380.523 [SCAN_MATCH] success predict=(-0.011,-0.001,-0.001) matched=(-0.013,-0.002,-0.000) delta=(-0.002,-0.000,0.000) ceres_iters=51 points=152
1780796380.523 [INSERT] skipped by motion filter pose=(-0.013, -0.002, -0.000)
1780796380.862 [SCAN_MATCH] success predict=(-0.012,-0.002,-0.000) matched=(-0.013,-0.002,-0.000) delta=(-0.001,-0.000,0.000) ceres_iters=51 points=152
1780796380.862 [INSERT] skipped by motion filter pose=(-0.013, -0.002, -0.000)
1780796381.088 [SCAN_MATCH] success predict=(-0.013,-0.002,-0.000) matched=(-0.014,-0.002,-0.000) delta=(-0.001,-0.000,0.000) ceres_iters=31 points=152
1780796381.088 [INSERT] skipped by motion filter pose=(-0.014, -0.002, -0.000)
1780796381.303 [SCAN_MATCH] success predict=(-0.011,-0.002,-0.000) matched=(-0.012,-0.002,-0.001) delta=(-0.002,0.000,-0.000) ceres_iters=31 points=152
1780796381.303 [INSERT] skipped by motion filter pose=(-0.012, -0.002, -0.001)
1780796381.653 [SCAN_MATCH] success predict=(-0.013,-0.002,-0.000) matched=(-0.014,-0.002,-0.000) delta=(-0.001,-0.000,0.000) ceres_iters=51 points=152
1780796381.653 [INSERT] skipped by motion filter pose=(-0.014, -0.002, -0.000)
1780796381.883 [SCAN_MATCH] success predict=(-0.014,-0.002,-0.000) matched=(-0.014,-0.002,-0.000) delta=(-0.000,-0.000,0.000) ceres_iters=38 points=152
1780796381.883 [INSERT] skipped by motion filter pose=(-0.014, -0.002, -0.000)
1780796381.883 [SHUTDOWN] mapping node shutting down
1780796381.883 [MAP_SAVE] skip shutdown save: no map built yet
========== SLAM session started at 2026-06-07 09:40:02 ==========
1780796402.218 [INIT] GlobalTrajectoryBuilder started
1780796402.218 [INIT] map_save_path=/home/xhd/catkin_ws/src/AVP_SLAM_ROS/output/semantic_map_final.pcd
1780796402.218 [INIT] map_save_latest_path=/home/xhd/catkin_ws/src/AVP_SLAM_ROS/output/semantic_map_final_latest.pcd
1780796402.521 [INSERT] inserted pose=(-0.001, 0.000, -0.000) submaps=1 points=152
1780796402.521 [NODE] added node_id=0 local_pose=(-0.001, 0.000, -0.000) submaps=1 newly_finished_submap=0
1780796402.971 [SCAN_MATCH] success predict=(-0.000,0.000,-0.000) matched=(-0.008,-0.000,-0.001) delta=(-0.008,-0.000,-0.001) ceres_iters=51 points=152
1780796402.971 [INSERT] skipped by motion filter pose=(-0.008, -0.000, -0.001)
1780796403.320 [SCAN_MATCH] success predict=(-0.008,-0.000,-0.001) matched=(-0.011,-0.001,-0.001) delta=(-0.003,-0.001,0.001) ceres_iters=51 points=152
1780796403.320 [INSERT] skipped by motion filter pose=(-0.011, -0.001, -0.001)
1780796403.651 [SCAN_MATCH] success predict=(-0.011,-0.001,-0.001) matched=(-0.013,-0.002,-0.000) delta=(-0.002,-0.000,0.000) ceres_iters=51 points=152
1780796403.651 [INSERT] skipped by motion filter pose=(-0.013, -0.002, -0.000)
1780796403.987 [SCAN_MATCH] success predict=(-0.012,-0.002,-0.000) matched=(-0.013,-0.002,-0.000) delta=(-0.001,-0.000,0.000) ceres_iters=51 points=152
1780796403.987 [INSERT] skipped by motion filter pose=(-0.013, -0.002, -0.000)
1780796404.196 [SCAN_MATCH] success predict=(-0.013,-0.002,-0.000) matched=(-0.014,-0.002,-0.000) delta=(-0.001,-0.000,0.000) ceres_iters=31 points=152
1780796404.197 [INSERT] skipped by motion filter pose=(-0.014, -0.002, -0.000)
1780796404.406 [SCAN_MATCH] success predict=(-0.011,-0.002,-0.000) matched=(-0.012,-0.002,-0.001) delta=(-0.002,0.000,-0.000) ceres_iters=31 points=152
1780796404.406 [INSERT] skipped by motion filter pose=(-0.012, -0.002, -0.001)
1780796404.770 [SCAN_MATCH] success predict=(-0.013,-0.002,-0.000) matched=(-0.014,-0.002,-0.000) delta=(-0.001,-0.000,0.000) ceres_iters=51 points=152
1780796404.770 [INSERT] skipped by motion filter pose=(-0.014, -0.002, -0.000)
1780796405.014 [SCAN_MATCH] success predict=(-0.014,-0.002,-0.000) matched=(-0.014,-0.002,-0.000) delta=(-0.000,-0.000,0.000) ceres_iters=38 points=152
1780796405.014 [INSERT] skipped by motion filter pose=(-0.014, -0.002, -0.000)
1780796405.192 [SCAN_MATCH] success predict=(-0.014,-0.002,-0.000) matched=(-0.014,-0.002,-0.000) delta=(-0.000,-0.000,0.000) ceres_iters=28 points=152
1780796405.192 [INSERT] skipped by motion filter pose=(-0.014, -0.002, -0.000)
1780796405.382 [SCAN_MATCH] success predict=(-0.014,-0.002,-0.000) matched=(-0.014,-0.002,-0.000) delta=(-0.000,-0.000,-0.000) ceres_iters=30 points=152
1780796405.382 [INSERT] skipped by motion filter pose=(-0.014, -0.002, -0.000)
1780796405.486 [SCAN_MATCH] success predict=(-0.015,-0.002,-0.000) matched=(-0.015,-0.002,-0.000) delta=(-0.000,-0.000,0.000) ceres_iters=17 points=152
1780796405.486 [INSERT] skipped by motion filter pose=(-0.015, -0.002, -0.000)
1780796405.846 [SCAN_MATCH] success predict=(-0.018,-0.002,-0.000) matched=(-0.017,-0.003,0.000) delta=(0.001,-0.001,0.000) ceres_iters=51 points=152
1780796405.846 [INSERT] skipped by motion filter pose=(-0.017, -0.003, 0.000)
1780796405.970 [SCAN_MATCH] success predict=(-0.016,-0.003,0.000) matched=(-0.016,-0.003,0.000) delta=(0.000,0.000,-0.000) ceres_iters=19 points=152
1780796405.970 [INSERT] skipped by motion filter pose=(-0.016, -0.003, 0.000)
1780796406.181 [SCAN_MATCH] success predict=(-0.016,-0.003,0.000) matched=(-0.016,-0.003,0.000) delta=(0.000,-0.000,0.000) ceres_iters=33 points=152
1780796406.181 [INSERT] skipped by motion filter pose=(-0.016, -0.003, 0.000)
1780796406.351 [SCAN_MATCH] success predict=(-0.016,-0.003,0.000) matched=(-0.016,-0.003,0.000) delta=(0.000,-0.000,0.000) ceres_iters=27 points=152
1780796406.351 [INSERT] skipped by motion filter pose=(-0.016, -0.003, 0.000)
1780796406.431 [SCAN_MATCH] success predict=(-0.016,-0.003,0.000) matched=(-0.016,-0.003,0.000) delta=(0.000,0.000,-0.000) ceres_iters=14 points=152
1780796406.431 [INSERT] skipped by motion filter pose=(-0.016, -0.003, 0.000)
1780796406.729 [SCAN_MATCH] success predict=(-0.018,-0.003,0.000) matched=(-0.017,-0.003,0.000) delta=(0.001,-0.000,0.000) ceres_iters=44 points=152
1780796406.729 [INSERT] skipped by motion filter pose=(-0.017, -0.003, 0.000)
1780796407.047 [SCAN_MATCH] success predict=(-0.017,-0.003,0.000) matched=(-0.016,-0.003,0.000) delta=(0.000,0.000,-0.000) ceres_iters=47 points=152
1780796407.047 [INSERT] skipped by motion filter pose=(-0.016, -0.003, 0.000)
1780796407.265 [SCAN_MATCH] success predict=(-0.015,-0.003,0.000) matched=(-0.015,-0.003,0.000) delta=(-0.000,0.000,-0.000) ceres_iters=32 points=152
1780796407.265 [INSERT] skipped by motion filter pose=(-0.015, -0.003, 0.000)
1780796407.622 [SCAN_MATCH] success predict=(-0.012,-0.003,0.000) matched=(-0.014,-0.002,-0.000) delta=(-0.001,0.000,-0.000) ceres_iters=51 points=152
1780796407.622 [INSERT] skipped by motion filter pose=(-0.014, -0.002, -0.000)
1780796407.871 [SCAN_MATCH] success predict=(-0.012,-0.002,-0.000) matched=(-0.013,-0.002,-0.000) delta=(-0.001,0.000,-0.000) ceres_iters=34 points=152
1780796407.871 [INSERT] skipped by motion filter pose=(-0.013, -0.002, -0.000)
1780796408.219 [SCAN_MATCH] success predict=(-0.012,-0.002,-0.000) matched=(-0.013,-0.002,-0.000) delta=(-0.001,0.000,0.000) ceres_iters=51 points=152
1780796408.219 [INSERT] skipped by motion filter pose=(-0.013, -0.002, -0.000)
1780796408.582 [SCAN_MATCH] success predict=(-0.013,-0.002,-0.000) matched=(-0.014,-0.002,-0.000) delta=(-0.001,-0.000,0.000) ceres_iters=51 points=152
1780796408.583 [INSERT] skipped by motion filter pose=(-0.014, -0.002, -0.000)
1780796408.700 [SCAN_MATCH] success predict=(-0.015,-0.002,-0.000) matched=(-0.015,-0.002,0.000) delta=(0.000,-0.000,0.000) ceres_iters=19 points=152
1780796408.700 [INSERT] skipped by motion filter pose=(-0.015, -0.002, 0.000)
1780796408.818 [SCAN_MATCH] success predict=(-0.016,-0.002,0.000) matched=(-0.016,-0.003,0.000) delta=(0.000,-0.000,0.000) ceres_iters=19 points=152
1780796408.818 [INSERT] skipped by motion filter pose=(-0.016, -0.003, 0.000)
1780796409.094 [SCAN_MATCH] success predict=(-0.017,-0.003,0.000) matched=(-0.016,-0.003,0.000) delta=(0.001,-0.000,-0.000) ceres_iters=43 points=152
1780796409.094 [INSERT] skipped by motion filter pose=(-0.016, -0.003, 0.000)
1780796409.132 [SCAN_MATCH] success predict=(-0.015,-0.003,0.000) matched=(-0.015,-0.003,0.000) delta=(-0.000,0.000,-0.000) ceres_iters=8 points=152
1780796409.132 [INSERT] skipped by motion filter pose=(-0.015, -0.003, 0.000)
1780796409.298 [SCAN_MATCH] success predict=(-0.015,-0.003,0.000) matched=(-0.015,-0.003,0.000) delta=(-0.000,0.000,-0.000) ceres_iters=24 points=152
1780796409.298 [INSERT] skipped by motion filter pose=(-0.015, -0.003, 0.000)
1780796409.585 [SCAN_MATCH] success predict=(-0.014,-0.003,-0.000) matched=(-0.014,-0.003,-0.000) delta=(-0.000,0.000,-0.000) ceres_iters=43 points=152
1780796409.585 [INSERT] skipped by motion filter pose=(-0.014, -0.003, -0.000)
1780796409.794 [SCAN_MATCH] success predict=(-0.016,-0.003,-0.000) matched=(-0.016,-0.003,0.000) delta=(0.000,-0.000,0.000) ceres_iters=32 points=152
1780796409.794 [INSERT] skipped by motion filter pose=(-0.016, -0.003, 0.000)
1780796409.832 [SCAN_MATCH] success predict=(-0.015,-0.003,0.000) matched=(-0.015,-0.003,0.000) delta=(-0.000,-0.000,-0.000) ceres_iters=8 points=152
1780796409.832 [INSERT] skipped by motion filter pose=(-0.015, -0.003, 0.000)
1780796410.133 [SCAN_MATCH] success predict=(-0.014,-0.003,-0.000) matched=(-0.015,-0.003,-0.000) delta=(-0.000,0.000,-0.000) ceres_iters=40 points=152
1780796410.133 [INSERT] skipped by motion filter pose=(-0.015, -0.003, -0.000)
1780796410.508 [SCAN_MATCH] success predict=(-0.017,-0.003,0.000) matched=(-0.016,-0.003,0.000) delta=(0.001,-0.000,0.000) ceres_iters=51 points=152
1780796410.508 [INSERT] skipped by motion filter pose=(-0.016, -0.003, 0.000)
1780796410.546 [SCAN_MATCH] success predict=(-0.015,-0.003,0.000) matched=(-0.015,-0.003,0.000) delta=(-0.000,-0.000,-0.000) ceres_iters=8 points=152
1780796410.546 [INSERT] skipped by motion filter pose=(-0.015, -0.003, 0.000)
1780796410.583 [SCAN_MATCH] success predict=(-0.015,-0.003,0.000) matched=(-0.015,-0.003,0.000) delta=(-0.000,0.000,-0.000) ceres_iters=8 points=152
1780796410.583 [INSERT] skipped by motion filter pose=(-0.015, -0.003, 0.000)
1780796410.630 [SCAN_MATCH] success predict=(-0.016,-0.003,0.000) matched=(-0.015,-0.003,0.000) delta=(0.000,0.000,0.000) ceres_iters=9 points=152
1780796410.630 [INSERT] skipped by motion filter pose=(-0.015, -0.003, 0.000)
1780796410.978 [SCAN_MATCH] success predict=(-0.017,-0.003,0.000) matched=(-0.016,-0.003,0.000) delta=(0.001,-0.000,0.000) ceres_iters=51 points=152
1780796410.978 [INSERT] skipped by motion filter pose=(-0.016, -0.003, 0.000)
1780796411.122 [SCAN_MATCH] success predict=(-0.016,-0.003,0.000) matched=(-0.016,-0.003,0.000) delta=(0.000,0.000,-0.000) ceres_iters=24 points=152
1780796411.122 [INSERT] skipped by motion filter pose=(-0.016, -0.003, 0.000)
1780796411.274 [SCAN_MATCH] success predict=(-0.014,-0.003,0.000) matched=(-0.015,-0.003,-0.000) delta=(-0.000,0.000,-0.000) ceres_iters=23 points=152
1780796411.274 [INSERT] skipped by motion filter pose=(-0.015, -0.003, -0.000)
1780796411.312 [SCAN_MATCH] success predict=(-0.015,-0.003,0.000) matched=(-0.015,-0.003,0.000) delta=(-0.000,0.000,-0.000) ceres_iters=8 points=152
1780796411.312 [INSERT] skipped by motion filter pose=(-0.015, -0.003, 0.000)
1780796411.400 [SCAN_MATCH] success predict=(-0.015,-0.003,-0.000) matched=(-0.015,-0.003,0.000) delta=(-0.000,0.000,0.000) ceres_iters=15 points=152
1780796411.400 [INSERT] skipped by motion filter pose=(-0.015, -0.003, 0.000)
1780796411.715 [SCAN_MATCH] success predict=(-0.014,-0.003,-0.000) matched=(-0.015,-0.003,-0.000) delta=(-0.000,0.000,0.000) ceres_iters=44 points=152
1780796411.715 [INSERT] skipped by motion filter pose=(-0.015, -0.003, -0.000)
1780796411.864 [SCAN_MATCH] success predict=(-0.016,-0.003,-0.000) matched=(-0.016,-0.003,0.000) delta=(0.000,-0.000,0.000) ceres_iters=22 points=152
1780796411.864 [INSERT] skipped by motion filter pose=(-0.016, -0.003, 0.000)
1780796412.208 [SCAN_MATCH] success predict=(-0.017,-0.003,0.000) matched=(-0.016,-0.003,0.000) delta=(0.001,-0.000,0.000) ceres_iters=50 points=152
1780796412.208 [INSERT] skipped by motion filter pose=(-0.016, -0.003, 0.000)
1780796412.488 [SCAN_MATCH] success predict=(-0.017,-0.003,0.000) matched=(-0.016,-0.003,0.000) delta=(0.001,-0.000,0.000) ceres_iters=42 points=152
1780796412.489 [INSERT] skipped by motion filter pose=(-0.016, -0.003, 0.000)
1780796412.839 [SCAN_MATCH] success predict=(-0.017,-0.003,0.000) matched=(-0.016,-0.003,0.000) delta=(0.001,-0.000,-0.000) ceres_iters=50 points=152
1780796412.839 [INSERT] skipped by motion filter pose=(-0.016, -0.003, 0.000)
1780796413.113 [SCAN_MATCH] success predict=(-0.017,-0.003,0.000) matched=(-0.016,-0.003,0.000) delta=(0.001,-0.000,0.000) ceres_iters=39 points=152
1780796413.113 [INSERT] skipped by motion filter pose=(-0.016, -0.003, 0.000)
1780796413.472 [SCAN_MATCH] success predict=(-0.017,-0.003,0.000) matched=(-0.016,-0.003,0.000) delta=(0.001,-0.000,0.000) ceres_iters=51 points=152
1780796413.472 [INSERT] skipped by motion filter pose=(-0.016, -0.003, 0.000)
1780796413.581 [SCAN_MATCH] success predict=(-0.016,-0.003,0.000) matched=(-0.016,-0.003,0.000) delta=(0.000,0.000,-0.000) ceres_iters=18 points=152
1780796413.581 [INSERT] skipped by motion filter pose=(-0.016, -0.003, 0.000)
1780796413.660 [SCAN_MATCH] success predict=(-0.015,-0.003,0.000) matched=(-0.015,-0.003,0.000) delta=(0.000,0.000,-0.000) ceres_iters=14 points=152
1780796413.660 [INSERT] skipped by motion filter pose=(-0.015, -0.003, 0.000)
1780796413.757 [SCAN_MATCH] success predict=(-0.015,-0.003,0.000) matched=(-0.015,-0.003,0.000) delta=(-0.000,0.000,-0.000) ceres_iters=16 points=152
1780796413.757 [INSERT] skipped by motion filter pose=(-0.015, -0.003, 0.000)
1780796413.804 [SCAN_MATCH] success predict=(-0.015,-0.003,0.000) matched=(-0.015,-0.003,0.000) delta=(0.000,0.000,0.000) ceres_iters=9 points=152
1780796413.804 [INSERT] skipped by motion filter pose=(-0.015, -0.003, 0.000)
1780796413.989 [SCAN_MATCH] success predict=(-0.014,-0.003,0.000) matched=(-0.015,-0.003,-0.000) delta=(-0.000,0.000,-0.000) ceres_iters=28 points=152
1780796413.989 [INSERT] skipped by motion filter pose=(-0.015, -0.003, -0.000)
1780796414.218 [SCAN_MATCH] success predict=(-0.015,-0.003,-0.000) matched=(-0.015,-0.003,-0.000) delta=(-0.000,0.000,0.000) ceres_iters=33 points=152
1780796414.218 [INSERT] skipped by motion filter pose=(-0.015, -0.003, -0.000)
1780796414.416 [SCAN_MATCH] success predict=(-0.016,-0.003,-0.000) matched=(-0.016,-0.003,0.000) delta=(0.000,-0.000,0.000) ceres_iters=29 points=152
1780796414.416 [INSERT] skipped by motion filter pose=(-0.016, -0.003, 0.000)
1780796414.507 [SCAN_MATCH] success predict=(-0.016,-0.003,0.000) matched=(-0.016,-0.003,0.000) delta=(0.000,-0.000,0.000) ceres_iters=16 points=152
1780796414.507 [INSERT] skipped by motion filter pose=(-0.016, -0.003, 0.000)
1780796414.889 [SCAN_MATCH] success predict=(-0.019,-0.003,0.000) matched=(-0.017,-0.003,0.001) delta=(0.001,-0.000,0.000) ceres_iters=51 points=152
1780796414.889 [INSERT] skipped by motion filter pose=(-0.017, -0.003, 0.001)
1780796415.140 [SCAN_MATCH] success predict=(-0.017,-0.003,0.000) matched=(-0.016,-0.003,0.000) delta=(0.001,0.000,-0.000) ceres_iters=40 points=152
1780796415.140 [INSERT] skipped by motion filter pose=(-0.016, -0.003, 0.000)
1780796415.314 [SCAN_MATCH] success predict=(-0.017,-0.003,0.000) matched=(-0.016,-0.003,0.000) delta=(0.000,0.000,-0.000) ceres_iters=28 points=152
1780796415.314 [INSERT] skipped by motion filter pose=(-0.016, -0.003, 0.000)
1780796415.401 [SCAN_MATCH] success predict=(-0.015,-0.003,0.000) matched=(-0.015,-0.003,0.000) delta=(-0.000,0.000,-0.000) ceres_iters=15 points=152
1780796415.401 [INSERT] skipped by motion filter pose=(-0.015, -0.003, 0.000)
1780796415.550 [SCAN_MATCH] success predict=(-0.015,-0.003,0.000) matched=(-0.015,-0.003,0.000) delta=(-0.000,0.000,0.000) ceres_iters=22 points=152
1780796415.550 [INSERT] skipped by motion filter pose=(-0.015, -0.003, 0.000)
1780796415.709 [SCAN_MATCH] success predict=(-0.017,-0.003,0.000) matched=(-0.016,-0.003,0.000) delta=(0.000,-0.000,0.000) ceres_iters=25 points=152
1780796415.709 [INSERT] skipped by motion filter pose=(-0.016, -0.003, 0.000)
1780796415.797 [SCAN_MATCH] success predict=(-0.015,-0.003,0.000) matched=(-0.015,-0.003,0.000) delta=(-0.000,0.000,-0.000) ceres_iters=15 points=152
1780796415.797 [INSERT] skipped by motion filter pose=(-0.015, -0.003, 0.000)
1780796415.948 [SCAN_MATCH] success predict=(-0.014,-0.003,-0.000) matched=(-0.014,-0.003,-0.000) delta=(-0.000,0.000,-0.000) ceres_iters=24 points=152
1780796415.948 [INSERT] skipped by motion filter pose=(-0.014, -0.003, -0.000)
1780796416.319 [SCAN_MATCH] success predict=(-0.013,-0.003,-0.000) matched=(-0.014,-0.003,-0.000) delta=(-0.001,0.000,-0.000) ceres_iters=51 points=152
1780796416.319 [INSERT] skipped by motion filter pose=(-0.014, -0.003, -0.000)
1780796416.499 [SCAN_MATCH] success predict=(-0.015,-0.003,-0.000) matched=(-0.015,-0.003,-0.000) delta=(-0.000,-0.000,0.000) ceres_iters=27 points=152
1780796416.499 [INSERT] skipped by motion filter pose=(-0.015, -0.003, -0.000)
1780796416.659 [SCAN_MATCH] success predict=(-0.015,-0.003,-0.000) matched=(-0.015,-0.003,-0.000) delta=(-0.000,-0.000,0.000) ceres_iters=24 points=152
1780796416.659 [INSERT] skipped by motion filter pose=(-0.015, -0.003, -0.000)
1780796416.861 [SCAN_MATCH] success predict=(-0.014,-0.003,-0.000) matched=(-0.014,-0.003,-0.000) delta=(-0.000,0.000,-0.000) ceres_iters=32 points=152
1780796416.861 [INSERT] skipped by motion filter pose=(-0.014, -0.003, -0.000)
1780796417.177 [SCAN_MATCH] success predict=(-0.013,-0.003,-0.000) matched=(-0.014,-0.002,-0.000) delta=(-0.001,0.000,-0.000) ceres_iters=47 points=152
1780796417.177 [INSERT] skipped by motion filter pose=(-0.014, -0.002, -0.000)
1780796417.328 [SCAN_MATCH] success predict=(-0.015,-0.002,-0.000) matched=(-0.015,-0.002,-0.000) delta=(-0.000,-0.000,0.000) ceres_iters=23 points=152
1780796417.328 [INSERT] skipped by motion filter pose=(-0.015, -0.002, -0.000)
1780796417.690 [SCAN_MATCH] success predict=(-0.013,-0.002,-0.000) matched=(-0.014,-0.002,-0.000) delta=(-0.001,0.000,0.000) ceres_iters=51 points=152
1780796417.690 [INSERT] skipped by motion filter pose=(-0.014, -0.002, -0.000)
1780796417.816 [SCAN_MATCH] success predict=(-0.014,-0.002,-0.000) matched=(-0.014,-0.002,-0.000) delta=(-0.001,-0.000,0.000) ceres_iters=20 points=152
1780796417.816 [INSERT] skipped by motion filter pose=(-0.014, -0.002, -0.000)
1780796417.907 [SCAN_MATCH] success predict=(-0.014,-0.002,-0.000) matched=(-0.014,-0.002,-0.000) delta=(-0.000,-0.000,-0.000) ceres_iters=16 points=152
1780796417.907 [INSERT] skipped by motion filter pose=(-0.014, -0.002, -0.000)
1780796418.191 [SCAN_MATCH] success predict=(-0.013,-0.002,-0.000) matched=(-0.014,-0.002,-0.000) delta=(-0.001,0.000,0.000) ceres_iters=40 points=152
1780796418.191 [INSERT] skipped by motion filter pose=(-0.014, -0.002, -0.000)
1780796418.429 [SCAN_MATCH] success predict=(-0.016,-0.002,-0.000) matched=(-0.016,-0.003,0.000) delta=(0.000,-0.000,0.000) ceres_iters=36 points=152
1780796418.429 [INSERT] skipped by motion filter pose=(-0.016, -0.003, 0.000)
1780796418.784 [SCAN_MATCH] success predict=(-0.017,-0.003,0.000) matched=(-0.017,-0.003,0.000) delta=(0.001,-0.000,0.000) ceres_iters=51 points=152
1780796418.784 [INSERT] skipped by motion filter pose=(-0.017, -0.003, 0.000)
1780796419.129 [SCAN_MATCH] success predict=(-0.016,-0.003,0.000) matched=(-0.016,-0.003,0.000) delta=(0.000,0.000,-0.000) ceres_iters=45 points=152
1780796419.129 [INSERT] skipped by motion filter pose=(-0.016, -0.003, 0.000)
1780796419.176 [SCAN_MATCH] success predict=(-0.016,-0.003,0.000) matched=(-0.016,-0.003,0.000) delta=(0.000,0.000,-0.000) ceres_iters=9 points=152
1780796419.176 [INSERT] skipped by motion filter pose=(-0.016, -0.003, 0.000)
1780796419.256 [SCAN_MATCH] success predict=(-0.015,-0.003,0.000) matched=(-0.015,-0.003,0.000) delta=(-0.000,0.000,-0.000) ceres_iters=14 points=152
1780796419.256 [INSERT] skipped by motion filter pose=(-0.015, -0.003, 0.000)
1780796419.456 [SCAN_MATCH] success predict=(-0.014,-0.003,0.000) matched=(-0.015,-0.003,-0.000) delta=(-0.000,0.000,-0.000) ceres_iters=32 points=152
1780796419.456 [INSERT] skipped by motion filter pose=(-0.015, -0.003, -0.000)
1780796419.628 [SCAN_MATCH] success predict=(-0.015,-0.003,0.000) matched=(-0.015,-0.003,-0.000) delta=(-0.000,0.000,-0.000) ceres_iters=25 points=152
1780796419.628 [INSERT] skipped by motion filter pose=(-0.015, -0.003, -0.000)
1780796419.901 [SCAN_MATCH] success predict=(-0.014,-0.003,-0.000) matched=(-0.015,-0.003,-0.000) delta=(-0.000,0.000,0.000) ceres_iters=40 points=152
1780796419.901 [INSERT] skipped by motion filter pose=(-0.015, -0.003, -0.000)
1780796420.070 [SCAN_MATCH] success predict=(-0.016,-0.003,-0.000) matched=(-0.016,-0.003,0.000) delta=(0.000,-0.000,0.000) ceres_iters=26 points=152
1780796420.070 [INSERT] skipped by motion filter pose=(-0.016, -0.003, 0.000)
1780796420.239 [SCAN_MATCH] success predict=(-0.017,-0.003,0.000) matched=(-0.016,-0.003,0.000) delta=(0.000,-0.000,0.000) ceres_iters=26 points=152
1780796420.239 [INSERT] skipped by motion filter pose=(-0.016, -0.003, 0.000)
1780796420.584 [SCAN_MATCH] success predict=(-0.017,-0.003,0.000) matched=(-0.016,-0.003,0.000) delta=(0.001,-0.000,0.000) ceres_iters=51 points=152
1780796420.584 [INSERT] skipped by motion filter pose=(-0.016, -0.003, 0.000)
1780796420.733 [SCAN_MATCH] success predict=(-0.015,-0.003,0.000) matched=(-0.015,-0.003,0.000) delta=(-0.000,0.000,-0.000) ceres_iters=22 points=152
1780796420.733 [INSERT] skipped by motion filter pose=(-0.015, -0.003, 0.000)
1780796420.955 [SCAN_MATCH] success predict=(-0.016,-0.003,0.000) matched=(-0.016,-0.003,0.000) delta=(0.000,0.000,0.000) ceres_iters=31 points=152
1780796420.955 [INSERT] skipped by motion filter pose=(-0.016, -0.003, 0.000)
1780796421.215 [SCAN_MATCH] success predict=(-0.017,-0.003,0.000) matched=(-0.016,-0.003,0.000) delta=(0.001,-0.000,0.000) ceres_iters=41 points=152
1780796421.215 [INSERT] skipped by motion filter pose=(-0.016, -0.003, 0.000)
1780796421.303 [SCAN_MATCH] success predict=(-0.015,-0.003,0.000) matched=(-0.015,-0.003,0.000) delta=(-0.000,0.000,-0.000) ceres_iters=15 points=152
1780796421.303 [INSERT] skipped by motion filter pose=(-0.015, -0.003, 0.000)
1780796421.457 [SCAN_MATCH] success predict=(-0.014,-0.003,-0.000) matched=(-0.015,-0.003,-0.000) delta=(-0.000,0.000,-0.000) ceres_iters=25 points=152
1780796421.457 [INSERT] skipped by motion filter pose=(-0.015, -0.003, -0.000)
1780796421.619 [SCAN_MATCH] success predict=(-0.014,-0.003,-0.000) matched=(-0.014,-0.003,-0.000) delta=(-0.000,0.000,0.000) ceres_iters=26 points=152
1780796421.619 [INSERT] skipped by motion filter pose=(-0.014, -0.003, -0.000)
1780796421.683 [SCAN_MATCH] success predict=(-0.014,-0.003,-0.000) matched=(-0.014,-0.003,-0.000) delta=(-0.000,0.000,0.000) ceres_iters=11 points=152
1780796421.683 [INSERT] skipped by motion filter pose=(-0.014, -0.003, -0.000)
1780796421.750 [SCAN_MATCH] success predict=(-0.014,-0.003,-0.000) matched=(-0.014,-0.003,-0.000) delta=(-0.000,0.000,0.000) ceres_iters=12 points=152
1780796421.750 [INSERT] skipped by motion filter pose=(-0.014, -0.003, -0.000)
1780796421.750 [OPTIMIZE] trigger periodic global optimization and map publish
1780796421.750 [OPTIMIZE] RunOptimization start: loop_candidates=0 constraints=1
1780796421.750 [SPA] Ceres CONVERGED initial_cost=0.000000 final_cost=0.000000 iterations=1 constraints=1 submaps=1 nodes=1
1780796421.750 [OPTIMIZE] SPA done: loop_accepted=0/0 constraints=1 nodes=1 first_pose=(-0.001,0.000,-0.000) last_pose=(-0.001,0.000,-0.000)
1780796421.750 [OPTIMIZE] finished: nodes=1 submaps=1 constraints 1->1 (global=0)
1780796421.751 [MAP_PUB] published /semantic_map with 152 points (filtered=152)
1780796421.751 [MAP_SAVE] optimization_latest saved 152 points to /home/xhd/catkin_ws/src/AVP_SLAM_ROS/output/semantic_map_final_latest.pcd
1780796422.133 [SCAN_MATCH] success predict=(-0.013,-0.003,-0.000) matched=(-0.014,-0.002,-0.000) delta=(-0.001,0.000,-0.000) ceres_iters=51 points=152
1780796422.133 [INSERT] skipped by motion filter pose=(-0.014, -0.002, -0.000)
1780796422.498 [SCAN_MATCH] success predict=(-0.013,-0.002,-0.000) matched=(-0.014,-0.002,-0.000) delta=(-0.001,0.000,-0.000) ceres_iters=51 points=152
1780796422.498 [INSERT] skipped by motion filter pose=(-0.014, -0.002, -0.000)
1780796422.810 [SCAN_MATCH] success predict=(-0.014,-0.002,-0.000) matched=(-0.014,-0.002,-0.000) delta=(-0.001,-0.000,0.000) ceres_iters=47 points=152
1780796422.810 [INSERT] skipped by motion filter pose=(-0.014, -0.002, -0.000)
1780796422.980 [SCAN_MATCH] success predict=(-0.015,-0.002,-0.000) matched=(-0.015,-0.002,-0.000) delta=(-0.000,-0.000,0.000) ceres_iters=25 points=152
1780796422.980 [INSERT] skipped by motion filter pose=(-0.015, -0.002, -0.000)
1780796423.284 [SCAN_MATCH] success predict=(-0.013,-0.002,-0.000) matched=(-0.014,-0.002,-0.000) delta=(-0.001,0.000,-0.000) ceres_iters=46 points=152
1780796423.284 [INSERT] skipped by motion filter pose=(-0.014, -0.002, -0.000)
1780796423.569 [SCAN_MATCH] success predict=(-0.014,-0.002,-0.000) matched=(-0.014,-0.002,-0.000) delta=(-0.000,-0.000,0.000) ceres_iters=43 points=152
1780796423.569 [INSERT] skipped by motion filter pose=(-0.014, -0.002, -0.000)
1780796423.728 [SCAN_MATCH] success predict=(-0.014,-0.002,-0.000) matched=(-0.014,-0.002,-0.000) delta=(-0.000,-0.000,-0.000) ceres_iters=25 points=152
1780796423.728 [INSERT] skipped by motion filter pose=(-0.014, -0.002, -0.000)
1780796423.828 [SCAN_MATCH] success predict=(-0.015,-0.002,-0.000) matched=(-0.015,-0.003,0.000) delta=(-0.000,-0.000,0.000) ceres_iters=17 points=152
1780796423.828 [INSERT] skipped by motion filter pose=(-0.015, -0.003, 0.000)
1780796424.119 [SCAN_MATCH] success predict=(-0.017,-0.003,-0.000) matched=(-0.016,-0.003,0.000) delta=(0.001,-0.000,0.000) ceres_iters=42 points=152
1780796424.119 [INSERT] skipped by motion filter pose=(-0.016, -0.003, 0.000)
1780796424.174 [SCAN_MATCH] success predict=(-0.015,-0.003,0.000) matched=(-0.015,-0.003,0.000) delta=(-0.000,-0.000,-0.000) ceres_iters=10 points=152
1780796424.174 [INSERT] skipped by motion filter pose=(-0.015, -0.003, 0.000)
1780796424.334 [SCAN_MATCH] success predict=(-0.014,-0.003,0.000) matched=(-0.015,-0.003,-0.000) delta=(-0.000,0.000,-0.000) ceres_iters=23 points=152
1780796424.334 [INSERT] skipped by motion filter pose=(-0.015, -0.003, -0.000)
1780796424.453 [SCAN_MATCH] success predict=(-0.016,-0.003,0.000) matched=(-0.016,-0.003,0.000) delta=(0.000,-0.000,0.000) ceres_iters=19 points=152
1780796424.453 [INSERT] skipped by motion filter pose=(-0.016, -0.003, 0.000)
1780796424.593 [SCAN_MATCH] success predict=(-0.016,-0.003,0.000) matched=(-0.016,-0.003,0.000) delta=(0.000,0.000,-0.000) ceres_iters=22 points=152
1780796424.593 [INSERT] skipped by motion filter pose=(-0.016, -0.003, 0.000)
1780796424.829 [SCAN_MATCH] success predict=(-0.017,-0.003,0.000) matched=(-0.016,-0.003,0.000) delta=(0.001,-0.000,0.000) ceres_iters=36 points=152
1780796424.829 [INSERT] skipped by motion filter pose=(-0.016, -0.003, 0.000)
1780796424.969 [SCAN_MATCH] success predict=(-0.015,-0.003,0.000) matched=(-0.015,-0.003,0.000) delta=(-0.000,0.000,-0.000) ceres_iters=22 points=152
1780796424.969 [INSERT] skipped by motion filter pose=(-0.015, -0.003, 0.000)
1780796425.015 [SCAN_MATCH] success predict=(-0.016,-0.003,0.000) matched=(-0.016,-0.003,0.000) delta=(0.000,0.000,0.000) ceres_iters=9 points=152
1780796425.015 [INSERT] skipped by motion filter pose=(-0.016, -0.003, 0.000)
1780796425.245 [SCAN_MATCH] success predict=(-0.016,-0.003,0.000) matched=(-0.016,-0.003,0.000) delta=(0.000,-0.000,0.000) ceres_iters=35 points=152
1780796425.245 [INSERT] skipped by motion filter pose=(-0.016, -0.003, 0.000)
1780796425.430 [SCAN_MATCH] success predict=(-0.014,-0.003,0.000) matched=(-0.015,-0.003,-0.000) delta=(-0.000,0.000,-0.000) ceres_iters=29 points=152
1780796425.430 [INSERT] skipped by motion filter pose=(-0.015, -0.003, -0.000)
1780796425.746 [SCAN_MATCH] success predict=(-0.013,-0.003,0.000) matched=(-0.014,-0.002,-0.000) delta=(-0.001,0.000,-0.000) ceres_iters=51 points=152
1780796425.746 [INSERT] skipped by motion filter pose=(-0.014, -0.002, -0.000)
1780796425.883 [SCAN_MATCH] success predict=(-0.014,-0.002,-0.000) matched=(-0.014,-0.002,-0.000) delta=(-0.000,-0.000,0.000) ceres_iters=22 points=152
1780796425.883 [INSERT] skipped by motion filter pose=(-0.014, -0.002, -0.000)
1780796426.037 [SCAN_MATCH] success predict=(-0.016,-0.002,-0.000) matched=(-0.015,-0.003,0.000) delta=(0.000,-0.000,0.000) ceres_iters=26 points=152
1780796426.037 [INSERT] skipped by motion filter pose=(-0.015, -0.003, 0.000)
1780796426.388 [SCAN_MATCH] success predict=(-0.014,-0.003,0.000) matched=(-0.014,-0.003,-0.000) delta=(-0.001,0.000,-0.000) ceres_iters=51 points=152
1780796426.388 [INSERT] skipped by motion filter pose=(-0.014, -0.003, -0.000)
1780796426.479 [SCAN_MATCH] success predict=(-0.015,-0.003,-0.000) matched=(-0.015,-0.003,0.000) delta=(0.000,-0.000,0.000) ceres_iters=16 points=152
1780796426.479 [INSERT] skipped by motion filter pose=(-0.015, -0.003, 0.000)
1780796426.741 [SCAN_MATCH] success predict=(-0.017,-0.003,0.000) matched=(-0.016,-0.003,0.000) delta=(0.001,-0.000,0.000) ceres_iters=42 points=152
1780796426.741 [INSERT] skipped by motion filter pose=(-0.016, -0.003, 0.000)
1780796427.128 [SCAN_MATCH] success predict=(-0.019,-0.003,0.000) matched=(-0.018,-0.003,0.001) delta=(0.002,-0.000,0.000) ceres_iters=51 points=152
1780796427.128 [INSERT] skipped by motion filter pose=(-0.018, -0.003, 0.001)
1780796427.446 [SCAN_MATCH] success predict=(-0.018,-0.003,0.001) matched=(-0.017,-0.003,0.000) delta=(0.001,0.000,-0.000) ceres_iters=51 points=152
1780796427.446 [INSERT] skipped by motion filter pose=(-0.017, -0.003, 0.000)
1780796427.796 [SCAN_MATCH] success predict=(-0.017,-0.003,0.000) matched=(-0.017,-0.003,0.000) delta=(0.001,0.000,0.000) ceres_iters=51 points=152
1780796427.796 [INSERT] skipped by motion filter pose=(-0.017, -0.003, 0.000)
1780796428.014 [SCAN_MATCH] success predict=(-0.015,-0.003,0.000) matched=(-0.015,-0.003,0.000) delta=(-0.000,0.000,-0.000) ceres_iters=33 points=152
1780796428.014 [INSERT] skipped by motion filter pose=(-0.015, -0.003, 0.000)
1780796428.344 [SCAN_MATCH] success predict=(-0.015,-0.003,0.000) matched=(-0.010,-0.004,0.001) delta=(0.005,-0.001,0.001) ceres_iters=49 points=152
1780796428.344 [INSERT] skipped by motion filter pose=(-0.010, -0.004, 0.001)
1780796428.524 [SCAN_MATCH] success predict=(0.031,-0.004,0.002) matched=(0.038,-0.004,0.001) delta=(0.007,-0.000,-0.000) ceres_iters=27 points=156
1780796428.524 [INSERT] skipped by motion filter pose=(0.038, -0.004, 0.001)
1780796428.705 [SCAN_MATCH] success predict=(0.097,-0.004,0.002) matched=(0.095,-0.003,-0.000) delta=(-0.002,0.001,-0.002) ceres_iters=28 points=154
1780796428.706 [INSERT] skipped by motion filter pose=(0.095, -0.003, -0.000)
1780796429.000 [SCAN_MATCH] success predict=(0.135,-0.003,0.000) matched=(0.139,-0.003,0.001) delta=(0.004,-0.001,0.000) ceres_iters=41 points=159
1780796429.000 [INSERT] skipped by motion filter pose=(0.139, -0.003, 0.001)
1780796429.151 [SCAN_MATCH] success predict=(0.203,-0.003,0.003) matched=(0.198,-0.002,-0.001) delta=(-0.005,0.001,-0.003) ceres_iters=23 points=155
1780796429.151 [INSERT] skipped by motion filter pose=(0.198, -0.002, -0.001)
1780796429.521 [SCAN_MATCH] success predict=(0.238,-0.002,-0.001) matched=(0.241,-0.003,0.001) delta=(0.002,-0.001,0.002) ceres_iters=45 points=164
1780796429.522 [INSERT] inserted pose=(0.241, -0.003, 0.001) submaps=1 points=164
1780796429.522 [NODE] added node_id=1 local_pose=(0.241, -0.003, 0.001) submaps=1 newly_finished_submap=0
1780796429.813 [SCAN_MATCH] success predict=(0.304,-0.003,0.001) matched=(0.299,-0.002,-0.001) delta=(-0.005,0.001,-0.002) ceres_iters=39 points=163
1780796429.813 [INSERT] skipped by motion filter pose=(0.299, -0.002, -0.001)
1780796430.041 [SCAN_MATCH] success predict=(0.337,-0.002,-0.002) matched=(0.346,-0.004,0.002) delta=(0.009,-0.002,0.004) ceres_iters=29 points=169
1780796430.042 [INSERT] skipped by motion filter pose=(0.346, -0.004, 0.002)
1780796430.352 [SCAN_MATCH] success predict=(0.405,-0.003,0.003) matched=(0.399,-0.002,-0.001) delta=(-0.006,0.001,-0.004) ceres_iters=38 points=167
1780796430.352 [INSERT] skipped by motion filter pose=(0.399, -0.002, -0.001)
1780796430.546 [SCAN_MATCH] success predict=(0.441,-0.002,-0.001) matched=(0.442,-0.003,0.000) delta=(0.001,-0.001,0.002) ceres_iters=26 points=174
1780796430.546 [INSERT] inserted pose=(0.442, -0.003, 0.000) submaps=1 points=174
1780796430.546 [NODE] added node_id=2 local_pose=(0.442, -0.003, 0.000) submaps=1 newly_finished_submap=0
1780796430.862 [SCAN_MATCH] success predict=(0.507,-0.003,0.001) matched=(0.500,-0.002,-0.001) delta=(-0.007,0.001,-0.002) ceres_iters=42 points=171
1780796430.862 [INSERT] skipped by motion filter pose=(0.500, -0.002, -0.001)
1780796431.239 [SCAN_MATCH] success predict=(0.540,-0.002,-0.002) matched=(0.542,-0.003,0.000) delta=(0.002,-0.001,0.002) ceres_iters=43 points=179
1780796431.239 [INSERT] skipped by motion filter pose=(0.542, -0.003, 0.000)
1780796431.524 [SCAN_MATCH] success predict=(0.605,-0.003,0.001) matched=(0.600,-0.002,-0.001) delta=(-0.005,0.001,-0.001) ceres_iters=36 points=174
1780796431.524 [INSERT] skipped by motion filter pose=(0.600, -0.002, -0.001)
1780796431.988 [SCAN_MATCH] success predict=(0.640,-0.002,-0.003) matched=(0.642,-0.003,0.000) delta=(0.002,-0.001,0.003) ceres_iters=51 points=182
1780796431.988 [INSERT] skipped by motion filter pose=(0.642, -0.003, 0.000)
1780796432.417 [SCAN_MATCH] success predict=(0.705,-0.003,-0.001) matched=(0.699,-0.002,-0.001) delta=(-0.005,0.001,0.000) ceres_iters=51 points=178
1780796432.418 [INSERT] inserted pose=(0.699, -0.002, -0.001) submaps=1 points=178
1780796432.418 [NODE] added node_id=3 local_pose=(0.699, -0.002, -0.001) submaps=1 newly_finished_submap=0
1780796432.837 [SCAN_MATCH] success predict=(0.739,-0.002,-0.003) matched=(0.741,-0.003,0.000) delta=(0.002,-0.001,0.003) ceres_iters=46 points=186
1780796432.837 [INSERT] skipped by motion filter pose=(0.741, -0.003, 0.000)
1780796433.030 [SCAN_MATCH] success predict=(0.801,-0.003,-0.000) matched=(0.797,-0.002,-0.001) delta=(-0.003,0.001,-0.000) ceres_iters=24 points=182
1780796433.030 [INSERT] skipped by motion filter pose=(0.797, -0.002, -0.001)
1780796433.369 [SCAN_MATCH] success predict=(0.847,-0.002,0.003) matched=(0.845,-0.003,-0.000) delta=(-0.002,-0.000,-0.003) ceres_iters=40 points=186
1780796433.369 [INSERT] skipped by motion filter pose=(0.845, -0.003, -0.000)
1780796433.683 [SCAN_MATCH] success predict=(0.907,-0.003,0.002) matched=(0.905,-0.003,-0.000) delta=(-0.002,-0.000,-0.002) ceres_iters=38 points=184
1780796433.683 [INSERT] inserted pose=(0.905, -0.003, -0.000) submaps=1 points=184
1780796433.683 [NODE] added node_id=4 local_pose=(0.905, -0.003, -0.000) submaps=1 newly_finished_submap=0
1780796434.109 [SCAN_MATCH] success predict=(0.956,-0.003,-0.002) matched=(0.949,-0.002,-0.001) delta=(-0.007,0.001,0.002) ceres_iters=43 points=187
1780796434.109 [INSERT] skipped by motion filter pose=(0.949, -0.002, -0.001)
1780796434.431 [SCAN_MATCH] success predict=(0.990,-0.002,-0.002) matched=(0.997,-0.004,0.001) delta=(0.007,-0.002,0.003) ceres_iters=34 points=188
1780796434.431 [INSERT] skipped by motion filter pose=(0.997, -0.004, 0.001)
1780796434.834 [SCAN_MATCH] success predict=(1.038,-0.004,-0.001) matched=(1.041,-0.003,0.001) delta=(0.003,0.000,0.001) ceres_iters=44 points=191
1780796434.834 [INSERT] skipped by motion filter pose=(1.041, -0.003, 0.001)
1780796435.259 [SCAN_MATCH] success predict=(1.110,-0.004,0.002) matched=(1.107,-0.003,-0.000) delta=(-0.004,0.001,-0.002) ceres_iters=44 points=192
1780796435.260 [INSERT] inserted pose=(1.107, -0.003, -0.000) submaps=1 points=192
1780796435.260 [NODE] added node_id=5 local_pose=(1.107, -0.003, -0.000) submaps=1 newly_finished_submap=0
1780796435.500 [SCAN_MATCH] success predict=(1.136,-0.003,0.001) matched=(1.145,-0.004,0.001) delta=(0.009,-0.001,0.000) ceres_iters=25 points=196
1780796435.500 [INSERT] skipped by motion filter pose=(1.145, -0.004, 0.001)
1780796435.801 [SCAN_MATCH] success predict=(1.213,-0.004,0.002) matched=(1.202,-0.002,-0.001) delta=(-0.011,0.002,-0.003) ceres_iters=32 points=192
1780796435.801 [INSERT] skipped by motion filter pose=(1.202, -0.002, -0.001)
1780796436.095 [SCAN_MATCH] success predict=(1.243,-0.002,-0.000) matched=(1.244,-0.002,0.000) delta=(0.001,-0.001,0.000) ceres_iters=34 points=197
1780796436.095 [INSERT] skipped by motion filter pose=(1.244, -0.002, 0.000)
1780796436.446 [SCAN_MATCH] success predict=(1.295,-0.002,0.001) matched=(1.299,-0.003,0.001) delta=(0.004,-0.001,0.000) ceres_iters=35 points=195
1780796436.446 [INSERT] skipped by motion filter pose=(1.299, -0.003, 0.001)
1780796436.572 [SCAN_MATCH] success predict=(1.378,-0.003,0.003) matched=(1.403,-0.005,0.003) delta=(0.025,-0.002,0.000) ceres_iters=14 points=200
1780796436.573 [INSERT] inserted pose=(1.403, -0.005, 0.003) submaps=1 points=200
1780796436.573 [NODE] added node_id=6 local_pose=(1.403, -0.005, 0.003) submaps=1 newly_finished_submap=0
1780796436.847 [SCAN_MATCH] success predict=(1.527,-0.004,0.005) matched=(1.515,-0.001,-0.001) delta=(-0.011,0.003,-0.007) ceres_iters=27 points=201
1780796436.847 [INSERT] skipped by motion filter pose=(1.515, -0.001, -0.001)
1780796437.081 [SCAN_MATCH] success predict=(1.635,-0.001,0.000) matched=(1.620,-0.000,-0.002) delta=(-0.015,0.001,-0.002) ceres_iters=23 points=202
1780796437.082 [INSERT] inserted pose=(1.620, -0.000, -0.002) submaps=1 points=202
1780796437.082 [NODE] added node_id=7 local_pose=(1.620, -0.000, -0.002) submaps=1 newly_finished_submap=0
1780796437.496 [SCAN_MATCH] success predict=(1.699,0.000,-0.003) matched=(1.702,-0.002,0.000) delta=(0.003,-0.003,0.003) ceres_iters=44 points=203
1780796437.496 [INSERT] skipped by motion filter pose=(1.702, -0.002, 0.000)
1780796437.689 [SCAN_MATCH] success predict=(1.782,-0.002,-0.001) matched=(1.793,-0.004,0.001) delta=(0.011,-0.003,0.002) ceres_iters=22 points=204
1780796437.689 [INSERT] skipped by motion filter pose=(1.793, -0.004, 0.001)
1780796438.230 [SCAN_MATCH] success predict=(1.909,-0.004,-0.000) matched=(1.906,-0.003,-0.000) delta=(-0.002,0.001,0.000) ceres_iters=51 points=206
1780796438.231 [INSERT] inserted pose=(1.906, -0.003, -0.000) submaps=1 points=206
1780796438.231 [NODE] added node_id=8 local_pose=(1.906, -0.003, -0.000) submaps=1 newly_finished_submap=0
1780796438.493 [SCAN_MATCH] success predict=(1.987,-0.002,-0.001) matched=(1.994,-0.004,0.001) delta=(0.008,-0.002,0.002) ceres_iters=26 points=210
1780796438.493 [INSERT] skipped by motion filter pose=(1.994, -0.004, 0.001)
1780796438.966 [SCAN_MATCH] success predict=(2.114,-0.004,-0.002) matched=(2.109,-0.002,-0.001) delta=(-0.005,0.002,0.001) ceres_iters=42 points=214
1780796438.966 [INSERT] inserted pose=(2.109, -0.002, -0.001) submaps=1 points=214
1780796438.966 [NODE] added node_id=9 local_pose=(2.109, -0.002, -0.001) submaps=1 newly_finished_submap=0
1780796439.224 [SCAN_MATCH] success predict=(2.194,-0.003,-0.002) matched=(2.199,-0.004,0.001) delta=(0.005,-0.001,0.003) ceres_iters=24 points=221
1780796439.224 [INSERT] skipped by motion filter pose=(2.199, -0.004, 0.001)
1780796439.488 [SCAN_MATCH] success predict=(2.321,-0.004,0.004) matched=(2.313,-0.001,-0.001) delta=(-0.008,0.002,-0.005) ceres_iters=23 points=225
1780796439.489 [INSERT] inserted pose=(2.313, -0.001, -0.001) submaps=1 points=225
1780796439.489 [NODE] added node_id=10 local_pose=(2.313, -0.001, -0.001) submaps=1 newly_finished_submap=0
1780796439.809 [SCAN_MATCH] success predict=(2.395,-0.001,-0.002) matched=(2.399,-0.003,0.001) delta=(0.004,-0.002,0.003) ceres_iters=29 points=228
1780796439.809 [INSERT] skipped by motion filter pose=(2.399, -0.003, 0.001)
1780796440.108 [SCAN_MATCH] success predict=(2.517,-0.003,0.001) matched=(2.511,-0.001,-0.001) delta=(-0.006,0.001,-0.002) ceres_iters=26 points=231
1780796440.108 [INSERT] skipped by motion filter pose=(2.511, -0.001, -0.001)
1780796440.458 [SCAN_MATCH] success predict=(2.609,-0.001,-0.001) matched=(2.607,-0.002,-0.000) delta=(-0.002,-0.000,0.000) ceres_iters=35 points=236
1780796440.459 [INSERT] inserted pose=(2.607, -0.002, -0.000) submaps=1 points=236
1780796440.459 [NODE] added node_id=11 local_pose=(2.607, -0.002, -0.000) submaps=1 newly_finished_submap=0
1780796440.651 [SCAN_MATCH] success predict=(2.729,-0.002,-0.001) matched=(2.716,-0.000,-0.002) delta=(-0.012,0.002,-0.001) ceres_iters=17 points=238
1780796440.651 [INSERT] skipped by motion filter pose=(2.716, -0.000, -0.002)
1780796440.830 [SCAN_MATCH] success predict=(2.776,-0.000,-0.001) matched=(2.802,-0.005,0.003) delta=(0.026,-0.005,0.004) ceres_iters=17 points=245
1780796440.830 [INSERT] skipped by motion filter pose=(2.802, -0.005, 0.003)
1780796441.048 [SCAN_MATCH] success predict=(2.920,-0.005,-0.002) matched=(2.912,-0.002,-0.001) delta=(-0.008,0.003,0.001) ceres_iters=19 points=244
1780796441.048 [INSERT] inserted pose=(2.912, -0.002, -0.001) submaps=1 points=244
1780796441.048 [NODE] added node_id=12 local_pose=(2.912, -0.002, -0.001) submaps=1 newly_finished_submap=0
1780796441.307 [SCAN_MATCH] success predict=(2.994,-0.002,0.001) matched=(2.998,-0.004,0.001) delta=(0.005,-0.001,-0.000) ceres_iters=25 points=245
1780796441.307 [INSERT] skipped by motion filter pose=(2.998, -0.004, 0.001)
1780796441.662 [SCAN_MATCH] success predict=(3.117,-0.004,-0.002) matched=(3.110,-0.002,-0.001) delta=(-0.007,0.002,0.001) ceres_iters=32 points=249
1780796441.662 [INSERT] skipped by motion filter pose=(3.110, -0.002, -0.001)
1780796441.949 [SCAN_MATCH] success predict=(3.189,-0.002,-0.001) matched=(3.196,-0.004,0.001) delta=(0.007,-0.002,0.002) ceres_iters=24 points=252
1780796441.950 [INSERT] inserted pose=(3.196, -0.004, 0.001) submaps=1 points=252
1780796441.950 [NODE] added node_id=13 local_pose=(3.196, -0.004, 0.001) submaps=1 newly_finished_submap=0
1780796442.359 [SCAN_MATCH] success predict=(3.317,-0.004,0.004) matched=(3.310,-0.002,0.003) delta=(-0.007,0.002,-0.001) ceres_iters=33 points=252
1780796442.359 [INSERT] skipped by motion filter pose=(3.310, -0.002, 0.003)
1780796442.717 [SCAN_MATCH] success predict=(3.414,-0.001,0.021) matched=(3.409,-0.001,0.020) delta=(-0.005,0.001,-0.001) ceres_iters=30 points=253
1780796442.717 [INSERT] inserted pose=(3.409, -0.001, 0.020) submaps=1 points=253
1780796442.718 [NODE] added node_id=14 local_pose=(3.409, -0.001, 0.020) submaps=1 newly_finished_submap=0
1780796443.167 [SCAN_MATCH] success predict=(3.528,0.002,0.028) matched=(3.526,0.002,0.030) delta=(-0.002,0.000,0.002) ceres_iters=41 points=251
1780796443.167 [INSERT] skipped by motion filter pose=(3.526, 0.002, 0.030)
1780796443.551 [SCAN_MATCH] success predict=(3.608,0.004,0.032) matched=(3.606,0.005,0.030) delta=(-0.002,0.000,-0.002) ceres_iters=35 points=253
1780796443.551 [INSERT] skipped by motion filter pose=(3.606, 0.005, 0.030)
1780796444.044 [SCAN_MATCH] success predict=(3.727,0.008,0.031) matched=(3.726,0.008,0.030) delta=(-0.002,0.000,-0.001) ceres_iters=42 points=251
1780796444.045 [INSERT] inserted pose=(3.726, 0.008, 0.030) submaps=1 points=251
1780796444.045 [NODE] added node_id=15 local_pose=(3.726, 0.008, 0.030) submaps=1 newly_finished_submap=0
1780796444.294 [SCAN_MATCH] success predict=(3.786,0.010,0.031) matched=(3.794,0.009,0.032) delta=(0.009,-0.001,0.001) ceres_iters=21 points=251
1780796444.294 [INSERT] skipped by motion filter pose=(3.794, 0.009, 0.032)
1780796444.688 [SCAN_MATCH] success predict=(3.914,0.012,0.031) matched=(3.909,0.014,0.030) delta=(-0.005,0.002,-0.001) ceres_iters=31 points=250
1780796444.688 [INSERT] skipped by motion filter pose=(3.909, 0.014, 0.030)
1780796444.947 [SCAN_MATCH] success predict=(3.989,0.016,0.024) matched=(3.996,0.015,0.032) delta=(0.007,-0.001,0.008) ceres_iters=22 points=252
1780796444.948 [INSERT] inserted pose=(3.996, 0.015, 0.032) submaps=1 points=252
1780796444.948 [NODE] added node_id=16 local_pose=(3.996, 0.015, 0.032) submaps=1 newly_finished_submap=0
1780796445.324 [SCAN_MATCH] success predict=(4.115,0.018,0.033) matched=(4.110,0.020,0.030) delta=(-0.005,0.002,-0.003) ceres_iters=30 points=249
1780796445.324 [INSERT] skipped by motion filter pose=(4.110, 0.020, 0.030)
1780796445.574 [SCAN_MATCH] success predict=(4.187,0.021,0.030) matched=(4.195,0.021,0.032) delta=(0.008,-0.000,0.002) ceres_iters=23 points=248
1780796445.574 [INSERT] skipped by motion filter pose=(4.195, 0.021, 0.032)
1780796445.818 [SCAN_MATCH] success predict=(4.313,0.024,0.031) matched=(4.309,0.025,0.030) delta=(-0.004,0.002,-0.001) ceres_iters=22 points=255
1780796445.818 [INSERT] inserted pose=(4.309, 0.025, 0.030) submaps=1 points=255
1780796445.818 [NODE] added node_id=17 local_pose=(4.309, 0.025, 0.030) submaps=1 newly_finished_submap=0
1780796446.027 [SCAN_MATCH] success predict=(4.386,0.027,0.028) matched=(4.394,0.027,0.032) delta=(0.008,-0.000,0.004) ceres_iters=19 points=254
1780796446.027 [INSERT] skipped by motion filter pose=(4.394, 0.027, 0.032)
1780796446.299 [SCAN_MATCH] success predict=(4.509,0.029,0.035) matched=(4.507,0.031,0.030) delta=(-0.003,0.002,-0.005) ceres_iters=24 points=255
1780796446.300 [INSERT] skipped by motion filter pose=(4.507, 0.031, 0.030)
1780796446.542 [SCAN_MATCH] success predict=(4.588,0.033,0.037) matched=(4.595,0.033,0.032) delta=(0.007,-0.000,-0.005) ceres_iters=20 points=256
1780796446.543 [INSERT] inserted pose=(4.595, 0.033, 0.032) submaps=1 points=256
1780796446.543 [NODE] added node_id=18 local_pose=(4.595, 0.033, 0.032) submaps=1 newly_finished_submap=0
1780796446.999 [SCAN_MATCH] success predict=(4.716,0.037,0.035) matched=(4.719,0.037,0.031) delta=(0.003,0.000,-0.003) ceres_iters=34 points=255
1780796447.000 [INSERT] skipped by motion filter pose=(4.719, 0.037, 0.031)
1780796447.223 [SCAN_MATCH] success predict=(4.800,0.040,0.035) matched=(4.811,0.040,0.033) delta=(0.012,-0.000,-0.003) ceres_iters=18 points=257
1780796447.224 [INSERT] inserted pose=(4.811, 0.040, 0.033) submaps=1 points=257
1780796447.224 [NODE] added node_id=19 local_pose=(4.811, 0.040, 0.033) submaps=1 newly_finished_submap=0
1780796447.405 [SCAN_MATCH] success predict=(4.951,0.045,0.031) matched=(4.927,0.046,0.027) delta=(-0.024,0.002,-0.003) ceres_iters=15 points=261
1780796447.405 [INSERT] skipped by motion filter pose=(4.927, 0.046, 0.027)
1780796447.561 [SCAN_MATCH] success predict=(4.986,0.048,0.028) matched=(5.005,0.046,0.033) delta=(0.019,-0.002,0.006) ceres_iters=14 points=259
1780796447.561 [INSERT] skipped by motion filter pose=(5.005, 0.046, 0.033)
1780796447.825 [SCAN_MATCH] success predict=(5.143,0.052,0.040) matched=(5.123,0.052,0.028) delta=(-0.020,0.000,-0.012) ceres_iters=21 points=261
1780796447.827 [INSERT] inserted pose=(5.123, 0.052, 0.028) submaps=2 points=261
1780796447.827 [NODE] added node_id=20 local_pose=(5.123, 0.052, 0.028) submaps=2 newly_finished_submap=0
1780796448.052 [SCAN_MATCH] success predict=(5.187,0.054,0.026) matched=(5.195,0.053,0.032) delta=(0.007,-0.002,0.006) ceres_iters=18 points=259
1780796448.052 [INSERT] skipped by motion filter pose=(5.195, 0.053, 0.032)
1780796448.521 [SCAN_MATCH] success predict=(5.317,0.057,0.033) matched=(5.320,0.057,0.031) delta=(0.003,-0.001,-0.001) ceres_iters=35 points=258
1780796448.521 [INSERT] skipped by motion filter pose=(5.320, 0.057, 0.031)
1780796449.111 [SCAN_MATCH] success predict=(5.401,0.060,0.032) matched=(5.403,0.059,0.031) delta=(0.001,-0.001,-0.001) ceres_iters=44 points=261
1780796449.113 [INSERT] inserted pose=(5.403, 0.059, 0.031) submaps=2 points=261
1780796449.113 [NODE] added node_id=21 local_pose=(5.403, 0.059, 0.031) submaps=2 newly_finished_submap=0
1780796449.323 [SCAN_MATCH] success predict=(5.524,0.065,0.037) matched=(5.515,0.064,0.029) delta=(-0.009,-0.001,-0.008) ceres_iters=17 points=261
1780796449.324 [INSERT] skipped by motion filter pose=(5.515, 0.064, 0.029)
1780796449.781 [SCAN_MATCH] success predict=(5.610,0.069,0.028) matched=(5.607,0.067,0.030) delta=(-0.002,-0.002,0.002) ceres_iters=34 points=261
1780796449.786 [INSERT] inserted pose=(5.607, 0.067, 0.030) submaps=2 points=261
1780796449.786 [NODE] added node_id=22 local_pose=(5.607, 0.067, 0.030) submaps=2 newly_finished_submap=0
1780796450.169 [SCAN_MATCH] success predict=(5.707,0.071,0.025) matched=(5.706,0.070,0.030) delta=(-0.001,-0.001,0.005) ceres_iters=31 points=260
1780796450.169 [INSERT] skipped by motion filter pose=(5.706, 0.070, 0.030)
1780796450.348 [SCAN_MATCH] success predict=(5.785,0.073,0.032) matched=(5.794,0.071,0.032) delta=(0.009,-0.001,0.000) ceres_iters=15 points=259
1780796450.349 [INSERT] skipped by motion filter pose=(5.794, 0.071, 0.032)
1780796450.587 [SCAN_MATCH] success predict=(5.915,0.076,0.034) matched=(5.910,0.076,0.029) delta=(-0.005,-0.001,-0.005) ceres_iters=19 points=257
1780796450.588 [INSERT] inserted pose=(5.910, 0.076, 0.029) submaps=2 points=257
1780796450.588 [NODE] added node_id=23 local_pose=(5.910, 0.076, 0.029) submaps=2 newly_finished_submap=0
1780796450.889 [SCAN_MATCH] success predict=(5.994,0.078,0.023) matched=(5.999,0.078,0.032) delta=(0.004,-0.001,0.008) ceres_iters=25 points=257
1780796450.889 [INSERT] skipped by motion filter pose=(5.999, 0.078, 0.032)
1780796451.175 [SCAN_MATCH] success predict=(6.117,0.082,0.030) matched=(6.112,0.082,0.029) delta=(-0.006,-0.000,-0.001) ceres_iters=21 points=256
1780796451.177 [INSERT] inserted pose=(6.112, 0.082, 0.029) submaps=2 points=256
1780796451.177 [NODE] added node_id=24 local_pose=(6.112, 0.082, 0.029) submaps=2 newly_finished_submap=0
1780796451.486 [SCAN_MATCH] success predict=(6.193,0.085,0.030) matched=(6.197,0.084,0.032) delta=(0.005,-0.001,0.002) ceres_iters=24 points=255
1780796451.486 [INSERT] skipped by motion filter pose=(6.197, 0.084, 0.032)
1780796451.669 [SCAN_MATCH] success predict=(6.338,0.089,0.030) matched=(6.322,0.088,0.028) delta=(-0.016,-0.001,-0.003) ceres_iters=16 points=254
1780796451.670 [INSERT] inserted pose=(6.322, 0.088, 0.028) submaps=2 points=254
1780796451.671 [NODE] added node_id=25 local_pose=(6.322, 0.088, 0.028) submaps=2 newly_finished_submap=0
1780796452.120 [SCAN_MATCH] success predict=(6.398,0.090,0.025) matched=(6.400,0.090,0.031) delta=(0.002,-0.001,0.006) ceres_iters=36 points=251
1780796452.120 [INSERT] skipped by motion filter pose=(6.400, 0.090, 0.031)
1780796452.460 [SCAN_MATCH] success predict=(6.503,0.093,0.030) matched=(6.503,0.093,0.031) delta=(0.001,-0.000,0.001) ceres_iters=31 points=251
1780796452.460 [INSERT] skipped by motion filter pose=(6.503, 0.093, 0.031)
1780796452.653 [SCAN_MATCH] success predict=(6.585,0.095,0.031) matched=(6.593,0.095,0.032) delta=(0.008,0.000,0.001) ceres_iters=17 points=252
1780796452.655 [INSERT] inserted pose=(6.593, 0.095, 0.032) submaps=2 points=252
1780796452.655 [NODE] added node_id=26 local_pose=(6.593, 0.095, 0.032) submaps=2 newly_finished_submap=0
1780796452.933 [SCAN_MATCH] success predict=(6.713,0.099,0.028) matched=(6.709,0.099,0.030) delta=(-0.004,0.000,0.001) ceres_iters=25 points=256
1780796452.933 [INSERT] skipped by motion filter pose=(6.709, 0.099, 0.030)
1780796453.167 [SCAN_MATCH] success predict=(6.790,0.101,0.026) matched=(6.796,0.102,0.032) delta=(0.006,0.000,0.006) ceres_iters=20 points=260
1780796453.169 [INSERT] inserted pose=(6.796, 0.102, 0.032) submaps=2 points=260
1780796453.169 [NODE] added node_id=27 local_pose=(6.796, 0.102, 0.032) submaps=2 newly_finished_submap=0
1780796453.383 [SCAN_MATCH] success predict=(6.920,0.105,0.035) matched=(6.913,0.105,0.029) delta=(-0.007,0.001,-0.005) ceres_iters=17 points=265
1780796453.383 [INSERT] skipped by motion filter pose=(6.913, 0.105, 0.029)
1780796453.629 [SCAN_MATCH] success predict=(6.990,0.107,0.028) matched=(6.996,0.108,0.032) delta=(0.006,0.000,0.004) ceres_iters=19 points=267
1780796453.631 [INSERT] inserted pose=(6.996, 0.108, 0.032) submaps=2 points=267
1780796453.631 [NODE] added node_id=28 local_pose=(6.996, 0.108, 0.032) submaps=2 newly_finished_submap=0
1780796453.898 [SCAN_MATCH] success predict=(7.115,0.111,0.031) matched=(7.109,0.111,0.030) delta=(-0.006,0.000,-0.002) ceres_iters=20 points=271
1780796453.898 [INSERT] skipped by motion filter pose=(7.109, 0.111, 0.030)
1780796454.134 [SCAN_MATCH] success predict=(7.191,0.113,0.023) matched=(7.197,0.114,0.031) delta=(0.006,0.001,0.008) ceres_iters=19 points=276
1780796454.136 [INSERT] inserted pose=(7.197, 0.114, 0.031) submaps=2 points=276
1780796454.136 [NODE] added node_id=29 local_pose=(7.197, 0.114, 0.031) submaps=2 newly_finished_submap=0
1780796454.309 [SCAN_MATCH] success predict=(7.317,0.116,0.032) matched=(7.310,0.117,0.030) delta=(-0.007,0.001,-0.002) ceres_iters=15 points=280
1780796454.309 [INSERT] skipped by motion filter pose=(7.310, 0.117, 0.030)
1780796454.537 [SCAN_MATCH] success predict=(7.391,0.119,0.035) matched=(7.397,0.120,0.031) delta=(0.006,0.001,-0.004) ceres_iters=17 points=283
1780796454.538 [INSERT] inserted pose=(7.397, 0.120, 0.031) submaps=2 points=283
1780796454.538 [NODE] added node_id=30 local_pose=(7.397, 0.120, 0.031) submaps=2 newly_finished_submap=0
1780796454.829 [SCAN_MATCH] success predict=(7.515,0.124,0.038) matched=(7.509,0.124,0.030) delta=(-0.007,-0.000,-0.008) ceres_iters=22 points=285
1780796454.829 [INSERT] skipped by motion filter pose=(7.509, 0.124, 0.030)
1780796455.036 [SCAN_MATCH] success predict=(7.587,0.126,0.031) matched=(7.595,0.127,0.032) delta=(0.008,0.000,0.001) ceres_iters=16 points=289
1780796455.036 [INSERT] skipped by motion filter pose=(7.595, 0.127, 0.032)
1780796455.383 [SCAN_MATCH] success predict=(7.712,0.130,0.027) matched=(7.708,0.130,0.030) delta=(-0.004,-0.000,0.003) ceres_iters=25 points=290
1780796455.385 [INSERT] inserted pose=(7.708, 0.130, 0.030) submaps=2 points=290
1780796455.385 [NODE] added node_id=31 local_pose=(7.708, 0.130, 0.030) submaps=2 newly_finished_submap=0
1780796455.652 [SCAN_MATCH] success predict=(7.791,0.132,0.035) matched=(7.797,0.132,0.031) delta=(0.006,-0.000,-0.004) ceres_iters=19 points=291
1780796455.652 [INSERT] skipped by motion filter pose=(7.797, 0.132, 0.031)
1780796455.877 [SCAN_MATCH] success predict=(7.918,0.136,0.034) matched=(7.911,0.136,0.030) delta=(-0.007,-0.000,-0.004) ceres_iters=17 points=292
1780796455.878 [INSERT] inserted pose=(7.911, 0.136, 0.030) submaps=2 points=292
1780796455.879 [NODE] added node_id=32 local_pose=(7.911, 0.136, 0.030) submaps=2 newly_finished_submap=0
1780796456.147 [SCAN_MATCH] success predict=(7.990,0.139,0.027) matched=(7.996,0.139,0.031) delta=(0.006,-0.000,0.004) ceres_iters=18 points=294
1780796456.147 [INSERT] skipped by motion filter pose=(7.996, 0.139, 0.031)
1780796456.441 [SCAN_MATCH] success predict=(8.114,0.143,0.033) matched=(8.108,0.142,0.030) delta=(-0.006,-0.001,-0.003) ceres_iters=20 points=294
1780796456.441 [INSERT] skipped by motion filter pose=(8.108, 0.142, 0.030)
1780796456.675 [SCAN_MATCH] success predict=(8.187,0.145,0.028) matched=(8.194,0.145,0.031) delta=(0.007,-0.000,0.003) ceres_iters=18 points=294
1780796456.677 [INSERT] inserted pose=(8.194, 0.145, 0.031) submaps=2 points=294
1780796456.677 [NODE] added node_id=33 local_pose=(8.194, 0.145, 0.031) submaps=2 newly_finished_submap=0
1780796456.912 [SCAN_MATCH] success predict=(8.311,0.149,0.037) matched=(8.316,0.149,0.032) delta=(0.005,-0.000,-0.005) ceres_iters=17 points=292
1780796456.913 [INSERT] skipped by motion filter pose=(8.316, 0.149, 0.032)
1780796457.250 [SCAN_MATCH] success predict=(8.396,0.152,0.029) matched=(8.399,0.151,0.031) delta=(0.003,-0.000,0.003) ceres_iters=23 points=294
1780796457.252 [INSERT] inserted pose=(8.399, 0.151, 0.031) submaps=2 points=294
1780796457.252 [NODE] added node_id=34 local_pose=(8.399, 0.151, 0.031) submaps=2 newly_finished_submap=0
1780796457.453 [SCAN_MATCH] success predict=(8.522,0.156,0.027) matched=(8.513,0.155,0.030) delta=(-0.009,-0.001,0.003) ceres_iters=15 points=292
1780796457.453 [INSERT] skipped by motion filter pose=(8.513, 0.155, 0.030)
1780796457.762 [SCAN_MATCH] success predict=(8.614,0.158,0.034) matched=(8.609,0.158,0.030) delta=(-0.006,-0.001,-0.004) ceres_iters=22 points=293
1780796457.764 [INSERT] inserted pose=(8.609, 0.158, 0.030) submaps=2 points=293
1780796457.764 [NODE] added node_id=35 local_pose=(8.609, 0.158, 0.030) submaps=2 newly_finished_submap=0
1780796458.043 [SCAN_MATCH] success predict=(8.709,0.161,0.034) matched=(8.716,0.161,0.032) delta=(0.006,0.000,-0.003) ceres_iters=21 points=290
1780796458.043 [INSERT] skipped by motion filter pose=(8.716, 0.161, 0.032)
1780796458.219 [SCAN_MATCH] success predict=(8.830,0.166,0.032) matched=(8.815,0.164,0.029) delta=(-0.015,-0.002,-0.003) ceres_iters=14 points=293
1780796458.221 [INSERT] inserted pose=(8.815, 0.164, 0.029) submaps=2 points=293
1780796458.221 [NODE] added node_id=36 local_pose=(8.815, 0.164, 0.029) submaps=2 newly_finished_submap=0
1780796458.611 [SCAN_MATCH] success predict=(8.894,0.167,0.029) matched=(8.897,0.167,0.031) delta=(0.003,-0.001,0.002) ceres_iters=28 points=293
1780796458.611 [INSERT] skipped by motion filter pose=(8.897, 0.167, 0.031)
1780796458.781 [SCAN_MATCH] success predict=(8.978,0.170,0.030) matched=(8.990,0.170,0.032) delta=(0.011,-0.000,0.002) ceres_iters=13 points=294
1780796458.781 [INSERT] skipped by motion filter pose=(8.990, 0.170, 0.032)
1780796458.950 [SCAN_MATCH] success predict=(9.136,0.175,0.037) matched=(9.117,0.173,0.029) delta=(-0.018,-0.002,-0.008) ceres_iters=13 points=294
1780796458.951 [INSERT] inserted pose=(9.117, 0.173, 0.029) submaps=2 points=294
1780796458.952 [NODE] added node_id=37 local_pose=(9.117, 0.173, 0.029) submaps=2 newly_finished_submap=0
1780796459.120 [SCAN_MATCH] success predict=(9.180,0.176,0.028) matched=(9.191,0.176,0.032) delta=(0.011,-0.000,0.003) ceres_iters=13 points=294
1780796459.120 [INSERT] skipped by motion filter pose=(9.191, 0.176, 0.032)
1780796459.410 [SCAN_MATCH] success predict=(9.312,0.181,0.031) matched=(9.308,0.179,0.030) delta=(-0.004,-0.001,-0.001) ceres_iters=21 points=291
1780796459.410 [INSERT] skipped by motion filter pose=(9.308, 0.179, 0.030)
1780796459.670 [SCAN_MATCH] success predict=(9.388,0.183,0.034) matched=(9.394,0.182,0.032) delta=(0.007,-0.001,-0.002) ceres_iters=19 points=295
1780796459.671 [INSERT] inserted pose=(9.394, 0.182, 0.032) submaps=2 points=295
1780796459.671 [NODE] added node_id=38 local_pose=(9.394, 0.182, 0.032) submaps=2 newly_finished_submap=0
1780796459.842 [SCAN_MATCH] success predict=(9.536,0.188,0.031) matched=(9.519,0.186,0.029) delta=(-0.017,-0.002,-0.002) ceres_iters=13 points=297
1780796459.842 [INSERT] skipped by motion filter pose=(9.519, 0.186, 0.029)
1780796460.016 [SCAN_MATCH] success predict=(9.579,0.189,0.029) matched=(9.590,0.188,0.032) delta=(0.011,-0.000,0.003) ceres_iters=13 points=302
1780796460.016 [INSERT] skipped by motion filter pose=(9.590, 0.188, 0.032)
1780796460.239 [SCAN_MATCH] success predict=(9.711,0.193,0.030) matched=(9.706,0.191,0.030) delta=(-0.005,-0.002,-0.000) ceres_iters=17 points=306
1780796460.241 [INSERT] inserted pose=(9.706, 0.191, 0.030) submaps=2 points=306
1780796460.241 [NODE] added node_id=39 local_pose=(9.706, 0.191, 0.030) submaps=2 newly_finished_submap=1
1780796460.483 [SCAN_MATCH] success predict=(9.786,0.195,0.036) matched=(9.793,0.194,0.032) delta=(0.007,-0.001,-0.004) ceres_iters=18 points=310
1780796460.483 [INSERT] skipped by motion filter pose=(9.793, 0.194, 0.032)
1780796460.767 [SCAN_MATCH] success predict=(9.911,0.200,0.036) matched=(9.905,0.198,0.030) delta=(-0.006,-0.002,-0.006) ceres_iters=20 points=314
1780796460.767 [INSERT] skipped by motion filter pose=(9.905, 0.198, 0.030)
1780796460.977 [SCAN_MATCH] success predict=(9.984,0.202,0.034) matched=(9.991,0.201,0.032) delta=(0.008,-0.001,-0.003) ceres_iters=14 points=316
1780796460.979 [INSERT] inserted pose=(9.991, 0.201, 0.032) submaps=2 points=316
1780796460.979 [NODE] added node_id=40 local_pose=(9.991, 0.201, 0.032) submaps=2 newly_finished_submap=0
1780796461.292 [SCAN_MATCH] success predict=(10.113,0.208,0.030) matched=(10.109,0.206,0.030) delta=(-0.004,-0.002,-0.000) ceres_iters=23 points=318
1780796461.292 [INSERT] skipped by motion filter pose=(10.109, 0.206, 0.030)
1780796461.560 [SCAN_MATCH] success predict=(10.214,0.212,0.034) matched=(10.210,0.209,0.030) delta=(-0.004,-0.003,-0.004) ceres_iters=18 points=319
1780796461.565 [INSERT] inserted pose=(10.210, 0.209, 0.030) submaps=2 points=319
1780796461.565 [NODE] added node_id=41 local_pose=(10.210, 0.209, 0.030) submaps=2 newly_finished_submap=0
1780796461.866 [SCAN_MATCH] success predict=(10.313,0.216,0.028) matched=(10.311,0.213,0.031) delta=(-0.002,-0.003,0.003) ceres_iters=20 points=317
1780796461.866 [INSERT] skipped by motion filter pose=(10.311, 0.213, 0.031)
1780796462.125 [SCAN_MATCH] success predict=(10.390,0.218,0.027) matched=(10.392,0.215,0.031) delta=(0.002,-0.002,0.005) ceres_iters=19 points=317
1780796462.125 [INSERT] skipped by motion filter pose=(10.392, 0.215, 0.031)
1780796462.420 [SCAN_MATCH] success predict=(10.515,0.222,0.033) matched=(10.512,0.219,0.031) delta=(-0.002,-0.003,-0.002) ceres_iters=21 points=317
1780796462.422 [INSERT] inserted pose=(10.512, 0.219, 0.031) submaps=2 points=317
1780796462.422 [NODE] added node_id=42 local_pose=(10.512, 0.219, 0.031) submaps=2 newly_finished_submap=0
1780796462.681 [SCAN_MATCH] success predict=(10.591,0.223,0.031) matched=(10.594,0.221,0.031) delta=(0.004,-0.003,-0.000) ceres_iters=20 points=320
1780796462.681 [INSERT] skipped by motion filter pose=(10.594, 0.221, 0.031)
1780796463.044 [SCAN_MATCH] success predict=(10.715,0.227,0.029) matched=(10.714,0.225,0.031) delta=(-0.001,-0.003,0.001) ceres_iters=23 points=323
1780796463.046 [INSERT] inserted pose=(10.714, 0.225, 0.031) submaps=2 points=323
1780796463.046 [NODE] added node_id=43 local_pose=(10.714, 0.225, 0.031) submaps=2 newly_finished_submap=0
1780796463.363 [SCAN_MATCH] success predict=(10.795,0.229,0.029) matched=(10.799,0.227,0.031) delta=(0.004,-0.002,0.002) ceres_iters=20 points=323
1780796463.363 [INSERT] skipped by motion filter pose=(10.799, 0.227, 0.031)
1780796463.644 [SCAN_MATCH] success predict=(10.939,0.234,0.033) matched=(10.938,0.231,0.031) delta=(-0.001,-0.003,-0.002) ceres_iters=18 points=324
1780796463.647 [INSERT] inserted pose=(10.938, 0.231, 0.031) submaps=2 points=324
1780796463.647 [NODE] added node_id=44 local_pose=(10.938, 0.231, 0.031) submaps=2 newly_finished_submap=0
1780796463.967 [SCAN_MATCH] success predict=(11.034,0.237,0.034) matched=(11.027,0.234,0.030) delta=(-0.008,-0.003,-0.004) ceres_iters=20 points=328
1780796463.967 [INSERT] skipped by motion filter pose=(11.027, 0.234, 0.030)
1780796464.219 [SCAN_MATCH] success predict=(11.108,0.239,0.032) matched=(11.114,0.236,0.031) delta=(0.007,-0.003,-0.000) ceres_iters=17 points=330
1780796464.219 [INSERT] skipped by motion filter pose=(11.114, 0.236, 0.031)
1780796464.449 [SCAN_MATCH] success predict=(11.237,0.243,0.030) matched=(11.228,0.240,0.030) delta=(-0.009,-0.003,-0.000) ceres_iters=15 points=336
1780796464.452 [INSERT] inserted pose=(11.228, 0.240, 0.030) submaps=2 points=336
1780796464.452 [NODE] added node_id=45 local_pose=(11.228, 0.240, 0.030) submaps=2 newly_finished_submap=0
1780796464.665 [SCAN_MATCH] success predict=(11.306,0.245,0.031) matched=(11.315,0.242,0.031) delta=(0.009,-0.003,-0.000) ceres_iters=14 points=340
1780796464.666 [INSERT] skipped by motion filter pose=(11.315, 0.242, 0.031)
1780796464.970 [SCAN_MATCH] success predict=(11.392,0.247,0.030) matched=(11.399,0.245,0.031) delta=(0.007,-0.003,0.001) ceres_iters=19 points=345
1780796464.970 [INSERT] skipped by motion filter pose=(11.399, 0.245, 0.031)
1780796465.188 [SCAN_MATCH] success predict=(11.561,0.254,0.027) matched=(11.551,0.250,0.030) delta=(-0.010,-0.003,0.003) ceres_iters=14 points=346
1780796465.190 [INSERT] inserted pose=(11.551, 0.250, 0.030) submaps=2 points=346
1780796465.190 [NODE] added node_id=46 local_pose=(11.551, 0.250, 0.030) submaps=2 newly_finished_submap=0
1780796465.582 [SCAN_MATCH] success predict=(11.649,0.256,0.027) matched=(11.645,0.253,0.030) delta=(-0.004,-0.003,0.004) ceres_iters=24 points=344
1780796465.582 [INSERT] skipped by motion filter pose=(11.645, 0.253, 0.030)
1780796465.776 [SCAN_MATCH] success predict=(11.705,0.256,0.035) matched=(11.716,0.255,0.031) delta=(0.012,-0.002,-0.004) ceres_iters=13 points=345
1780796465.776 [INSERT] skipped by motion filter pose=(11.716, 0.255, 0.031)
1780796466.113 [SCAN_MATCH] success predict=(11.799,0.259,0.032) matched=(11.806,0.257,0.031) delta=(0.007,-0.002,-0.001) ceres_iters=20 points=346
1780796466.116 [INSERT] inserted pose=(11.806, 0.257, 0.031) submaps=2 points=346
1780796466.116 [NODE] added node_id=47 local_pose=(11.806, 0.257, 0.031) submaps=2 newly_finished_submap=0
1780796466.390 [SCAN_MATCH] success predict=(11.942,0.266,0.038) matched=(11.932,0.262,0.030) delta=(-0.011,-0.003,-0.008) ceres_iters=17 points=340
1780796466.390 [INSERT] skipped by motion filter pose=(11.932, 0.262, 0.030)
1780796466.662 [SCAN_MATCH] success predict=(11.992,0.266,0.031) matched=(12.008,0.264,0.031) delta=(0.016,-0.002,0.000) ceres_iters=19 points=335
1780796466.664 [INSERT] inserted pose=(12.008, 0.264, 0.031) submaps=2 points=335
1780796466.664 [NODE] added node_id=48 local_pose=(12.008, 0.264, 0.031) submaps=2 newly_finished_submap=0
1780796466.946 [SCAN_MATCH] success predict=(12.127,0.272,0.029) matched=(12.122,0.268,0.030) delta=(-0.005,-0.004,0.001) ceres_iters=19 points=331
1780796466.946 [INSERT] skipped by motion filter pose=(12.122, 0.268, 0.030)
1780796467.273 [SCAN_MATCH] success predict=(12.204,0.273,0.036) matched=(12.204,0.270,0.031) delta=(0.000,-0.003,-0.005) ceres_iters=21 points=325
1780796467.273 [INSERT] skipped by motion filter pose=(12.204, 0.270, 0.031)
1780796467.649 [SCAN_MATCH] success predict=(12.319,0.278,0.025) matched=(12.317,0.274,0.030) delta=(-0.002,-0.004,0.006) ceres_iters=24 points=321
1780796467.651 [INSERT] inserted pose=(12.317, 0.274, 0.030) submaps=2 points=321
1780796467.651 [NODE] added node_id=49 local_pose=(12.317, 0.274, 0.030) submaps=2 newly_finished_submap=0
1780796467.971 [SCAN_MATCH] success predict=(12.393,0.279,0.030) matched=(12.397,0.276,0.031) delta=(0.004,-0.003,0.001) ceres_iters=23 points=318
1780796467.971 [INSERT] skipped by motion filter pose=(12.397, 0.276, 0.031)
1780796468.233 [SCAN_MATCH] success predict=(12.515,0.284,0.026) matched=(12.514,0.280,0.031) delta=(-0.000,-0.003,0.004) ceres_iters=18 points=317
1780796468.233 [INSERT] skipped by motion filter pose=(12.514, 0.280, 0.031)
1780796468.557 [SCAN_MATCH] success predict=(12.594,0.285,0.036) matched=(12.597,0.282,0.031) delta=(0.004,-0.003,-0.005) ceres_iters=21 points=313
1780796468.559 [INSERT] inserted pose=(12.597, 0.282, 0.031) submaps=2 points=313
1780796468.559 [NODE] added node_id=50 local_pose=(12.597, 0.282, 0.031) submaps=2 newly_finished_submap=0
1780796468.903 [SCAN_MATCH] success predict=(12.713,0.289,0.032) matched=(12.715,0.286,0.031) delta=(0.002,-0.003,-0.002) ceres_iters=23 points=307
1780796468.903 [INSERT] skipped by motion filter pose=(12.715, 0.286, 0.031)
1780796469.197 [SCAN_MATCH] success predict=(12.796,0.291,0.032) matched=(12.797,0.289,0.031) delta=(0.001,-0.003,-0.001) ceres_iters=20 points=312
1780796469.197 [INSERT] skipped by motion filter pose=(12.797, 0.289, 0.031)
1780796469.457 [SCAN_MATCH] success predict=(12.916,0.296,0.024) matched=(12.913,0.293,0.031) delta=(-0.003,-0.004,0.007) ceres_iters=18 points=313
1780796469.459 [INSERT] inserted pose=(12.913, 0.293, 0.031) submaps=2 points=313
1780796469.459 [NODE] added node_id=51 local_pose=(12.913, 0.293, 0.031) submaps=2 newly_finished_submap=0
1780796469.955 [SCAN_MATCH] success predict=(12.993,0.297,0.031) matched=(12.998,0.294,0.031) delta=(0.004,-0.003,-0.000) ceres_iters=31 points=312
1780796469.955 [INSERT] skipped by motion filter pose=(12.998, 0.294, 0.031)
1780796470.282 [SCAN_MATCH] success predict=(13.117,0.301,0.028) matched=(13.116,0.298,0.030) delta=(-0.001,-0.003,0.002) ceres_iters=22 points=308
1780796470.284 [INSERT] inserted pose=(13.116, 0.298, 0.030) submaps=2 points=308
1780796470.284 [NODE] added node_id=52 local_pose=(13.116, 0.298, 0.030) submaps=2 newly_finished_submap=0
1780796470.852 [SCAN_MATCH] success predict=(13.194,0.303,0.033) matched=(13.200,0.301,0.031) delta=(0.006,-0.003,-0.002) ceres_iters=35 points=305
1780796470.852 [INSERT] skipped by motion filter pose=(13.200, 0.301, 0.031)
1780796471.155 [SCAN_MATCH] success predict=(13.319,0.307,0.027) matched=(13.318,0.305,0.030) delta=(-0.001,-0.003,0.003) ceres_iters=21 points=302
1780796471.157 [INSERT] inserted pose=(13.318, 0.305, 0.030) submaps=2 points=302
1780796471.157 [NODE] added node_id=53 local_pose=(13.318, 0.305, 0.030) submaps=2 newly_finished_submap=0
1780796471.618 [SCAN_MATCH] success predict=(13.398,0.309,0.031) matched=(13.403,0.307,0.031) delta=(0.005,-0.003,-0.000) ceres_iters=32 points=303
1780796471.618 [INSERT] skipped by motion filter pose=(13.403, 0.307, 0.031)
1780796472.009 [SCAN_MATCH] success predict=(13.525,0.314,0.037) matched=(13.522,0.311,0.030) delta=(-0.003,-0.003,-0.006) ceres_iters=26 points=305
1780796472.011 [INSERT] inserted pose=(13.522, 0.311, 0.030) submaps=2 points=305
1780796472.011 [NODE] added node_id=54 local_pose=(13.522, 0.311, 0.030) submaps=2 newly_finished_submap=0
1780796472.551 [SCAN_MATCH] success predict=(13.604,0.316,0.032) matched=(13.608,0.313,0.030) delta=(0.004,-0.003,-0.001) ceres_iters=34 points=309
1780796472.551 [INSERT] skipped by motion filter pose=(13.608, 0.313, 0.030)
1780796472.860 [SCAN_MATCH] success predict=(13.731,0.322,0.031) matched=(13.726,0.318,0.030) delta=(-0.005,-0.004,-0.001) ceres_iters=21 points=309
1780796472.861 [INSERT] inserted pose=(13.726, 0.318, 0.030) submaps=2 points=309
1780796472.861 [NODE] added node_id=55 local_pose=(13.726, 0.318, 0.030) submaps=2 newly_finished_submap=0
1780796473.193 [SCAN_MATCH] success predict=(13.823,0.325,0.029) matched=(13.822,0.321,0.030) delta=(-0.001,-0.004,0.001) ceres_iters=23 points=308
1780796473.193 [INSERT] skipped by motion filter pose=(13.822, 0.321, 0.030)
1780796473.465 [SCAN_MATCH] success predict=(13.944,0.329,0.035) matched=(13.932,0.325,0.030) delta=(-0.012,-0.004,-0.005) ceres_iters=19 points=306
1780796473.467 [INSERT] inserted pose=(13.932, 0.325, 0.030) submaps=2 points=306
1780796473.467 [NODE] added node_id=56 local_pose=(13.932, 0.325, 0.030) submaps=2 newly_finished_submap=0
1780796473.951 [SCAN_MATCH] success predict=(14.013,0.330,0.030) matched=(14.016,0.327,0.030) delta=(0.002,-0.004,0.000) ceres_iters=31 points=307
1780796473.951 [INSERT] skipped by motion filter pose=(14.016, 0.327, 0.030)
1780796474.348 [SCAN_MATCH] success predict=(14.142,0.334,0.028) matched=(14.141,0.331,0.030) delta=(-0.001,-0.004,0.002) ceres_iters=27 points=305
1780796474.350 [INSERT] inserted pose=(14.141, 0.331, 0.030) submaps=2 points=305
1780796474.350 [NODE] added node_id=57 local_pose=(14.141, 0.331, 0.030) submaps=2 newly_finished_submap=0
1780796474.740 [SCAN_MATCH] success predict=(14.221,0.336,0.030) matched=(14.220,0.333,0.030) delta=(-0.001,-0.003,0.000) ceres_iters=25 points=318
1780796474.740 [INSERT] skipped by motion filter pose=(14.220, 0.333, 0.030)
1780796475.124 [SCAN_MATCH] success predict=(14.343,0.341,0.030) matched=(14.341,0.337,0.030) delta=(-0.002,-0.004,0.000) ceres_iters=25 points=313
1780796475.124 [INSERT] skipped by motion filter pose=(14.341, 0.337, 0.030)
1780796475.382 [SCAN_MATCH] success predict=(14.419,0.343,0.032) matched=(14.425,0.339,0.030) delta=(0.006,-0.004,-0.001) ceres_iters=18 points=313
1780796475.384 [INSERT] inserted pose=(14.425, 0.339, 0.030) submaps=2 points=313
1780796475.384 [NODE] added node_id=58 local_pose=(14.425, 0.339, 0.030) submaps=2 newly_finished_submap=0
1780796475.869 [SCAN_MATCH] success predict=(14.530,0.346,0.033) matched=(14.533,0.342,0.030) delta=(0.003,-0.003,-0.003) ceres_iters=31 points=313
1780796475.869 [INSERT] skipped by motion filter pose=(14.533, 0.342, 0.030)
1780796476.389 [SCAN_MATCH] success predict=(14.614,0.348,0.031) matched=(14.616,0.345,0.030) delta=(0.002,-0.003,-0.001) ceres_iters=32 points=318
1780796476.389 [INSERT] skipped by motion filter pose=(14.616, 0.345, 0.030)
1780796476.620 [SCAN_MATCH] success predict=(14.755,0.354,0.029) matched=(14.749,0.350,0.030) delta=(-0.006,-0.004,0.001) ceres_iters=16 points=310
1780796476.622 [INSERT] inserted pose=(14.749, 0.350, 0.030) submaps=2 points=310
1780796476.622 [NODE] added node_id=59 local_pose=(14.749, 0.350, 0.030) submaps=2 newly_finished_submap=1
1780796477.143 [SCAN_MATCH] success predict=(14.806,0.354,0.031) matched=(14.811,0.351,0.030) delta=(0.005,-0.003,-0.000) ceres_iters=33 points=315
1780796477.143 [INSERT] skipped by motion filter pose=(14.811, 0.351, 0.030)
1780796477.378 [SCAN_MATCH] success predict=(14.936,0.359,0.029) matched=(14.928,0.355,0.030) delta=(-0.008,-0.004,0.002) ceres_iters=16 points=316
1780796477.378 [INSERT] skipped by motion filter pose=(14.928, 0.355, 0.030)
1780796477.741 [SCAN_MATCH] success predict=(15.009,0.361,0.035) matched=(15.013,0.357,0.030) delta=(0.004,-0.004,-0.005) ceres_iters=24 points=320
1780796477.743 [INSERT] inserted pose=(15.013, 0.357, 0.030) submaps=2 points=320
1780796477.743 [NODE] added node_id=60 local_pose=(15.013, 0.357, 0.030) submaps=2 newly_finished_submap=0
1780796477.982 [SCAN_MATCH] success predict=(15.153,0.368,0.028) matched=(15.143,0.361,0.030) delta=(-0.010,-0.006,0.002) ceres_iters=16 points=321
1780796477.982 [INSERT] skipped by motion filter pose=(15.143, 0.361, 0.030)
1780796478.320 [SCAN_MATCH] success predict=(15.202,0.366,0.032) matched=(15.203,0.362,0.030) delta=(0.001,-0.003,-0.002) ceres_iters=22 points=322
1780796478.320 [INSERT] skipped by motion filter pose=(15.203, 0.362, 0.030)
1780796478.733 [SCAN_MATCH] success predict=(15.323,0.371,0.034) matched=(15.321,0.366,0.030) delta=(-0.002,-0.005,-0.004) ceres_iters=25 points=323
1780796478.738 [INSERT] inserted pose=(15.321, 0.366, 0.030) submaps=2 points=323
1780796478.738 [NODE] added node_id=61 local_pose=(15.321, 0.366, 0.030) submaps=2 newly_finished_submap=0
1780796479.164 [SCAN_MATCH] success predict=(15.401,0.372,0.029) matched=(15.403,0.368,0.030) delta=(0.003,-0.004,0.001) ceres_iters=27 points=324
1780796479.164 [INSERT] skipped by motion filter pose=(15.403, 0.368, 0.030)
1780796479.539 [SCAN_MATCH] success predict=(15.528,0.378,0.030) matched=(15.527,0.372,0.030) delta=(-0.001,-0.005,-0.000) ceres_iters=25 points=324
1780796479.541 [INSERT] inserted pose=(15.527, 0.372, 0.030) submaps=2 points=324
1780796479.541 [NODE] added node_id=62 local_pose=(15.527, 0.372, 0.030) submaps=2 newly_finished_submap=0
1780796480.004 [SCAN_MATCH] success predict=(15.609,0.378,0.026) matched=(15.612,0.374,0.030) delta=(0.003,-0.004,0.004) ceres_iters=30 points=327
1780796480.005 [INSERT] skipped by motion filter pose=(15.612, 0.374, 0.030)
1780796480.252 [SCAN_MATCH] success predict=(15.771,0.386,0.028) matched=(15.764,0.380,0.030) delta=(-0.007,-0.006,0.001) ceres_iters=17 points=320
1780796480.254 [INSERT] inserted pose=(15.764, 0.380, 0.030) submaps=2 points=320
1780796480.254 [NODE] added node_id=63 local_pose=(15.764, 0.380, 0.030) submaps=2 newly_finished_submap=0
1780796480.674 [SCAN_MATCH] success predict=(15.804,0.383,0.030) matched=(15.809,0.380,0.030) delta=(0.005,-0.003,0.000) ceres_iters=28 points=331
1780796480.674 [INSERT] skipped by motion filter pose=(15.809, 0.380, 0.030)
1780796481.001 [SCAN_MATCH] success predict=(15.931,0.389,0.032) matched=(15.930,0.384,0.030) delta=(-0.000,-0.005,-0.002) ceres_iters=20 points=333
1780796481.001 [INSERT] skipped by motion filter pose=(15.930, 0.384, 0.030)
1780796481.394 [SCAN_MATCH] success predict=(16.046,0.393,0.026) matched=(16.041,0.388,0.030) delta=(-0.005,-0.005,0.004) ceres_iters=24 points=334
1780796481.396 [INSERT] inserted pose=(16.041, 0.388, 0.030) submaps=2 points=334
1780796481.396 [NODE] added node_id=64 local_pose=(16.041, 0.388, 0.030) submaps=2 newly_finished_submap=0
1780796481.828 [SCAN_MATCH] success predict=(16.122,0.394,0.030) matched=(16.124,0.390,0.030) delta=(0.002,-0.004,-0.000) ceres_iters=26 points=335
1780796481.828 [INSERT] skipped by motion filter pose=(16.124, 0.390, 0.030)
1780796482.201 [SCAN_MATCH] success predict=(16.227,0.397,0.032) matched=(16.228,0.393,0.030) delta=(0.001,-0.004,-0.002) ceres_iters=23 points=336
1780796482.201 [INSERT] skipped by motion filter pose=(16.228, 0.393, 0.030)
1780796482.520 [SCAN_MATCH] success predict=(16.350,0.402,0.032) matched=(16.350,0.397,0.030) delta=(0.000,-0.005,-0.002) ceres_iters=20 points=326
1780796482.522 [INSERT] inserted pose=(16.350, 0.397, 0.030) submaps=2 points=326
1780796482.522 [NODE] added node_id=65 local_pose=(16.350, 0.397, 0.030) submaps=2 newly_finished_submap=0
1780796482.837 [SCAN_MATCH] success predict=(16.429,0.402,0.029) matched=(16.430,0.399,0.030) delta=(0.002,-0.004,0.001) ceres_iters=20 points=333
1780796482.837 [INSERT] skipped by motion filter pose=(16.430, 0.399, 0.030)
1780796483.168 [SCAN_MATCH] success predict=(16.550,0.407,0.029) matched=(16.544,0.403,0.030) delta=(-0.005,-0.004,0.001) ceres_iters=21 points=330
1780796483.168 [INSERT] skipped by motion filter pose=(16.544, 0.403, 0.030)
1780796483.542 [SCAN_MATCH] success predict=(16.626,0.409,0.035) matched=(16.629,0.405,0.030) delta=(0.002,-0.004,-0.005) ceres_iters=24 points=328
1780796483.544 [INSERT] inserted pose=(16.629, 0.405, 0.030) submaps=2 points=328
1780796483.544 [NODE] added node_id=66 local_pose=(16.629, 0.405, 0.030) submaps=2 newly_finished_submap=0
1780796483.849 [SCAN_MATCH] success predict=(16.748,0.415,0.032) matched=(16.749,0.409,0.030) delta=(0.002,-0.005,-0.002) ceres_iters=20 points=320
1780796483.849 [INSERT] skipped by motion filter pose=(16.749, 0.409, 0.030)
1780796484.191 [SCAN_MATCH] success predict=(16.808,0.414,0.031) matched=(16.818,0.411,0.030) delta=(0.010,-0.003,-0.001) ceres_iters=22 points=321
1780796484.191 [INSERT] skipped by motion filter pose=(16.818, 0.411, 0.030)
1780796484.502 [SCAN_MATCH] success predict=(16.933,0.420,0.032) matched=(16.933,0.415,0.030) delta=(0.001,-0.006,-0.002) ceres_iters=20 points=330
1780796484.504 [INSERT] inserted pose=(16.933, 0.415, 0.030) submaps=2 points=330
1780796484.504 [NODE] added node_id=67 local_pose=(16.933, 0.415, 0.030) submaps=2 newly_finished_submap=0
1780796484.802 [SCAN_MATCH] success predict=(17.031,0.423,0.025) matched=(17.037,0.418,0.030) delta=(0.005,-0.005,0.005) ceres_iters=19 points=321
1780796484.802 [INSERT] skipped by motion filter pose=(17.037, 0.418, 0.030)
1780796485.086 [SCAN_MATCH] success predict=(17.136,0.425,0.029) matched=(17.135,0.420,0.030) delta=(-0.001,-0.005,0.001) ceres_iters=19 points=330
1780796485.088 [INSERT] inserted pose=(17.135, 0.420, 0.030) submaps=2 points=330
1780796485.088 [NODE] added node_id=68 local_pose=(17.135, 0.420, 0.030) submaps=2 newly_finished_submap=0
1780796485.308 [SCAN_MATCH] success predict=(17.235,0.428,0.034) matched=(17.240,0.424,0.030) delta=(0.004,-0.004,-0.003) ceres_iters=16 points=322
1780796485.309 [INSERT] skipped by motion filter pose=(17.240, 0.424, 0.030)
1780796485.576 [SCAN_MATCH] success predict=(17.341,0.431,0.031) matched=(17.344,0.427,0.030) delta=(0.003,-0.004,-0.001) ceres_iters=18 points=323
1780796485.578 [INSERT] inserted pose=(17.344, 0.427, 0.030) submaps=2 points=323
1780796485.578 [NODE] added node_id=69 local_pose=(17.344, 0.427, 0.030) submaps=2 newly_finished_submap=0
1780796485.787 [SCAN_MATCH] success predict=(17.423,0.434,0.031) matched=(17.426,0.430,0.030) delta=(0.003,-0.005,-0.000) ceres_iters=14 points=328
1780796485.787 [INSERT] skipped by motion filter pose=(17.426, 0.430, 0.030)
1780796485.974 [SCAN_MATCH] success predict=(17.551,0.438,0.029) matched=(17.551,0.433,0.030) delta=(0.000,-0.005,0.001) ceres_iters=13 points=324
1780796485.976 [INSERT] inserted pose=(17.551, 0.433, 0.030) submaps=2 points=324
1780796485.976 [NODE] added node_id=70 local_pose=(17.551, 0.433, 0.030) submaps=2 newly_finished_submap=0
1780796486.162 [SCAN_MATCH] success predict=(17.629,0.439,0.031) matched=(17.635,0.436,0.031) delta=(0.006,-0.004,-0.000) ceres_iters=13 points=322
1780796486.162 [INSERT] skipped by motion filter pose=(17.635, 0.436, 0.031)
1780796486.349 [SCAN_MATCH] success predict=(17.751,0.445,0.032) matched=(17.745,0.439,0.031) delta=(-0.006,-0.005,-0.001) ceres_iters=13 points=325
1780796486.349 [INSERT] skipped by motion filter pose=(17.745, 0.439, 0.031)
1780796486.573 [SCAN_MATCH] success predict=(17.845,0.447,0.033) matched=(17.841,0.442,0.031) delta=(-0.004,-0.005,-0.002) ceres_iters=15 points=324
1780796486.575 [INSERT] inserted pose=(17.841, 0.442, 0.031) submaps=2 points=324
1780796486.575 [NODE] added node_id=71 local_pose=(17.841, 0.442, 0.031) submaps=2 newly_finished_submap=0
1780796486.760 [SCAN_MATCH] success predict=(17.940,0.450,0.030) matched=(17.943,0.445,0.030) delta=(0.003,-0.005,0.000) ceres_iters=13 points=318
1780796486.760 [INSERT] skipped by motion filter pose=(17.943, 0.445, 0.030)
1780796486.960 [SCAN_MATCH] success predict=(18.022,0.452,0.030) matched=(18.028,0.448,0.031) delta=(0.007,-0.004,0.000) ceres_iters=14 points=317
1780796486.960 [INSERT] skipped by motion filter pose=(18.028, 0.448, 0.031)
1780796487.128 [SCAN_MATCH] success predict=(18.148,0.458,0.036) matched=(18.144,0.452,0.031) delta=(-0.004,-0.006,-0.005) ceres_iters=12 points=323
1780796487.130 [INSERT] inserted pose=(18.144, 0.452, 0.031) submaps=2 points=323
1780796487.130 [NODE] added node_id=72 local_pose=(18.144, 0.452, 0.031) submaps=2 newly_finished_submap=0
1780796487.320 [SCAN_MATCH] success predict=(18.224,0.459,0.030) matched=(18.226,0.454,0.030) delta=(0.002,-0.005,0.001) ceres_iters=13 points=326
1780796487.320 [INSERT] skipped by motion filter pose=(18.226, 0.454, 0.030)
1780796487.471 [SCAN_MATCH] success predict=(18.367,0.466,0.036) matched=(18.354,0.459,0.031) delta=(-0.013,-0.008,-0.005) ceres_iters=11 points=327
1780796487.473 [INSERT] inserted pose=(18.354, 0.459, 0.031) submaps=2 points=327
1780796487.473 [NODE] added node_id=73 local_pose=(18.354, 0.459, 0.031) submaps=2 newly_finished_submap=0
1780796487.683 [SCAN_MATCH] success predict=(18.433,0.466,0.033) matched=(18.433,0.460,0.031) delta=(-0.000,-0.005,-0.003) ceres_iters=14 points=329
1780796487.683 [INSERT] skipped by motion filter pose=(18.433, 0.460, 0.031)
1780796487.873 [SCAN_MATCH] success predict=(18.536,0.470,0.028) matched=(18.535,0.464,0.031) delta=(-0.001,-0.006,0.002) ceres_iters=13 points=329
1780796487.873 [INSERT] skipped by motion filter pose=(18.535, 0.464, 0.031)
1780796488.075 [SCAN_MATCH] success predict=(18.633,0.473,0.030) matched=(18.636,0.467,0.030) delta=(0.003,-0.006,0.001) ceres_iters=13 points=322
1780796488.077 [INSERT] inserted pose=(18.636, 0.467, 0.030) submaps=2 points=322
1780796488.077 [NODE] added node_id=74 local_pose=(18.636, 0.467, 0.030) submaps=2 newly_finished_submap=0
1780796488.251 [SCAN_MATCH] success predict=(18.755,0.477,0.027) matched=(18.748,0.471,0.031) delta=(-0.007,-0.007,0.004) ceres_iters=12 points=331
1780796488.251 [INSERT] skipped by motion filter pose=(18.748, 0.471, 0.031)
1780796488.461 [SCAN_MATCH] success predict=(18.804,0.475,0.029) matched=(18.810,0.471,0.030) delta=(0.006,-0.004,0.002) ceres_iters=14 points=330
1780796488.461 [INSERT] skipped by motion filter pose=(18.810, 0.471, 0.030)
1780796488.673 [SCAN_MATCH] success predict=(18.930,0.481,0.026) matched=(18.933,0.476,0.031) delta=(0.003,-0.005,0.005) ceres_iters=15 points=324
1780796488.675 [INSERT] inserted pose=(18.933, 0.476, 0.031) submaps=2 points=324
1780796488.675 [NODE] added node_id=75 local_pose=(18.933, 0.476, 0.031) submaps=2 newly_finished_submap=0
1780796488.978 [SCAN_MATCH] success predict=(19.032,0.484,0.034) matched=(19.033,0.479,0.031) delta=(0.001,-0.005,-0.003) ceres_iters=20 points=323
1780796488.978 [INSERT] skipped by motion filter pose=(19.033, 0.479, 0.031)
1780796489.181 [SCAN_MATCH] success predict=(19.177,0.489,0.029) matched=(19.170,0.484,0.031) delta=(-0.006,-0.005,0.002) ceres_iters=14 points=321
1780796489.183 [INSERT] inserted pose=(19.170, 0.484, 0.031) submaps=2 points=321
1780796489.183 [NODE] added node_id=76 local_pose=(19.170, 0.484, 0.031) submaps=2 newly_finished_submap=0
1780796489.376 [SCAN_MATCH] success predict=(19.228,0.489,0.030) matched=(19.229,0.485,0.031) delta=(0.002,-0.004,0.002) ceres_iters=14 points=324
1780796489.376 [INSERT] skipped by motion filter pose=(19.229, 0.485, 0.031)
1780796489.630 [SCAN_MATCH] success predict=(19.329,0.492,0.027) matched=(19.330,0.488,0.031) delta=(0.002,-0.004,0.004) ceres_iters=17 points=324
1780796489.630 [INSERT] skipped by motion filter pose=(19.330, 0.488, 0.031)
1780796489.903 [SCAN_MATCH] success predict=(19.428,0.496,0.030) matched=(19.428,0.491,0.031) delta=(-0.000,-0.004,0.001) ceres_iters=18 points=327
1780796489.906 [INSERT] inserted pose=(19.428, 0.491, 0.031) submaps=2 points=327
1780796489.906 [NODE] added node_id=77 local_pose=(19.428, 0.491, 0.031) submaps=2 newly_finished_submap=0
1780796490.221 [SCAN_MATCH] success predict=(19.551,0.500,0.029) matched=(19.550,0.495,0.031) delta=(-0.000,-0.005,0.002) ceres_iters=22 points=318
1780796490.221 [INSERT] skipped by motion filter pose=(19.550, 0.495, 0.031)
1780796490.537 [SCAN_MATCH] success predict=(19.628,0.501,0.034) matched=(19.630,0.497,0.031) delta=(0.002,-0.004,-0.003) ceres_iters=21 points=317
1780796490.540 [INSERT] inserted pose=(19.630, 0.497, 0.031) submaps=2 points=317
1780796490.540 [NODE] added node_id=78 local_pose=(19.630, 0.497, 0.031) submaps=2 newly_finished_submap=0
1780796490.795 [SCAN_MATCH] success predict=(19.754,0.506,0.034) matched=(19.747,0.501,0.031) delta=(-0.006,-0.005,-0.003) ceres_iters=18 points=322
1780796490.796 [INSERT] skipped by motion filter pose=(19.747, 0.501, 0.031)
1780796491.029 [SCAN_MATCH] success predict=(19.866,0.510,0.030) matched=(19.862,0.505,0.031) delta=(-0.004,-0.005,0.001) ceres_iters=16 points=311
1780796491.031 [INSERT] inserted pose=(19.862, 0.505, 0.031) submaps=2 points=311
1780796491.032 [NODE] added node_id=79 local_pose=(19.862, 0.505, 0.031) submaps=2 newly_finished_submap=1
1780796491.330 [SCAN_MATCH] success predict=(19.942,0.511,0.034) matched=(19.942,0.507,0.031) delta=(0.000,-0.004,-0.003) ceres_iters=23 points=306
1780796491.330 [INSERT] skipped by motion filter pose=(19.942, 0.507, 0.031)
1780796491.667 [SCAN_MATCH] success predict=(20.041,0.515,0.024) matched=(20.039,0.510,0.031) delta=(-0.002,-0.005,0.007) ceres_iters=25 points=310
1780796491.668 [INSERT] skipped by motion filter pose=(20.039, 0.510, 0.031)
1780796492.055 [SCAN_MATCH] success predict=(20.137,0.518,0.033) matched=(20.138,0.513,0.031) delta=(0.000,-0.004,-0.002) ceres_iters=27 points=297
1780796492.057 [INSERT] inserted pose=(20.138, 0.513, 0.031) submaps=2 points=297
1780796492.057 [NODE] added node_id=80 local_pose=(20.138, 0.513, 0.031) submaps=2 newly_finished_submap=0
1780796492.303 [SCAN_MATCH] success predict=(20.217,0.519,0.030) matched=(20.223,0.519,0.031) delta=(0.006,-0.000,0.001) ceres_iters=20 points=292
1780796492.303 [INSERT] skipped by motion filter pose=(20.223, 0.519, 0.031)
1780796492.687 [SCAN_MATCH] success predict=(20.341,0.528,0.037) matched=(20.342,0.525,0.031) delta=(0.001,-0.003,-0.006) ceres_iters=28 points=287
1780796492.689 [INSERT] inserted pose=(20.342, 0.525, 0.031) submaps=2 points=287
1780796492.689 [NODE] added node_id=81 local_pose=(20.342, 0.525, 0.031) submaps=2 newly_finished_submap=0
1780796493.003 [SCAN_MATCH] success predict=(20.409,0.530,0.032) matched=(20.411,0.527,0.031) delta=(0.002,-0.003,-0.000) ceres_iters=23 points=289
1780796493.003 [INSERT] skipped by motion filter pose=(20.411, 0.527, 0.031)
1780796493.296 [SCAN_MATCH] success predict=(20.548,0.538,0.030) matched=(20.547,0.533,0.032) delta=(-0.001,-0.005,0.001) ceres_iters=22 points=276
1780796493.298 [INSERT] inserted pose=(20.547, 0.533, 0.032) submaps=2 points=276
1780796493.298 [NODE] added node_id=82 local_pose=(20.547, 0.533, 0.032) submaps=2 newly_finished_submap=0
1780796493.454 [SCAN_MATCH] success predict=(20.608,0.537,0.029) matched=(20.618,0.534,0.032) delta=(0.010,-0.004,0.002) ceres_iters=13 points=271
1780796493.454 [INSERT] skipped by motion filter pose=(20.618, 0.534, 0.032)
1780796493.690 [SCAN_MATCH] success predict=(20.755,0.543,0.029) matched=(20.752,0.539,0.031) delta=(-0.004,-0.005,0.003) ceres_iters=17 points=274
1780796493.695 [INSERT] inserted pose=(20.752, 0.539, 0.031) submaps=2 points=274
1780796493.695 [NODE] added node_id=83 local_pose=(20.752, 0.539, 0.031) submaps=2 newly_finished_submap=0
1780796493.849 [SCAN_MATCH] success predict=(20.813,0.543,0.033) matched=(20.820,0.540,0.032) delta=(0.008,-0.003,-0.001) ceres_iters=13 points=264
1780796493.849 [INSERT] skipped by motion filter pose=(20.820, 0.540, 0.032)
1780796494.120 [SCAN_MATCH] success predict=(20.937,0.549,0.029) matched=(20.938,0.545,0.032) delta=(0.001,-0.004,0.003) ceres_iters=23 points=267
1780796494.120 [INSERT] skipped by motion filter pose=(20.938, 0.545, 0.032)
1780796494.324 [SCAN_MATCH] success predict=(21.033,0.552,0.033) matched=(21.036,0.549,0.032) delta=(0.003,-0.003,-0.000) ceres_iters=18 points=255
1780796494.326 [INSERT] inserted pose=(21.036, 0.549, 0.032) submaps=2 points=255
1780796494.326 [NODE] added node_id=84 local_pose=(21.036, 0.549, 0.032) submaps=2 newly_finished_submap=0
1780796494.504 [SCAN_MATCH] success predict=(21.153,0.557,0.031) matched=(21.147,0.550,0.030) delta=(-0.006,-0.007,-0.000) ceres_iters=15 points=258
1780796494.504 [INSERT] skipped by motion filter pose=(21.147, 0.550, 0.030)
1780796494.694 [SCAN_MATCH] success predict=(21.207,0.555,0.032) matched=(21.210,0.552,0.031) delta=(0.003,-0.003,-0.001) ceres_iters=17 points=256
1780796494.694 [INSERT] skipped by motion filter pose=(21.210, 0.552, 0.031)
1780796494.851 [SCAN_MATCH] success predict=(21.365,0.564,0.032) matched=(21.359,0.557,0.031) delta=(-0.005,-0.007,-0.002) ceres_iters=14 points=244
1780796494.853 [INSERT] inserted pose=(21.359, 0.557, 0.031) submaps=2 points=244
1780796494.853 [NODE] added node_id=85 local_pose=(21.359, 0.557, 0.031) submaps=2 newly_finished_submap=0
1780796495.009 [SCAN_MATCH] success predict=(21.397,0.560,0.031) matched=(21.405,0.560,0.033) delta=(0.009,0.000,0.003) ceres_iters=14 points=248
1780796495.009 [INSERT] skipped by motion filter pose=(21.405, 0.560, 0.033)
1780796495.164 [SCAN_MATCH] success predict=(21.540,0.571,0.032) matched=(21.544,0.568,0.034) delta=(0.004,-0.003,0.002) ceres_iters=14 points=243
1780796495.164 [INSERT] skipped by motion filter pose=(21.544, 0.568, 0.034)
1780796495.319 [SCAN_MATCH] success predict=(21.624,0.574,0.031) matched=(21.631,0.571,0.034) delta=(0.007,-0.003,0.003) ceres_iters=14 points=241
1780796495.320 [INSERT] inserted pose=(21.631, 0.571, 0.034) submaps=2 points=241
1780796495.320 [NODE] added node_id=86 local_pose=(21.631, 0.571, 0.034) submaps=2 newly_finished_submap=0
1780796495.530 [SCAN_MATCH] success predict=(21.733,0.578,0.035) matched=(21.735,0.572,0.032) delta=(0.002,-0.006,-0.002) ceres_iters=18 points=241
1780796495.530 [INSERT] skipped by motion filter pose=(21.735, 0.572, 0.032)
1780796495.673 [SCAN_MATCH] success predict=(21.856,0.581,0.045) matched=(21.849,0.574,0.045) delta=(-0.007,-0.007,-0.000) ceres_iters=13 points=248
1780796495.674 [INSERT] inserted pose=(21.849, 0.574, 0.045) submaps=2 points=248
1780796495.674 [NODE] added node_id=87 local_pose=(21.849, 0.574, 0.045) submaps=2 newly_finished_submap=0
1780796495.848 [SCAN_MATCH] success predict=(21.928,0.581,0.059) matched=(21.930,0.580,0.063) delta=(0.002,-0.002,0.004) ceres_iters=15 points=250
1780796495.848 [INSERT] skipped by motion filter pose=(21.930, 0.580, 0.063)
1780796495.991 [SCAN_MATCH] success predict=(22.006,0.588,0.082) matched=(22.020,0.588,0.084) delta=(0.014,-0.001,0.002) ceres_iters=13 points=248
1780796495.991 [INSERT] skipped by motion filter pose=(22.020, 0.588, 0.084)
1780796496.151 [SCAN_MATCH] success predict=(22.159,0.606,0.109) matched=(22.154,0.597,0.096) delta=(-0.006,-0.009,-0.013) ceres_iters=14 points=246
1780796496.153 [INSERT] inserted pose=(22.154, 0.597, 0.096) submaps=2 points=246
1780796496.153 [NODE] added node_id=88 local_pose=(22.154, 0.597, 0.096) submaps=2 newly_finished_submap=0
1780796496.371 [SCAN_MATCH] success predict=(22.214,0.606,0.099) matched=(22.222,0.607,0.115) delta=(0.008,0.001,0.016) ceres_iters=18 points=240
1780796496.371 [INSERT] skipped by motion filter pose=(22.222, 0.607, 0.115)
1780796496.580 [SCAN_MATCH] success predict=(22.341,0.625,0.140) matched=(22.341,0.619,0.131) delta=(0.000,-0.006,-0.008) ceres_iters=18 points=238
1780796496.580 [INSERT] skipped by motion filter pose=(22.341, 0.619, 0.131)
1780796496.763 [SCAN_MATCH] success predict=(22.418,0.634,0.145) matched=(22.428,0.636,0.153) delta=(0.010,0.002,0.008) ceres_iters=17 points=235
1780796496.765 [INSERT] inserted pose=(22.428, 0.636, 0.153) submaps=2 points=235
1780796496.765 [NODE] added node_id=89 local_pose=(22.428, 0.636, 0.153) submaps=2 newly_finished_submap=0
1780796496.998 [SCAN_MATCH] success predict=(22.546,0.657,0.173) matched=(22.540,0.649,0.165) delta=(-0.005,-0.008,-0.008) ceres_iters=21 points=238
1780796496.998 [INSERT] skipped by motion filter pose=(22.540, 0.649, 0.165)
1780796497.179 [SCAN_MATCH] success predict=(22.635,0.668,0.184) matched=(22.637,0.666,0.185) delta=(0.002,-0.002,0.001) ceres_iters=18 points=227
1780796497.181 [INSERT] inserted pose=(22.637, 0.666, 0.185) submaps=2 points=227
1780796497.181 [NODE] added node_id=90 local_pose=(22.637, 0.666, 0.185) submaps=2 newly_finished_submap=0
1780796497.436 [SCAN_MATCH] success predict=(22.742,0.690,0.206) matched=(22.740,0.686,0.202) delta=(-0.002,-0.004,-0.004) ceres_iters=24 points=215
1780796497.436 [INSERT] skipped by motion filter pose=(22.740, 0.686, 0.202)
1780796497.654 [SCAN_MATCH] success predict=(22.814,0.705,0.213) matched=(22.813,0.702,0.216) delta=(-0.001,-0.003,0.003) ceres_iters=21 points=214
1780796497.654 [INSERT] skipped by motion filter pose=(22.813, 0.702, 0.216)
1780796497.805 [SCAN_MATCH] success predict=(22.946,0.735,0.236) matched=(22.937,0.726,0.233) delta=(-0.009,-0.008,-0.003) ceres_iters=17 points=201
1780796497.806 [INSERT] inserted pose=(22.937, 0.726, 0.233) submaps=2 points=201
1780796497.806 [NODE] added node_id=91 local_pose=(22.937, 0.726, 0.233) submaps=2 newly_finished_submap=0
1780796497.994 [SCAN_MATCH] success predict=(22.997,0.743,0.243) matched=(23.002,0.743,0.249) delta=(0.005,0.000,0.006) ceres_iters=20 points=189
1780796497.994 [INSERT] skipped by motion filter pose=(23.002, 0.743, 0.249)
1780796498.194 [SCAN_MATCH] success predict=(23.116,0.777,0.272) matched=(23.116,0.772,0.266) delta=(-0.000,-0.004,-0.006) ceres_iters=22 points=202
1780796498.194 [INSERT] skipped by motion filter pose=(23.116, 0.772, 0.266)
1780796498.332 [SCAN_MATCH] success predict=(23.211,0.802,0.281) matched=(23.212,0.798,0.283) delta=(0.001,-0.004,0.002) ceres_iters=14 points=217
1780796498.334 [INSERT] inserted pose=(23.212, 0.798, 0.283) submaps=2 points=217
1780796498.334 [NODE] added node_id=92 local_pose=(23.212, 0.798, 0.283) submaps=2 newly_finished_submap=0
1780796498.551 [SCAN_MATCH] success predict=(23.311,0.830,0.303) matched=(23.308,0.828,0.301) delta=(-0.003,-0.002,-0.002) ceres_iters=23 points=215
1780796498.551 [INSERT] skipped by motion filter pose=(23.308, 0.828, 0.301)
1780796498.700 [SCAN_MATCH] success predict=(23.388,0.854,0.319) matched=(23.391,0.855,0.318) delta=(0.003,0.001,-0.001) ceres_iters=16 points=218
1780796498.700 [INSERT] skipped by motion filter pose=(23.391, 0.855, 0.318)
1780796498.891 [SCAN_MATCH] success predict=(23.504,0.896,0.344) matched=(23.499,0.891,0.335) delta=(-0.005,-0.005,-0.009) ceres_iters=20 points=218
1780796498.892 [INSERT] inserted pose=(23.499, 0.891, 0.335) submaps=2 points=218
1780796498.892 [NODE] added node_id=93 local_pose=(23.499, 0.891, 0.335) submaps=2 newly_finished_submap=0
1780796499.102 [SCAN_MATCH] success predict=(23.575,0.920,0.346) matched=(23.584,0.922,0.353) delta=(0.009,0.002,0.007) ceres_iters=20 points=231
1780796499.102 [INSERT] skipped by motion filter pose=(23.584, 0.922, 0.353)
1780796499.253 [SCAN_MATCH] success predict=(23.694,0.969,0.377) matched=(23.699,0.969,0.374) delta=(0.005,-0.001,-0.003) ceres_iters=14 points=235
1780796499.255 [INSERT] inserted pose=(23.699, 0.969, 0.374) submaps=2 points=235
1780796499.255 [NODE] added node_id=94 local_pose=(23.699, 0.969, 0.374) submaps=2 newly_finished_submap=0
1780796499.485 [SCAN_MATCH] success predict=(23.811,1.020,0.399) matched=(23.784,1.006,0.388) delta=(-0.027,-0.014,-0.011) ceres_iters=21 points=241
1780796499.485 [INSERT] skipped by motion filter pose=(23.784, 1.006, 0.388)
1780796499.737 [SCAN_MATCH] success predict=(23.876,1.045,0.406) matched=(23.864,1.038,0.404) delta=(-0.012,-0.007,-0.002) ceres_iters=20 points=255
1780796499.737 [INSERT] skipped by motion filter pose=(23.864, 1.038, 0.404)
1780796499.885 [SCAN_MATCH] success predict=(23.917,1.063,0.419) matched=(23.936,1.065,0.419) delta=(0.018,0.002,-0.000) ceres_iters=13 points=253
1780796499.887 [INSERT] inserted pose=(23.936, 1.065, 0.419) submaps=2 points=253
1780796499.887 [NODE] added node_id=95 local_pose=(23.936, 1.065, 0.419) submaps=2 newly_finished_submap=0
1780796500.065 [SCAN_MATCH] success predict=(24.039,1.121,0.438) matched=(24.036,1.115,0.437) delta=(-0.003,-0.006,-0.001) ceres_iters=16 points=248
1780796500.066 [INSERT] skipped by motion filter pose=(24.036, 1.115, 0.437)
1780796500.255 [SCAN_MATCH] success predict=(24.107,1.156,0.450) matched=(24.120,1.153,0.453) delta=(0.013,-0.003,0.004) ceres_iters=16 points=253
1780796500.257 [INSERT] inserted pose=(24.120, 1.153, 0.453) submaps=2 points=253
1780796500.257 [NODE] added node_id=96 local_pose=(24.120, 1.153, 0.453) submaps=2 newly_finished_submap=0
1780796500.401 [SCAN_MATCH] success predict=(24.225,1.214,0.477) matched=(24.216,1.204,0.471) delta=(-0.009,-0.010,-0.006) ceres_iters=13 points=251
1780796500.401 [INSERT] skipped by motion filter pose=(24.216, 1.204, 0.471)
1780796500.578 [SCAN_MATCH] success predict=(24.285,1.244,0.481) matched=(24.298,1.243,0.487) delta=(0.013,-0.001,0.007) ceres_iters=16 points=248
1780796500.578 [INSERT] skipped by motion filter pose=(24.298, 1.243, 0.487)
1780796500.767 [SCAN_MATCH] success predict=(24.398,1.303,0.511) matched=(24.393,1.295,0.505) delta=(-0.005,-0.007,-0.006) ceres_iters=16 points=249
1780796500.768 [INSERT] inserted pose=(24.393, 1.295, 0.505) submaps=2 points=249
1780796500.768 [NODE] added node_id=97 local_pose=(24.393, 1.295, 0.505) submaps=2 newly_finished_submap=0
1780796500.955 [SCAN_MATCH] success predict=(24.460,1.337,0.511) matched=(24.473,1.338,0.521) delta=(0.013,0.000,0.010) ceres_iters=18 points=235
1780796500.955 [INSERT] skipped by motion filter pose=(24.473, 1.338, 0.521)
1780796501.123 [SCAN_MATCH] success predict=(24.576,1.402,0.544) matched=(24.567,1.395,0.538) delta=(-0.009,-0.008,-0.006) ceres_iters=15 points=244
1780796501.124 [INSERT] inserted pose=(24.567, 1.395, 0.538) submaps=2 points=244
1780796501.124 [NODE] added node_id=98 local_pose=(24.567, 1.395, 0.538) submaps=2 newly_finished_submap=0
1780796501.289 [SCAN_MATCH] success predict=(24.629,1.439,0.552) matched=(24.644,1.440,0.556) delta=(0.015,0.001,0.004) ceres_iters=15 points=239
1780796501.289 [INSERT] skipped by motion filter pose=(24.644, 1.440, 0.556)
1780796501.428 [SCAN_MATCH] success predict=(24.742,1.509,0.573) matched=(24.736,1.501,0.572) delta=(-0.006,-0.008,-0.000) ceres_iters=13 points=241
1780796501.428 [INSERT] skipped by motion filter pose=(24.736, 1.501, 0.572)
1780796501.428 [OPTIMIZE] trigger periodic global optimization and map publish
1780796501.428 [OPTIMIZE] RunOptimization start: loop_candidates=0 constraints=178
1780796501.430 [SPA] Ceres CONVERGED initial_cost=0.000000 final_cost=0.000000 iterations=1 constraints=178 submaps=5 nodes=99
1780796501.431 [OPTIMIZE] SPA done: loop_accepted=0/0 constraints=178 nodes=99 first_pose=(-0.001,0.000,-0.000) last_pose=(24.567,1.395,0.538)
1780796501.431 [OPTIMIZE] finished: nodes=99 submaps=5 constraints 178->178 (global=0)
1780796501.437 [MAP_PUB] published /semantic_map with 27431 points (filtered=1227)
1780796501.439 [MAP_SAVE] optimization_latest saved 27431 points to /home/xhd/catkin_ws/src/AVP_SLAM_ROS/output/semantic_map_final_latest.pcd
1780796501.616 [SCAN_MATCH] success predict=(24.804,1.553,0.585) matched=(24.826,1.556,0.593) delta=(0.023,0.003,0.008) ceres_iters=16 points=235
1780796501.618 [INSERT] inserted pose=(24.826, 1.556, 0.593) submaps=2 points=235
1780796501.618 [NODE] added node_id=99 local_pose=(24.826, 1.556, 0.593) submaps=2 newly_finished_submap=1
1780796501.750 [SCAN_MATCH] success predict=(24.938,1.641,0.616) matched=(24.922,1.628,0.610) delta=(-0.016,-0.014,-0.006) ceres_iters=13 points=229
1780796501.750 [INSERT] skipped by motion filter pose=(24.922, 1.628, 0.610)
1780796501.925 [SCAN_MATCH] success predict=(24.969,1.664,0.619) matched=(24.991,1.669,0.627) delta=(0.022,0.005,0.009) ceres_iters=16 points=230
1780796501.925 [INSERT] skipped by motion filter pose=(24.991, 1.669, 0.627)
1780796502.056 [SCAN_MATCH] success predict=(25.085,1.750,0.649) matched=(25.068,1.737,0.641) delta=(-0.017,-0.013,-0.008) ceres_iters=13 points=226
1780796502.057 [INSERT] inserted pose=(25.068, 1.737, 0.641) submaps=2 points=226
1780796502.058 [NODE] added node_id=100 local_pose=(25.068, 1.737, 0.641) submaps=2 newly_finished_submap=0
1780796502.192 [SCAN_MATCH] success predict=(25.130,1.788,0.653) matched=(25.142,1.787,0.658) delta=(0.012,-0.001,0.004) ceres_iters=12 points=225
1780796502.192 [INSERT] skipped by motion filter pose=(25.142, 1.787, 0.658)
1780796502.324 [SCAN_MATCH] success predict=(25.235,1.865,0.675) matched=(25.234,1.858,0.674) delta=(-0.002,-0.007,-0.001) ceres_iters=13 points=221
1780796502.325 [INSERT] inserted pose=(25.234, 1.858, 0.674) submaps=2 points=221
1780796502.325 [NODE] added node_id=101 local_pose=(25.234, 1.858, 0.674) submaps=2 newly_finished_submap=0
1780796502.471 [SCAN_MATCH] success predict=(25.308,1.921,0.692) matched=(25.310,1.917,0.691) delta=(0.002,-0.005,-0.001) ceres_iters=14 points=240
1780796502.472 [INSERT] skipped by motion filter pose=(25.310, 1.917, 0.691)
1780796502.678 [SCAN_MATCH] success predict=(25.383,1.978,0.712) matched=(25.386,1.976,0.708) delta=(0.003,-0.002,-0.004) ceres_iters=19 points=230
1780796502.678 [INSERT] skipped by motion filter pose=(25.386, 1.976, 0.708)
1780796502.798 [SCAN_MATCH] success predict=(25.456,2.045,0.724) matched=(25.469,2.049,0.729) delta=(0.013,0.003,0.004) ceres_iters=12 points=228
1780796502.799 [INSERT] inserted pose=(25.469, 2.049, 0.729) submaps=2 points=228
1780796502.799 [NODE] added node_id=102 local_pose=(25.469, 2.049, 0.729) submaps=2 newly_finished_submap=0
1780796502.947 [SCAN_MATCH] success predict=(25.538,2.115,0.745) matched=(25.549,2.117,0.745) delta=(0.010,0.002,0.000) ceres_iters=14 points=231
1780796502.947 [INSERT] skipped by motion filter pose=(25.549, 2.117, 0.745)
1780796503.098 [SCAN_MATCH] success predict=(25.620,2.196,0.759) matched=(25.625,2.194,0.762) delta=(0.005,-0.003,0.003) ceres_iters=16 points=223
1780796503.102 [INSERT] inserted pose=(25.625, 2.194, 0.762) submaps=2 points=223
1780796503.102 [NODE] added node_id=103 local_pose=(25.625, 2.194, 0.762) submaps=2 newly_finished_submap=0
1780796503.217 [SCAN_MATCH] success predict=(25.694,2.268,0.773) matched=(25.689,2.258,0.775) delta=(-0.005,-0.010,0.002) ceres_iters=12 points=221
1780796503.217 [INSERT] skipped by motion filter pose=(25.689, 2.258, 0.775)
1780796503.354 [SCAN_MATCH] success predict=(25.759,2.336,0.793) matched=(25.758,2.327,0.792) delta=(-0.001,-0.008,-0.001) ceres_iters=13 points=236
1780796503.354 [INSERT] skipped by motion filter pose=(25.758, 2.327, 0.792)
1780796503.535 [SCAN_MATCH] success predict=(25.839,2.414,0.812) matched=(25.840,2.410,0.812) delta=(0.001,-0.005,0.001) ceres_iters=17 points=234
1780796503.537 [INSERT] inserted pose=(25.840, 2.410, 0.812) submaps=2 points=234
1780796503.537 [NODE] added node_id=104 local_pose=(25.840, 2.410, 0.812) submaps=2 newly_finished_submap=0
1780796503.674 [SCAN_MATCH] success predict=(25.881,2.451,0.820) matched=(25.900,2.463,0.830) delta=(0.019,0.012,0.010) ceres_iters=13 points=236
1780796503.674 [INSERT] skipped by motion filter pose=(25.900, 2.463, 0.830)
1780796503.826 [SCAN_MATCH] success predict=(25.976,2.558,0.847) matched=(25.968,2.547,0.843) delta=(-0.008,-0.011,-0.004) ceres_iters=14 points=237
1780796503.826 [INSERT] skipped by motion filter pose=(25.968, 2.547, 0.843)
1780796503.953 [SCAN_MATCH] success predict=(26.016,2.607,0.853) matched=(26.033,2.616,0.864) delta=(0.017,0.009,0.010) ceres_iters=12 points=244
1780796503.954 [INSERT] inserted pose=(26.033, 2.616, 0.864) submaps=2 points=244
1780796503.954 [NODE] added node_id=105 local_pose=(26.033, 2.616, 0.864) submaps=2 newly_finished_submap=0
1780796504.135 [SCAN_MATCH] success predict=(26.124,2.719,0.877) matched=(26.114,2.711,0.881) delta=(-0.010,-0.008,0.004) ceres_iters=17 points=232
1780796504.136 [INSERT] skipped by motion filter pose=(26.114, 2.711, 0.881)
1780796504.334 [SCAN_MATCH] success predict=(26.161,2.773,0.895) matched=(26.168,2.775,0.898) delta=(0.007,0.002,0.003) ceres_iters=19 points=231
1780796504.335 [INSERT] inserted pose=(26.168, 2.775, 0.898) submaps=2 points=231
1780796504.335 [NODE] added node_id=106 local_pose=(26.168, 2.775, 0.898) submaps=2 newly_finished_submap=0
1780796504.604 [SCAN_MATCH] success predict=(26.228,2.857,0.915) matched=(26.223,2.850,0.912) delta=(-0.005,-0.007,-0.003) ceres_iters=23 points=238
1780796504.604 [INSERT] skipped by motion filter pose=(26.223, 2.850, 0.912)
1780796504.798 [SCAN_MATCH] success predict=(26.271,2.919,0.927) matched=(26.278,2.921,0.928) delta=(0.007,0.002,0.001) ceres_iters=18 points=244
1780796504.798 [INSERT] skipped by motion filter pose=(26.278, 2.921, 0.928)
1780796504.983 [SCAN_MATCH] success predict=(26.348,3.020,0.946) matched=(26.343,3.011,0.945) delta=(-0.005,-0.009,-0.000) ceres_iters=16 points=243
1780796504.984 [INSERT] inserted pose=(26.343, 3.011, 0.945) submaps=2 points=243
1780796504.984 [NODE] added node_id=107 local_pose=(26.343, 3.011, 0.945) submaps=2 newly_finished_submap=0
1780796505.394 [SCAN_MATCH] success predict=(26.400,3.094,0.958) matched=(26.400,3.089,0.963) delta=(-0.000,-0.005,0.005) ceres_iters=33 points=251
1780796505.394 [INSERT] skipped by motion filter pose=(26.400, 3.089, 0.963)
1780796505.748 [SCAN_MATCH] success predict=(26.456,3.172,0.979) matched=(26.456,3.170,0.980) delta=(0.001,-0.003,0.001) ceres_iters=33 points=239
1780796505.748 [INSERT] skipped by motion filter pose=(26.456, 3.170, 0.980)
1780796506.006 [SCAN_MATCH] success predict=(26.497,3.242,0.992) matched=(26.506,3.245,0.996) delta=(0.010,0.003,0.005) ceres_iters=21 points=256
1780796506.007 [INSERT] inserted pose=(26.506, 3.245, 0.996) submaps=2 points=256
1780796506.007 [NODE] added node_id=108 local_pose=(26.506, 3.245, 0.996) submaps=2 newly_finished_submap=0
1780796506.418 [SCAN_MATCH] success predict=(26.569,3.344,1.019) matched=(26.567,3.339,1.014) delta=(-0.002,-0.005,-0.004) ceres_iters=33 points=247
1780796506.418 [INSERT] skipped by motion filter pose=(26.567, 3.339, 1.014)
1780796506.652 [SCAN_MATCH] success predict=(26.609,3.402,1.024) matched=(26.616,3.410,1.031) delta=(0.007,0.008,0.007) ceres_iters=20 points=258
1780796506.652 [INSERT] skipped by motion filter pose=(26.616, 3.410, 1.031)
1780796506.909 [SCAN_MATCH] success predict=(26.675,3.512,1.057) matched=(26.671,3.509,1.048) delta=(-0.004,-0.003,-0.009) ceres_iters=20 points=262
1780796506.911 [INSERT] inserted pose=(26.671, 3.509, 1.048) submaps=2 points=262
1780796506.911 [NODE] added node_id=109 local_pose=(26.671, 3.509, 1.048) submaps=2 newly_finished_submap=0
1780796507.107 [SCAN_MATCH] success predict=(26.710,3.577,1.057) matched=(26.716,3.583,1.065) delta=(0.006,0.006,0.009) ceres_iters=16 points=257
1780796507.108 [INSERT] skipped by motion filter pose=(26.716, 3.583, 1.065)
1780796507.315 [SCAN_MATCH] success predict=(26.771,3.681,1.084) matched=(26.768,3.681,1.082) delta=(-0.003,-0.001,-0.002) ceres_iters=17 points=268
1780796507.315 [INSERT] skipped by motion filter pose=(26.768, 3.681, 1.082)
1780796507.542 [SCAN_MATCH] success predict=(26.804,3.750,1.100) matched=(26.810,3.760,1.099) delta=(0.006,0.010,-0.001) ceres_iters=17 points=280
1780796507.543 [INSERT] inserted pose=(26.810, 3.760, 1.099) submaps=2 points=280
1780796507.543 [NODE] added node_id=110 local_pose=(26.810, 3.760, 1.099) submaps=2 newly_finished_submap=0
1780796507.843 [SCAN_MATCH] success predict=(26.862,3.870,1.120) matched=(26.858,3.864,1.116) delta=(-0.004,-0.007,-0.004) ceres_iters=22 points=292
1780796507.844 [INSERT] skipped by motion filter pose=(26.858, 3.864, 1.116)
1780796508.111 [SCAN_MATCH] success predict=(26.900,3.949,1.130) matched=(26.906,3.956,1.136) delta=(0.006,0.007,0.006) ceres_iters=20 points=293
1780796508.112 [INSERT] inserted pose=(26.906, 3.956, 1.136) submaps=2 points=293
1780796508.112 [NODE] added node_id=111 local_pose=(26.906, 3.956, 1.136) submaps=2 newly_finished_submap=0
1780796508.388 [SCAN_MATCH] success predict=(26.950,4.047,1.157) matched=(26.944,4.042,1.150) delta=(-0.005,-0.005,-0.007) ceres_iters=19 points=297
1780796508.388 [INSERT] skipped by motion filter pose=(26.944, 4.042, 1.150)
1780796508.651 [SCAN_MATCH] success predict=(26.975,4.118,1.163) matched=(26.980,4.123,1.167) delta=(0.005,0.005,0.004) ceres_iters=19 points=297
1780796508.651 [INSERT] skipped by motion filter pose=(26.980, 4.123, 1.167)
1780796508.907 [SCAN_MATCH] success predict=(27.031,4.253,1.191) matched=(27.024,4.237,1.184) delta=(-0.007,-0.016,-0.007) ceres_iters=17 points=318
1780796508.909 [INSERT] inserted pose=(27.024, 4.237, 1.184) submaps=2 points=318
1780796508.909 [NODE] added node_id=112 local_pose=(27.024, 4.237, 1.184) submaps=2 newly_finished_submap=0
1780796509.260 [SCAN_MATCH] success predict=(27.054,4.307,1.197) matched=(27.057,4.310,1.201) delta=(0.003,0.003,0.004) ceres_iters=24 points=299
1780796509.260 [INSERT] skipped by motion filter pose=(27.057, 4.310, 1.201)
1780796509.556 [SCAN_MATCH] success predict=(27.097,4.428,1.226) matched=(27.095,4.418,1.218) delta=(-0.003,-0.011,-0.009) ceres_iters=20 points=314
1780796509.556 [INSERT] skipped by motion filter pose=(27.095, 4.418, 1.218)
1780796509.824 [SCAN_MATCH] success predict=(27.120,4.492,1.237) matched=(27.126,4.496,1.235) delta=(0.006,0.004,-0.001) ceres_iters=19 points=315
1780796509.826 [INSERT] inserted pose=(27.126, 4.496, 1.235) submaps=2 points=315
1780796509.826 [NODE] added node_id=113 local_pose=(27.126, 4.496, 1.235) submaps=2 newly_finished_submap=0
1780796510.191 [SCAN_MATCH] success predict=(27.161,4.610,1.252) matched=(27.160,4.604,1.252) delta=(-0.001,-0.006,0.000) ceres_iters=24 points=319
1780796510.191 [INSERT] skipped by motion filter pose=(27.160, 4.604, 1.252)
1780796510.445 [SCAN_MATCH] success predict=(27.182,4.682,1.269) matched=(27.189,4.686,1.269) delta=(0.006,0.004,0.000) ceres_iters=18 points=328
1780796510.447 [INSERT] inserted pose=(27.189, 4.686, 1.269) submaps=2 points=328
1780796510.447 [NODE] added node_id=114 local_pose=(27.189, 4.686, 1.269) submaps=2 newly_finished_submap=0
1780796510.913 [SCAN_MATCH] success predict=(27.222,4.815,1.288) matched=(27.224,4.811,1.289) delta=(0.002,-0.004,0.002) ceres_iters=29 points=328
1780796510.913 [INSERT] skipped by motion filter pose=(27.224, 4.811, 1.289)
1780796511.166 [SCAN_MATCH] success predict=(27.245,4.888,1.304) matched=(27.251,4.895,1.307) delta=(0.006,0.006,0.003) ceres_iters=17 points=330
1780796511.168 [INSERT] inserted pose=(27.251, 4.895, 1.307) submaps=2 points=330
1780796511.168 [NODE] added node_id=115 local_pose=(27.251, 4.895, 1.307) submaps=2 newly_finished_submap=0
1780796511.378 [SCAN_MATCH] success predict=(27.280,5.013,1.324) matched=(27.275,4.996,1.320) delta=(-0.005,-0.017,-0.003) ceres_iters=15 points=338
1780796511.378 [INSERT] skipped by motion filter pose=(27.275, 4.996, 1.320)
1780796511.686 [SCAN_MATCH] success predict=(27.293,5.069,1.330) matched=(27.300,5.083,1.341) delta=(0.007,0.014,0.011) ceres_iters=19 points=349
1780796511.686 [INSERT] skipped by motion filter pose=(27.300, 5.083, 1.341)
1780796511.914 [SCAN_MATCH] success predict=(27.321,5.193,1.356) matched=(27.324,5.193,1.358) delta=(0.002,0.000,0.002) ceres_iters=15 points=342
1780796511.917 [INSERT] inserted pose=(27.324, 5.193, 1.358) submaps=2 points=342
1780796511.917 [NODE] added node_id=116 local_pose=(27.324, 5.193, 1.358) submaps=2 newly_finished_submap=0
1780796512.148 [SCAN_MATCH] success predict=(27.339,5.269,1.364) matched=(27.343,5.280,1.375) delta=(0.004,0.012,0.011) ceres_iters=15 points=348
1780796512.148 [INSERT] skipped by motion filter pose=(27.343, 5.280, 1.375)
1780796512.394 [SCAN_MATCH] success predict=(27.369,5.418,1.402) matched=(27.361,5.393,1.388) delta=(-0.008,-0.025,-0.014) ceres_iters=17 points=335
1780796512.396 [INSERT] inserted pose=(27.361, 5.393, 1.388) submaps=2 points=335
1780796512.396 [NODE] added node_id=117 local_pose=(27.361, 5.393, 1.388) submaps=2 newly_finished_submap=0
1780796512.716 [SCAN_MATCH] success predict=(27.374,5.472,1.407) matched=(27.376,5.470,1.405) delta=(0.002,-0.001,-0.002) ceres_iters=20 points=356
1780796512.716 [INSERT] skipped by motion filter pose=(27.376, 5.470, 1.405)
1780796512.972 [SCAN_MATCH] success predict=(27.390,5.565,1.420) matched=(27.392,5.566,1.422) delta=(0.002,0.001,0.003) ceres_iters=16 points=359
1780796512.972 [INSERT] skipped by motion filter pose=(27.392, 5.566, 1.422)
1780796513.228 [SCAN_MATCH] success predict=(27.403,5.642,1.438) matched=(27.409,5.666,1.444) delta=(0.007,0.024,0.006) ceres_iters=16 points=358
1780796513.230 [INSERT] inserted pose=(27.409, 5.666, 1.444) submaps=2 points=358
1780796513.230 [NODE] added node_id=118 local_pose=(27.409, 5.666, 1.444) submaps=2 newly_finished_submap=0
1780796513.460 [SCAN_MATCH] success predict=(27.426,5.794,1.468) matched=(27.423,5.790,1.460) delta=(-0.003,-0.004,-0.008) ceres_iters=15 points=350
1780796513.460 [INSERT] skipped by motion filter pose=(27.423, 5.790, 1.460)
1780796513.723 [SCAN_MATCH] success predict=(27.428,5.848,1.469) matched=(27.432,5.870,1.477) delta=(0.004,0.022,0.008) ceres_iters=16 points=368
1780796513.725 [INSERT] inserted pose=(27.432, 5.870, 1.477) submaps=2 points=368
1780796513.725 [NODE] added node_id=119 local_pose=(27.432, 5.870, 1.477) submaps=2 newly_finished_submap=1
1780796513.926 [SCAN_MATCH] success predict=(27.443,6.004,1.502) matched=(27.439,5.983,1.490) delta=(-0.004,-0.021,-0.012) ceres_iters=13 points=365
1780796513.926 [INSERT] skipped by motion filter pose=(27.439, 5.983, 1.490)
1780796514.181 [SCAN_MATCH] success predict=(27.444,6.059,1.505) matched=(27.446,6.062,1.508) delta=(0.002,0.003,0.003) ceres_iters=16 points=361
1780796514.181 [INSERT] skipped by motion filter pose=(27.446, 6.062, 1.508)
1780796514.458 [SCAN_MATCH] success predict=(27.450,6.168,1.532) matched=(27.451,6.166,1.525) delta=(0.001,-0.002,-0.007) ceres_iters=17 points=377
1780796514.460 [INSERT] inserted pose=(27.451, 6.166, 1.525) submaps=2 points=377
1780796514.460 [NODE] added node_id=120 local_pose=(27.451, 6.166, 1.525) submaps=2 newly_finished_submap=0
1780796514.734 [SCAN_MATCH] success predict=(27.453,6.249,1.538) matched=(27.442,6.253,1.543) delta=(-0.010,0.004,0.005) ceres_iters=17 points=374
1780796514.734 [INSERT] skipped by motion filter pose=(27.442, 6.253, 1.543)
1780796514.974 [SCAN_MATCH] success predict=(27.443,6.379,1.563) matched=(27.440,6.376,1.560) delta=(-0.002,-0.003,-0.003) ceres_iters=16 points=371
1780796514.977 [INSERT] inserted pose=(27.440, 6.376, 1.560) submaps=2 points=371
1780796514.977 [NODE] added node_id=121 local_pose=(27.440, 6.376, 1.560) submaps=2 newly_finished_submap=0
1780796515.226 [SCAN_MATCH] success predict=(27.440,6.451,1.572) matched=(27.441,6.457,1.578) delta=(0.001,0.006,0.006) ceres_iters=15 points=380
1780796515.226 [INSERT] skipped by motion filter pose=(27.441, 6.457, 1.578)
1780796515.636 [SCAN_MATCH] success predict=(27.437,6.574,1.600) matched=(27.438,6.574,1.593) delta=(0.001,-0.000,-0.006) ceres_iters=23 points=384
1780796515.636 [INSERT] skipped by motion filter pose=(27.438, 6.574, 1.593)
1780796515.931 [SCAN_MATCH] success predict=(27.435,6.659,1.606) matched=(27.436,6.664,1.611) delta=(0.001,0.004,0.005) ceres_iters=16 points=399
1780796515.934 [INSERT] inserted pose=(27.436, 6.664, 1.611) submaps=2 points=399
1780796515.935 [NODE] added node_id=122 local_pose=(27.436, 6.664, 1.611) submaps=2 newly_finished_submap=0
1780796516.189 [SCAN_MATCH] success predict=(27.428,6.781,1.634) matched=(27.431,6.778,1.628) delta=(0.002,-0.004,-0.007) ceres_iters=14 points=410
1780796516.189 [INSERT] skipped by motion filter pose=(27.431, 6.778, 1.628)
1780796516.362 [SCAN_MATCH] success predict=(27.424,6.857,1.645) matched=(27.425,6.860,1.646) delta=(0.001,0.003,0.000) ceres_iters=11 points=421
1780796516.362 [INSERT] skipped by motion filter pose=(27.425, 6.860, 1.646)
1780796516.709 [SCAN_MATCH] success predict=(27.413,6.976,1.667) matched=(27.416,6.974,1.662) delta=(0.003,-0.002,-0.005) ceres_iters=18 points=418
1780796516.712 [INSERT] inserted pose=(27.416, 6.974, 1.662) submaps=2 points=418
1780796516.712 [NODE] added node_id=123 local_pose=(27.416, 6.974, 1.662) submaps=2 newly_finished_submap=0
1780796517.001 [SCAN_MATCH] success predict=(27.407,7.056,1.675) matched=(27.408,7.061,1.680) delta=(0.001,0.005,0.005) ceres_iters=15 points=437
1780796517.001 [INSERT] skipped by motion filter pose=(27.408, 7.061, 1.680)
1780796517.369 [SCAN_MATCH] success predict=(27.392,7.184,1.696) matched=(27.395,7.181,1.695) delta=(0.002,-0.003,-0.001) ceres_iters=19 points=434
1780796517.373 [INSERT] inserted pose=(27.395, 7.181, 1.695) submaps=2 points=434
1780796517.373 [NODE] added node_id=124 local_pose=(27.395, 7.181, 1.695) submaps=2 newly_finished_submap=0
1780796517.637 [SCAN_MATCH] success predict=(27.383,7.263,1.703) matched=(27.383,7.266,1.703) delta=(0.000,0.003,0.001) ceres_iters=15 points=446
1780796517.637 [INSERT] skipped by motion filter pose=(27.383, 7.266, 1.703)
1780796517.991 [SCAN_MATCH] success predict=(27.365,7.383,1.705) matched=(27.368,7.381,1.702) delta=(0.003,-0.003,-0.003) ceres_iters=18 points=447
1780796517.994 [INSERT] inserted pose=(27.368, 7.381, 1.702) submaps=2 points=447
1780796517.994 [NODE] added node_id=125 local_pose=(27.368, 7.381, 1.702) submaps=2 newly_finished_submap=0
1780796518.259 [SCAN_MATCH] success predict=(27.356,7.460,1.701) matched=(27.357,7.464,1.703) delta=(0.001,0.004,0.002) ceres_iters=15 points=447
1780796518.259 [INSERT] skipped by motion filter pose=(27.357, 7.464, 1.703)
1780796518.617 [SCAN_MATCH] success predict=(27.338,7.581,1.707) matched=(27.342,7.579,1.702) delta=(0.004,-0.002,-0.005) ceres_iters=18 points=452
1780796518.620 [INSERT] inserted pose=(27.342, 7.579, 1.702) submaps=2 points=452
1780796518.620 [NODE] added node_id=126 local_pose=(27.342, 7.579, 1.702) submaps=2 newly_finished_submap=0
1780796518.864 [SCAN_MATCH] success predict=(27.329,7.661,1.703) matched=(27.331,7.665,1.703) delta=(0.001,0.004,0.000) ceres_iters=14 points=453
1780796518.864 [INSERT] skipped by motion filter pose=(27.331, 7.665, 1.703)
1780796519.215 [SCAN_MATCH] success predict=(27.312,7.789,1.705) matched=(27.315,7.783,1.702) delta=(0.003,-0.006,-0.003) ceres_iters=17 points=456
1780796519.218 [INSERT] inserted pose=(27.315, 7.783, 1.702) submaps=2 points=456
1780796519.218 [NODE] added node_id=127 local_pose=(27.315, 7.783, 1.702) submaps=2 newly_finished_submap=0
1780796519.608 [SCAN_MATCH] success predict=(27.303,7.857,1.703) matched=(27.304,7.862,1.704) delta=(0.001,0.005,0.000) ceres_iters=18 points=453
1780796519.608 [INSERT] skipped by motion filter pose=(27.304, 7.862, 1.704)
1780796519.885 [SCAN_MATCH] success predict=(27.285,7.987,1.702) matched=(27.289,7.982,1.702) delta=(0.004,-0.006,-0.000) ceres_iters=14 points=459
1780796519.888 [INSERT] inserted pose=(27.289, 7.982, 1.702) submaps=2 points=459
1780796519.888 [NODE] added node_id=128 local_pose=(27.289, 7.982, 1.702) submaps=2 newly_finished_submap=0
1780796520.183 [SCAN_MATCH] success predict=(27.276,8.065,1.705) matched=(27.278,8.067,1.703) delta=(0.002,0.002,-0.002) ceres_iters=16 points=459
1780796520.184 [INSERT] skipped by motion filter pose=(27.278, 8.067, 1.703)
1780796520.444 [SCAN_MATCH] success predict=(27.259,8.186,1.704) matched=(27.263,8.181,1.702) delta=(0.004,-0.005,-0.002) ceres_iters=14 points=458
1780796520.447 [INSERT] inserted pose=(27.263, 8.181, 1.702) submaps=2 points=458
1780796520.447 [NODE] added node_id=129 local_pose=(27.263, 8.181, 1.702) submaps=2 newly_finished_submap=0
1780796520.838 [SCAN_MATCH] success predict=(27.250,8.260,1.702) matched=(27.251,8.270,1.704) delta=(0.001,0.010,0.002) ceres_iters=18 points=456
1780796520.838 [INSERT] skipped by motion filter pose=(27.251, 8.270, 1.704)
1780796521.141 [SCAN_MATCH] success predict=(27.225,8.421,1.703) matched=(27.233,8.397,1.701) delta=(0.008,-0.024,-0.002) ceres_iters=15 points=455
1780796521.144 [INSERT] inserted pose=(27.233, 8.397, 1.701) submaps=2 points=455
1780796521.144 [NODE] added node_id=130 local_pose=(27.233, 8.397, 1.701) submaps=2 newly_finished_submap=0
1780796521.372 [SCAN_MATCH] success predict=(27.224,8.457,1.697) matched=(27.225,8.468,1.704) delta=(0.001,0.010,0.007) ceres_iters=12 points=459
1780796521.372 [INSERT] skipped by motion filter pose=(27.225, 8.468, 1.704)
1780796521.682 [SCAN_MATCH] success predict=(27.208,8.567,1.714) matched=(27.211,8.569,1.702) delta=(0.003,0.001,-0.011) ceres_iters=16 points=457
1780796521.682 [INSERT] skipped by motion filter pose=(27.211, 8.569, 1.702)
1780796521.933 [SCAN_MATCH] success predict=(27.199,8.647,1.705) matched=(27.200,8.654,1.704) delta=(0.001,0.007,-0.001) ceres_iters=13 points=458
1780796521.937 [INSERT] inserted pose=(27.200, 8.654, 1.704) submaps=2 points=458
1780796521.937 [NODE] added node_id=131 local_pose=(27.200, 8.654, 1.704) submaps=2 newly_finished_submap=0
1780796522.315 [SCAN_MATCH] success predict=(27.180,8.766,1.702) matched=(27.184,8.768,1.702) delta=(0.005,0.001,-0.000) ceres_iters=18 points=460
1780796522.315 [INSERT] skipped by motion filter pose=(27.184, 8.768, 1.702)
1780796522.594 [SCAN_MATCH] success predict=(27.171,8.846,1.702) matched=(27.173,8.853,1.703) delta=(0.003,0.007,0.002) ceres_iters=14 points=460
1780796522.597 [INSERT] inserted pose=(27.173, 8.853, 1.703) submaps=2 points=460
1780796522.597 [NODE] added node_id=132 local_pose=(27.173, 8.853, 1.703) submaps=2 newly_finished_submap=0
1780796523.053 [SCAN_MATCH] success predict=(27.153,8.970,1.706) matched=(27.158,8.970,1.702) delta=(0.005,-0.000,-0.004) ceres_iters=21 points=457
1780796523.053 [INSERT] skipped by motion filter pose=(27.158, 8.970, 1.702)
1780796523.395 [SCAN_MATCH] success predict=(27.137,9.078,1.706) matched=(27.144,9.074,1.701) delta=(0.006,-0.004,-0.005) ceres_iters=17 points=464
1780796523.398 [INSERT] inserted pose=(27.144, 9.074, 1.701) submaps=2 points=464
1780796523.398 [NODE] added node_id=133 local_pose=(27.144, 9.074, 1.701) submaps=2 newly_finished_submap=0
1780796523.763 [SCAN_MATCH] success predict=(27.130,9.153,1.706) matched=(27.133,9.157,1.703) delta=(0.003,0.004,-0.004) ceres_iters=18 points=459
1780796523.763 [INSERT] skipped by motion filter pose=(27.133, 9.157, 1.703)
1780796524.017 [SCAN_MATCH] success predict=(27.111,9.284,1.703) matched=(27.118,9.277,1.701) delta=(0.006,-0.007,-0.001) ceres_iters=13 points=462
1780796524.020 [INSERT] inserted pose=(27.118, 9.277, 1.701) submaps=2 points=462
1780796524.020 [NODE] added node_id=134 local_pose=(27.118, 9.277, 1.701) submaps=2 newly_finished_submap=0
1780796524.300 [SCAN_MATCH] success predict=(27.103,9.353,1.703) matched=(27.107,9.356,1.703) delta=(0.004,0.004,-0.001) ceres_iters=14 points=460
1780796524.300 [INSERT] skipped by motion filter pose=(27.107, 9.356, 1.703)
1780796524.656 [SCAN_MATCH] success predict=(27.085,9.473,1.697) matched=(27.092,9.470,1.702) delta=(0.007,-0.003,0.005) ceres_iters=17 points=460
1780796524.657 [INSERT] skipped by motion filter pose=(27.092, 9.470, 1.702)
1780796524.933 [SCAN_MATCH] success predict=(27.077,9.556,1.704) matched=(27.081,9.557,1.702) delta=(0.003,0.002,-0.001) ceres_iters=15 points=464
1780796524.936 [INSERT] inserted pose=(27.081, 9.557, 1.702) submaps=2 points=464
1780796524.936 [NODE] added node_id=135 local_pose=(27.081, 9.557, 1.702) submaps=2 newly_finished_submap=0
1780796525.190 [SCAN_MATCH] success predict=(27.067,9.636,1.706) matched=(27.069,9.645,1.703) delta=(0.002,0.008,-0.002) ceres_iters=13 points=460
1780796525.190 [INSERT] skipped by motion filter pose=(27.069, 9.645, 1.703)
1780796525.610 [SCAN_MATCH] success predict=(27.047,9.765,1.705) matched=(27.053,9.764,1.702) delta=(0.006,-0.001,-0.003) ceres_iters=19 points=459
1780796525.614 [INSERT] inserted pose=(27.053, 9.764, 1.702) submaps=2 points=459
1780796525.614 [NODE] added node_id=136 local_pose=(27.053, 9.764, 1.702) submaps=2 newly_finished_submap=0
1780796525.876 [SCAN_MATCH] success predict=(27.038,9.843,1.702) matched=(27.042,9.849,1.703) delta=(0.004,0.005,0.001) ceres_iters=14 points=456
1780796525.876 [INSERT] skipped by motion filter pose=(27.042, 9.849, 1.703)
1780796526.216 [SCAN_MATCH] success predict=(27.020,9.964,1.701) matched=(27.027,9.962,1.702) delta=(0.006,-0.002,0.001) ceres_iters=17 points=460
1780796526.219 [INSERT] inserted pose=(27.027, 9.962, 1.702) submaps=2 points=460
1780796526.219 [NODE] added node_id=137 local_pose=(27.027, 9.962, 1.702) submaps=2 newly_finished_submap=0
1780796526.624 [SCAN_MATCH] success predict=(27.012,10.040,1.702) matched=(27.016,10.046,1.703) delta=(0.004,0.006,0.001) ceres_iters=19 points=458
1780796526.624 [INSERT] skipped by motion filter pose=(27.016, 10.046, 1.703)
1780796527.053 [SCAN_MATCH] success predict=(26.993,10.165,1.708) matched=(27.000,10.163,1.702) delta=(0.007,-0.002,-0.007) ceres_iters=20 points=458
1780796527.056 [INSERT] inserted pose=(27.000, 10.163, 1.702) submaps=2 points=458
1780796527.056 [NODE] added node_id=138 local_pose=(27.000, 10.163, 1.702) submaps=2 newly_finished_submap=0
1780796527.487 [SCAN_MATCH] success predict=(26.985,10.241,1.698) matched=(26.989,10.245,1.703) delta=(0.004,0.005,0.004) ceres_iters=20 points=460
1780796527.487 [INSERT] skipped by motion filter pose=(26.989, 10.245, 1.703)
1780796527.786 [SCAN_MATCH] success predict=(26.967,10.366,1.702) matched=(26.974,10.363,1.702) delta=(0.007,-0.003,-0.000) ceres_iters=15 points=453
1780796527.789 [INSERT] inserted pose=(26.974, 10.363, 1.702) submaps=2 points=453
1780796527.789 [NODE] added node_id=139 local_pose=(26.974, 10.363, 1.702) submaps=2 newly_finished_submap=1
1780796528.082 [SCAN_MATCH] success predict=(26.955,10.466,1.709) matched=(26.960,10.469,1.702) delta=(0.004,0.003,-0.007) ceres_iters=16 points=453
1780796528.082 [INSERT] skipped by motion filter pose=(26.960, 10.469, 1.702)
1780796528.368 [SCAN_MATCH] success predict=(26.941,10.569,1.703) matched=(26.947,10.564,1.702) delta=(0.007,-0.004,-0.001) ceres_iters=16 points=444
1780796528.371 [INSERT] inserted pose=(26.947, 10.564, 1.702) submaps=2 points=444
1780796528.372 [NODE] added node_id=140 local_pose=(26.947, 10.564, 1.702) submaps=2 newly_finished_submap=0
1780796528.726 [SCAN_MATCH] success predict=(26.930,10.651,1.695) matched=(26.926,10.650,1.703) delta=(-0.004,-0.001,0.008) ceres_iters=19 points=439
1780796528.726 [INSERT] skipped by motion filter pose=(26.926, 10.650, 1.703)
1780796529.132 [SCAN_MATCH] success predict=(26.906,10.755,1.705) matched=(26.908,10.754,1.702) delta=(0.002,-0.001,-0.003) ceres_iters=20 points=436
1780796529.132 [INSERT] skipped by motion filter pose=(26.908, 10.754, 1.702)
1780796529.369 [SCAN_MATCH] success predict=(26.893,10.835,1.704) matched=(26.894,10.843,1.703) delta=(0.002,0.008,-0.001) ceres_iters=13 points=432
1780796529.372 [INSERT] inserted pose=(26.894, 10.843, 1.703) submaps=2 points=432
1780796529.372 [NODE] added node_id=141 local_pose=(26.894, 10.843, 1.703) submaps=2 newly_finished_submap=0
1780796529.654 [SCAN_MATCH] success predict=(26.872,10.961,1.702) matched=(26.877,10.961,1.702) delta=(0.006,-0.000,-0.000) ceres_iters=15 points=431
1780796529.654 [INSERT] skipped by motion filter pose=(26.877, 10.961, 1.702)
1780796529.922 [SCAN_MATCH] success predict=(26.858,11.060,1.705) matched=(26.866,11.056,1.701) delta=(0.008,-0.004,-0.003) ceres_iters=15 points=430
1780796529.925 [INSERT] inserted pose=(26.866, 11.056, 1.701) submaps=2 points=430
1780796529.925 [NODE] added node_id=142 local_pose=(26.866, 11.056, 1.701) submaps=2 newly_finished_submap=0
1780796530.164 [SCAN_MATCH] success predict=(26.844,11.173,1.703) matched=(26.852,11.165,1.701) delta=(0.008,-0.008,-0.002) ceres_iters=13 points=428
1780796530.164 [INSERT] skipped by motion filter pose=(26.852, 11.165, 1.701)
1780796530.427 [SCAN_MATCH] success predict=(26.840,11.224,1.705) matched=(26.842,11.237,1.704) delta=(0.001,0.012,-0.001) ceres_iters=15 points=422
1780796530.427 [INSERT] skipped by motion filter pose=(26.842, 11.237, 1.704)
1780796530.655 [SCAN_MATCH] success predict=(26.811,11.401,1.707) matched=(26.823,11.391,1.701) delta=(0.012,-0.010,-0.007) ceres_iters=13 points=417
1780796530.658 [INSERT] inserted pose=(26.823, 11.391, 1.701) submaps=2 points=417
1780796530.658 [NODE] added node_id=143 local_pose=(26.823, 11.391, 1.701) submaps=2 newly_finished_submap=0
1780796531.048 [SCAN_MATCH] success predict=(26.815,11.427,1.700) matched=(26.817,11.430,1.703) delta=(0.002,0.003,0.004) ceres_iters=22 points=414
1780796531.048 [INSERT] skipped by motion filter pose=(26.817, 11.430, 1.703)
1780796531.274 [SCAN_MATCH] success predict=(26.794,11.549,1.712) matched=(26.801,11.549,1.702) delta=(0.007,-0.000,-0.009) ceres_iters=13 points=409
1780796531.274 [INSERT] skipped by motion filter pose=(26.801, 11.549, 1.702)
1780796531.538 [SCAN_MATCH] success predict=(26.784,11.624,1.702) matched=(26.789,11.627,1.703) delta=(0.005,0.003,0.002) ceres_iters=15 points=401
1780796531.540 [INSERT] inserted pose=(26.789, 11.627, 1.703) submaps=2 points=401
1780796531.541 [NODE] added node_id=144 local_pose=(26.789, 11.627, 1.703) submaps=2 newly_finished_submap=0
1780796531.759 [SCAN_MATCH] success predict=(26.765,11.747,1.702) matched=(26.773,11.745,1.702) delta=(0.008,-0.002,-0.000) ceres_iters=13 points=396
1780796531.759 [INSERT] skipped by motion filter pose=(26.773, 11.745, 1.702)
1780796531.949 [SCAN_MATCH] success predict=(26.757,11.830,1.703) matched=(26.761,11.837,1.704) delta=(0.004,0.007,0.001) ceres_iters=12 points=381
1780796531.951 [INSERT] inserted pose=(26.761, 11.837, 1.704) submaps=2 points=381
1780796531.951 [NODE] added node_id=145 local_pose=(26.761, 11.837, 1.704) submaps=2 newly_finished_submap=0
1780796532.182 [SCAN_MATCH] success predict=(26.736,11.944,1.704) matched=(26.745,11.946,1.703) delta=(0.008,0.001,-0.001) ceres_iters=14 points=378
1780796532.182 [INSERT] skipped by motion filter pose=(26.745, 11.946, 1.703)
1780796532.413 [SCAN_MATCH] success predict=(26.728,12.025,1.697) matched=(26.735,12.026,1.703) delta=(0.007,0.001,0.005) ceres_iters=14 points=381
1780796532.414 [INSERT] skipped by motion filter pose=(26.735, 12.026, 1.703)
1780796532.707 [SCAN_MATCH] success predict=(26.708,12.158,1.695) matched=(26.718,12.156,1.702) delta=(0.010,-0.002,0.007) ceres_iters=18 points=369
1780796532.709 [INSERT] inserted pose=(26.718, 12.156, 1.702) submaps=2 points=369
1780796532.710 [NODE] added node_id=146 local_pose=(26.718, 12.156, 1.702) submaps=2 newly_finished_submap=0
1780796532.915 [SCAN_MATCH] success predict=(26.706,12.214,1.700) matched=(26.710,12.218,1.704) delta=(0.004,0.004,0.004) ceres_iters=13 points=372
1780796532.915 [INSERT] skipped by motion filter pose=(26.710, 12.218, 1.704)
1780796533.097 [SCAN_MATCH] success predict=(26.686,12.332,1.702) matched=(26.695,12.331,1.702) delta=(0.008,-0.001,-0.000) ceres_iters=12 points=369
1780796533.097 [INSERT] skipped by motion filter pose=(26.695, 12.331, 1.702)
1780796533.299 [SCAN_MATCH] success predict=(26.679,12.408,1.702) matched=(26.684,12.413,1.704) delta=(0.005,0.005,0.002) ceres_iters=13 points=366
1780796533.305 [INSERT] inserted pose=(26.684, 12.413, 1.704) submaps=2 points=366
1780796533.305 [NODE] added node_id=147 local_pose=(26.684, 12.413, 1.704) submaps=2 newly_finished_submap=0
1780796533.519 [SCAN_MATCH] success predict=(26.662,12.529,1.703) matched=(26.669,12.528,1.702) delta=(0.007,-0.001,-0.001) ceres_iters=13 points=364
1780796533.519 [INSERT] skipped by motion filter pose=(26.669, 12.528, 1.702)
1780796533.719 [SCAN_MATCH] success predict=(26.651,12.638,1.701) matched=(26.657,12.635,1.701) delta=(0.006,-0.003,0.000) ceres_iters=13 points=361
1780796533.722 [INSERT] inserted pose=(26.657, 12.635, 1.701) submaps=2 points=361
1780796533.722 [NODE] added node_id=148 local_pose=(26.657, 12.635, 1.701) submaps=2 newly_finished_submap=0
1780796533.960 [SCAN_MATCH] success predict=(26.638,12.724,1.701) matched=(26.644,12.724,1.702) delta=(0.005,-0.001,0.001) ceres_iters=15 points=358
1780796533.960 [INSERT] skipped by motion filter pose=(26.644, 12.724, 1.702)
1780796534.137 [SCAN_MATCH] success predict=(26.629,12.802,1.703) matched=(26.632,12.808,1.704) delta=(0.003,0.006,0.001) ceres_iters=12 points=355
1780796534.137 [INSERT] skipped by motion filter pose=(26.632, 12.808, 1.704)
1780796534.388 [SCAN_MATCH] success predict=(26.604,12.943,1.710) matched=(26.613,12.942,1.702) delta=(0.009,-0.001,-0.008) ceres_iters=17 points=341
1780796534.391 [INSERT] inserted pose=(26.613, 12.942, 1.702) submaps=2 points=341
1780796534.391 [NODE] added node_id=149 local_pose=(26.613, 12.942, 1.702) submaps=2 newly_finished_submap=0
1780796534.669 [SCAN_MATCH] success predict=(26.598,13.019,1.701) matched=(26.602,13.026,1.698) delta=(0.005,0.007,-0.003) ceres_iters=18 points=350
1780796534.669 [INSERT] skipped by motion filter pose=(26.602, 13.026, 1.698)
1780796534.900 [SCAN_MATCH] success predict=(26.584,13.127,1.681) matched=(26.591,13.124,1.681) delta=(0.007,-0.003,-0.000) ceres_iters=15 points=344
1780796534.900 [INSERT] skipped by motion filter pose=(26.591, 13.124, 1.681)
1780796535.082 [SCAN_MATCH] success predict=(26.578,13.207,1.664) matched=(26.581,13.217,1.665) delta=(0.003,0.011,0.001) ceres_iters=13 points=330
1780796535.084 [INSERT] inserted pose=(26.581, 13.217, 1.665) submaps=2 points=330
1780796535.084 [NODE] added node_id=150 local_pose=(26.581, 13.217, 1.665) submaps=2 newly_finished_submap=0
1780796535.287 [SCAN_MATCH] success predict=(26.563,13.343,1.641) matched=(26.570,13.341,1.640) delta=(0.007,-0.002,-0.002) ceres_iters=14 points=336
1780796535.287 [INSERT] skipped by motion filter pose=(26.570, 13.341, 1.640)
1780796535.568 [SCAN_MATCH] success predict=(26.560,13.420,1.613) matched=(26.566,13.418,1.611) delta=(0.006,-0.001,-0.002) ceres_iters=21 points=342
1780796535.570 [INSERT] inserted pose=(26.566, 13.418, 1.611) submaps=2 points=342
1780796535.570 [NODE] added node_id=151 local_pose=(26.566, 13.418, 1.611) submaps=2 newly_finished_submap=0
1780796535.794 [SCAN_MATCH] success predict=(26.556,13.533,1.559) matched=(26.563,13.527,1.573) delta=(0.007,-0.007,0.014) ceres_iters=15 points=338
1780796535.794 [INSERT] skipped by motion filter pose=(26.563, 13.527, 1.573)
1780796536.154 [SCAN_MATCH] success predict=(26.559,13.612,1.544) matched=(26.564,13.613,1.539) delta=(0.005,0.001,-0.005) ceres_iters=23 points=350
1780796536.154 [INSERT] skipped by motion filter pose=(26.564, 13.613, 1.539)
1780796536.368 [SCAN_MATCH] success predict=(26.563,13.725,1.499) matched=(26.569,13.721,1.501) delta=(0.006,-0.004,0.002) ceres_iters=14 points=354
1780796536.371 [INSERT] inserted pose=(26.569, 13.721, 1.501) submaps=2 points=354
1780796536.371 [NODE] added node_id=152 local_pose=(26.569, 13.721, 1.501) submaps=2 newly_finished_submap=0
1780796536.572 [SCAN_MATCH] success predict=(26.571,13.800,1.466) matched=(26.577,13.806,1.467) delta=(0.006,0.006,0.001) ceres_iters=13 points=368
1780796536.572 [INSERT] skipped by motion filter pose=(26.577, 13.806, 1.467)
1780796536.860 [SCAN_MATCH] success predict=(26.585,13.921,1.422) matched=(26.590,13.918,1.428) delta=(0.005,-0.003,0.006) ceres_iters=17 points=375
1780796536.861 [INSERT] skipped by motion filter pose=(26.590, 13.918, 1.428)
1780796537.052 [SCAN_MATCH] success predict=(26.600,14.024,1.390) matched=(26.606,14.019,1.392) delta=(0.005,-0.005,0.002) ceres_iters=12 points=388
1780796537.054 [INSERT] inserted pose=(26.606, 14.019, 1.392) submaps=2 points=388
1780796537.054 [NODE] added node_id=153 local_pose=(26.606, 14.019, 1.392) submaps=2 newly_finished_submap=0
1780796537.412 [SCAN_MATCH] success predict=(26.624,14.144,1.346) matched=(26.627,14.131,1.353) delta=(0.003,-0.013,0.007) ceres_iters=20 points=400
1780796537.412 [INSERT] skipped by motion filter pose=(26.627, 14.131, 1.353)
1780796537.781 [SCAN_MATCH] success predict=(26.638,14.185,1.335) matched=(26.648,14.203,1.317) delta=(0.009,0.018,-0.018) ceres_iters=22 points=406
1780796537.781 [INSERT] skipped by motion filter pose=(26.648, 14.203, 1.317)
1780796538.019 [SCAN_MATCH] success predict=(26.673,14.325,1.278) matched=(26.676,14.317,1.282) delta=(0.002,-0.008,0.004) ceres_iters=13 points=405
1780796538.022 [INSERT] inserted pose=(26.676, 14.317, 1.282) submaps=2 points=405
1780796538.022 [NODE] added node_id=154 local_pose=(26.676, 14.317, 1.282) submaps=2 newly_finished_submap=0
1780796538.453 [SCAN_MATCH] success predict=(26.701,14.409,1.245) matched=(26.708,14.413,1.241) delta=(0.007,0.005,-0.004) ceres_iters=22 points=423
1780796538.453 [INSERT] skipped by motion filter pose=(26.708, 14.413, 1.241)
1780796538.731 [SCAN_MATCH] success predict=(26.736,14.510,1.206) matched=(26.738,14.503,1.209) delta=(0.002,-0.007,0.003) ceres_iters=16 points=431
1780796538.731 [INSERT] skipped by motion filter pose=(26.738, 14.503, 1.209)
1780796539.124 [SCAN_MATCH] success predict=(26.770,14.601,1.168) matched=(26.778,14.603,1.168) delta=(0.008,0.002,-0.000) ceres_iters=20 points=437
1780796539.127 [INSERT] inserted pose=(26.778, 14.603, 1.168) submaps=2 points=437
1780796539.127 [NODE] added node_id=155 local_pose=(26.778, 14.603, 1.168) submaps=2 newly_finished_submap=0
1780796539.418 [SCAN_MATCH] success predict=(26.800,14.660,1.148) matched=(26.810,14.668,1.139) delta=(0.010,0.008,-0.008) ceres_iters=16 points=450
1780796539.418 [INSERT] skipped by motion filter pose=(26.810, 14.668, 1.139)
1780796539.771 [SCAN_MATCH] success predict=(26.861,14.797,1.090) matched=(26.866,14.792,1.093) delta=(0.005,-0.005,0.003) ceres_iters=20 points=444
1780796539.774 [INSERT] inserted pose=(26.866, 14.792, 1.093) submaps=2 points=444
1780796539.774 [NODE] added node_id=156 local_pose=(26.866, 14.792, 1.093) submaps=2 newly_finished_submap=0
1780796540.090 [SCAN_MATCH] success predict=(26.908,14.892,1.051) matched=(26.908,14.877,1.062) delta=(-0.001,-0.015,0.011) ceres_iters=17 points=451
1780796540.091 [INSERT] skipped by motion filter pose=(26.908, 14.877, 1.062)
1780796540.496 [SCAN_MATCH] success predict=(26.943,14.951,1.032) matched=(26.951,14.948,1.028) delta=(0.009,-0.003,-0.004) ceres_iters=19 points=459
1780796540.496 [INSERT] skipped by motion filter pose=(26.951, 14.948, 1.028)
1780796540.860 [SCAN_MATCH] success predict=(27.008,15.048,0.979) matched=(27.009,15.040,0.990) delta=(0.001,-0.008,0.011) ceres_iters=18 points=459
1780796540.863 [INSERT] inserted pose=(27.009, 15.040, 0.990) submaps=2 points=459
1780796540.863 [NODE] added node_id=157 local_pose=(27.009, 15.040, 0.990) submaps=2 newly_finished_submap=0
1780796541.254 [SCAN_MATCH] success predict=(27.049,15.113,0.953) matched=(27.059,15.112,0.955) delta=(0.009,-0.001,0.003) ceres_iters=18 points=474
1780796541.255 [INSERT] skipped by motion filter pose=(27.059, 15.112, 0.955)
1780796541.585 [SCAN_MATCH] success predict=(27.126,15.219,0.909) matched=(27.125,15.208,0.917) delta=(-0.001,-0.011,0.008) ceres_iters=17 points=472
1780796541.588 [INSERT] inserted pose=(27.125, 15.208, 0.917) submaps=2 points=472
1780796541.588 [NODE] added node_id=158 local_pose=(27.125, 15.208, 0.917) submaps=2 newly_finished_submap=0
1780796541.852 [SCAN_MATCH] success predict=(27.196,15.307,0.870) matched=(27.190,15.291,0.879) delta=(-0.006,-0.016,0.009) ceres_iters=13 points=477
1780796541.852 [INSERT] skipped by motion filter pose=(27.190, 15.291, 0.879)
1780796542.180 [SCAN_MATCH] success predict=(27.238,15.358,0.847) matched=(27.246,15.353,0.845) delta=(0.007,-0.004,-0.002) ceres_iters=16 points=484
1780796542.181 [INSERT] skipped by motion filter pose=(27.246, 15.353, 0.845)
1780796542.564 [SCAN_MATCH] success predict=(27.324,15.438,0.813) matched=(27.321,15.431,0.808) delta=(-0.003,-0.007,-0.004) ceres_iters=18 points=485
1780796542.567 [INSERT] inserted pose=(27.321, 15.431, 0.808) submaps=2 points=485
1780796542.567 [NODE] added node_id=159 local_pose=(27.321, 15.431, 0.808) submaps=2 newly_finished_submap=1
1780796542.918 [SCAN_MATCH] success predict=(27.376,15.495,0.779) matched=(27.383,15.494,0.773) delta=(0.007,-0.001,-0.006) ceres_iters=17 points=476
1780796542.918 [INSERT] skipped by motion filter pose=(27.383, 15.494, 0.773)
1780796543.218 [SCAN_MATCH] success predict=(27.438,15.550,0.751) matched=(27.451,15.555,0.754) delta=(0.013,0.005,0.002) ceres_iters=14 points=494
1780796543.218 [INSERT] skipped by motion filter pose=(27.451, 15.555, 0.754)
1780796543.629 [SCAN_MATCH] success predict=(27.538,15.644,0.738) matched=(27.536,15.638,0.734) delta=(-0.002,-0.006,-0.004) ceres_iters=19 points=484
1780796543.633 [INSERT] inserted pose=(27.536, 15.638, 0.734) submaps=2 points=484
1780796543.633 [NODE] added node_id=160 local_pose=(27.536, 15.638, 0.734) submaps=2 newly_finished_submap=0
1780796544.038 [SCAN_MATCH] success predict=(27.593,15.690,0.720) matched=(27.599,15.692,0.719) delta=(0.006,0.002,-0.001) ceres_iters=18 points=491
1780796544.038 [INSERT] skipped by motion filter pose=(27.599, 15.692, 0.719)
1780796544.446 [SCAN_MATCH] success predict=(27.690,15.771,0.699) matched=(27.684,15.766,0.700) delta=(-0.006,-0.005,0.001) ceres_iters=19 points=481
1780796544.446 [INSERT] skipped by motion filter pose=(27.684, 15.766, 0.700)
1780796544.787 [SCAN_MATCH] success predict=(27.743,15.824,0.685) matched=(27.751,15.824,0.684) delta=(0.008,0.000,-0.001) ceres_iters=15 points=496
1780796544.793 [INSERT] inserted pose=(27.751, 15.824, 0.684) submaps=2 points=496
1780796544.793 [NODE] added node_id=161 local_pose=(27.751, 15.824, 0.684) submaps=2 newly_finished_submap=0
1780796545.152 [SCAN_MATCH] success predict=(27.838,15.900,0.663) matched=(27.837,15.894,0.666) delta=(-0.001,-0.006,0.003) ceres_iters=16 points=496
1780796545.152 [INSERT] skipped by motion filter pose=(27.837, 15.894, 0.666)
1780796545.478 [SCAN_MATCH] success predict=(27.898,15.947,0.650) matched=(27.907,15.947,0.651) delta=(0.009,0.000,0.001) ceres_iters=15 points=494
1780796545.478 [INSERT] skipped by motion filter pose=(27.907, 15.947, 0.651)
1780796545.856 [SCAN_MATCH] success predict=(28.014,16.035,0.621) matched=(28.003,16.022,0.631) delta=(-0.011,-0.013,0.010) ceres_iters=18 points=478
1780796545.859 [INSERT] inserted pose=(28.003, 16.022, 0.631) submaps=2 points=478
1780796545.859 [NODE] added node_id=162 local_pose=(28.003, 16.022, 0.631) submaps=2 newly_finished_submap=0
1780796546.087 [SCAN_MATCH] success predict=(28.051,16.056,0.616) matched=(28.065,16.061,0.617) delta=(0.013,0.005,0.001) ceres_iters=12 points=460
1780796546.087 [INSERT] skipped by motion filter pose=(28.065, 16.061, 0.617)
1780796546.435 [SCAN_MATCH] success predict=(28.164,16.138,0.596) matched=(28.160,16.131,0.598) delta=(-0.003,-0.007,0.002) ceres_iters=17 points=472
1780796546.435 [INSERT] skipped by motion filter pose=(28.160, 16.131, 0.598)
1780796546.674 [SCAN_MATCH] success predict=(28.227,16.177,0.583) matched=(28.234,16.178,0.582) delta=(0.007,0.002,-0.001) ceres_iters=13 points=463
1780796546.677 [INSERT] inserted pose=(28.234, 16.178, 0.582) submaps=2 points=463
1780796546.677 [NODE] added node_id=163 local_pose=(28.234, 16.178, 0.582) submaps=2 newly_finished_submap=0
1780796547.055 [SCAN_MATCH] success predict=(28.331,16.244,0.559) matched=(28.328,16.239,0.564) delta=(-0.003,-0.005,0.005) ceres_iters=18 points=438
1780796547.055 [INSERT] skipped by motion filter pose=(28.328, 16.239, 0.564)
1780796547.376 [SCAN_MATCH] success predict=(28.415,16.294,0.551) matched=(28.412,16.291,0.547) delta=(-0.003,-0.004,-0.003) ceres_iters=17 points=437
1780796547.379 [INSERT] inserted pose=(28.412, 16.291, 0.547) submaps=2 points=437
1780796547.379 [NODE] added node_id=164 local_pose=(28.412, 16.291, 0.547) submaps=2 newly_finished_submap=0
1780796547.811 [SCAN_MATCH] success predict=(28.510,16.350,0.534) matched=(28.511,16.350,0.527) delta=(0.001,-0.001,-0.006) ceres_iters=22 points=423
1780796547.811 [INSERT] skipped by motion filter pose=(28.511, 16.350, 0.527)
1780796548.050 [SCAN_MATCH] success predict=(28.564,16.383,0.517) matched=(28.573,16.385,0.515) delta=(0.009,0.003,-0.003) ceres_iters=13 points=419
1780796548.050 [INSERT] skipped by motion filter pose=(28.573, 16.385, 0.515)
1780796548.374 [SCAN_MATCH] success predict=(28.678,16.446,0.490) matched=(28.672,16.441,0.496) delta=(-0.006,-0.005,0.006) ceres_iters=17 points=402
1780796548.377 [INSERT] inserted pose=(28.672, 16.441, 0.496) submaps=2 points=402
1780796548.377 [NODE] added node_id=165 local_pose=(28.672, 16.441, 0.496) submaps=2 newly_finished_submap=0
1780796548.674 [SCAN_MATCH] success predict=(28.741,16.481,0.478) matched=(28.749,16.482,0.481) delta=(0.008,0.001,0.003) ceres_iters=16 points=417
1780796548.674 [INSERT] skipped by motion filter pose=(28.749, 16.482, 0.481)
1780796548.970 [SCAN_MATCH] success predict=(28.852,16.540,0.457) matched=(28.848,16.533,0.463) delta=(-0.004,-0.006,0.005) ceres_iters=16 points=391
1780796548.970 [INSERT] skipped by motion filter pose=(28.848, 16.533, 0.463)
1780796549.197 [SCAN_MATCH] success predict=(28.920,16.570,0.452) matched=(28.928,16.572,0.447) delta=(0.007,0.002,-0.005) ceres_iters=13 points=390
1780796549.200 [INSERT] inserted pose=(28.928, 16.572, 0.447) submaps=2 points=390
1780796549.200 [NODE] added node_id=166 local_pose=(28.928, 16.572, 0.447) submaps=2 newly_finished_submap=0
1780796549.446 [SCAN_MATCH] success predict=(29.033,16.629,0.419) matched=(29.029,16.621,0.429) delta=(-0.004,-0.008,0.010) ceres_iters=15 points=375
1780796549.446 [INSERT] skipped by motion filter pose=(29.029, 16.621, 0.429)
1780796549.767 [SCAN_MATCH] success predict=(29.106,16.657,0.416) matched=(29.111,16.657,0.412) delta=(0.005,-0.001,-0.004) ceres_iters=18 points=383
1780796549.769 [INSERT] inserted pose=(29.111, 16.657, 0.412) submaps=2 points=383
1780796549.769 [NODE] added node_id=167 local_pose=(29.111, 16.657, 0.412) submaps=2 newly_finished_submap=0
1780796550.089 [SCAN_MATCH] success predict=(29.226,16.704,0.389) matched=(29.215,16.700,0.395) delta=(-0.011,-0.004,0.005) ceres_iters=20 points=371
1780796550.089 [INSERT] skipped by motion filter pose=(29.215, 16.700, 0.395)
1780796550.369 [SCAN_MATCH] success predict=(29.288,16.733,0.381) matched=(29.295,16.733,0.378) delta=(0.007,0.001,-0.003) ceres_iters=17 points=362
1780796550.369 [INSERT] skipped by motion filter pose=(29.295, 16.733, 0.378)
1780796550.586 [SCAN_MATCH] success predict=(29.406,16.775,0.356) matched=(29.399,16.772,0.361) delta=(-0.007,-0.002,0.005) ceres_iters=14 points=359
1780796550.588 [INSERT] inserted pose=(29.399, 16.772, 0.361) submaps=2 points=359
1780796550.588 [NODE] added node_id=168 local_pose=(29.399, 16.772, 0.361) submaps=2 newly_finished_submap=0
1780796550.913 [SCAN_MATCH] success predict=(29.473,16.803,0.347) matched=(29.481,16.804,0.344) delta=(0.008,0.001,-0.003) ceres_iters=20 points=360
1780796550.913 [INSERT] skipped by motion filter pose=(29.481, 16.804, 0.344)
1780796551.183 [SCAN_MATCH] success predict=(29.618,16.853,0.322) matched=(29.609,16.848,0.323) delta=(-0.009,-0.005,0.001) ceres_iters=17 points=368
1780796551.185 [INSERT] inserted pose=(29.609, 16.848, 0.323) submaps=2 points=368
1780796551.185 [NODE] added node_id=169 local_pose=(29.609, 16.848, 0.323) submaps=2 newly_finished_submap=0
1780796551.448 [SCAN_MATCH] success predict=(29.685,16.874,0.305) matched=(29.691,16.875,0.307) delta=(0.007,0.001,0.001) ceres_iters=16 points=368
1780796551.448 [INSERT] skipped by motion filter pose=(29.691, 16.875, 0.307)
1780796551.841 [SCAN_MATCH] success predict=(29.787,16.907,0.288) matched=(29.779,16.902,0.292) delta=(-0.007,-0.004,0.005) ceres_iters=24 points=374
1780796551.841 [INSERT] skipped by motion filter pose=(29.779, 16.902, 0.292)
1780796552.067 [SCAN_MATCH] success predict=(29.853,16.926,0.278) matched=(29.873,16.930,0.273) delta=(0.020,0.004,-0.005) ceres_iters=14 points=373
1780796552.069 [INSERT] inserted pose=(29.873, 16.930, 0.273) submaps=2 points=373
1780796552.069 [NODE] added node_id=170 local_pose=(29.873, 16.930, 0.273) submaps=2 newly_finished_submap=0
1780796552.291 [SCAN_MATCH] success predict=(29.990,16.964,0.250) matched=(29.977,16.959,0.258) delta=(-0.013,-0.005,0.008) ceres_iters=14 points=365
1780796552.291 [INSERT] skipped by motion filter pose=(29.977, 16.959, 0.258)
1780796552.584 [SCAN_MATCH] success predict=(30.051,16.977,0.244) matched=(30.057,16.978,0.242) delta=(0.007,0.002,-0.002) ceres_iters=19 points=376
1780796552.584 [INSERT] skipped by motion filter pose=(30.057, 16.978, 0.242)
1780796552.892 [SCAN_MATCH] success predict=(30.171,17.005,0.222) matched=(30.164,17.004,0.224) delta=(-0.007,-0.001,0.003) ceres_iters=18 points=386
1780796552.894 [INSERT] inserted pose=(30.164, 17.004, 0.224) submaps=2 points=386
1780796552.894 [NODE] added node_id=171 local_pose=(30.164, 17.004, 0.224) submaps=2 newly_finished_submap=0
1780796553.154 [SCAN_MATCH] success predict=(30.241,17.020,0.216) matched=(30.250,17.022,0.208) delta=(0.009,0.002,-0.008) ceres_iters=16 points=382
1780796553.154 [INSERT] skipped by motion filter pose=(30.250, 17.022, 0.208)
1780796553.377 [SCAN_MATCH] success predict=(30.390,17.049,0.186) matched=(30.369,17.047,0.190) delta=(-0.021,-0.002,0.004) ceres_iters=13 points=396
1780796553.380 [INSERT] inserted pose=(30.369, 17.047, 0.190) submaps=2 points=396
1780796553.380 [NODE] added node_id=172 local_pose=(30.369, 17.047, 0.190) submaps=2 newly_finished_submap=0
1780796553.596 [SCAN_MATCH] success predict=(30.447,17.061,0.174) matched=(30.462,17.064,0.171) delta=(0.015,0.003,-0.003) ceres_iters=13 points=394
1780796553.596 [INSERT] skipped by motion filter pose=(30.462, 17.064, 0.171)
1780796553.841 [SCAN_MATCH] success predict=(30.579,17.086,0.151) matched=(30.563,17.082,0.156) delta=(-0.016,-0.004,0.005) ceres_iters=14 points=402
1780796553.841 [INSERT] skipped by motion filter pose=(30.563, 17.082, 0.156)
1780796554.083 [SCAN_MATCH] success predict=(30.622,17.091,0.146) matched=(30.639,17.093,0.140) delta=(0.017,0.001,-0.006) ceres_iters=14 points=397
1780796554.085 [INSERT] inserted pose=(30.639, 17.093, 0.140) submaps=2 points=397
1780796554.086 [NODE] added node_id=173 local_pose=(30.639, 17.093, 0.140) submaps=2 newly_finished_submap=0
1780796554.354 [SCAN_MATCH] success predict=(30.781,17.112,0.118) matched=(30.775,17.111,0.119) delta=(-0.006,-0.001,0.001) ceres_iters=15 points=405
1780796554.354 [INSERT] skipped by motion filter pose=(30.775, 17.111, 0.119)
1780796554.718 [SCAN_MATCH] success predict=(30.834,17.119,0.111) matched=(30.843,17.119,0.106) delta=(0.008,-0.000,-0.005) ceres_iters=20 points=402
1780796554.720 [INSERT] inserted pose=(30.843, 17.119, 0.106) submaps=2 points=402
1780796554.720 [NODE] added node_id=174 local_pose=(30.843, 17.119, 0.106) submaps=2 newly_finished_submap=0
1780796555.033 [SCAN_MATCH] success predict=(30.964,17.132,0.088) matched=(30.955,17.130,0.088) delta=(-0.009,-0.002,-0.000) ceres_iters=17 points=403
1780796555.033 [INSERT] skipped by motion filter pose=(30.955, 17.130, 0.088)
1780796555.492 [SCAN_MATCH] success predict=(31.049,17.140,0.072) matched=(31.049,17.138,0.071) delta=(-0.000,-0.002,-0.000) ceres_iters=26 points=411
1780796555.494 [INSERT] inserted pose=(31.049, 17.138, 0.071) submaps=2 points=411
1780796555.494 [NODE] added node_id=175 local_pose=(31.049, 17.138, 0.071) submaps=2 newly_finished_submap=0
1780796555.736 [SCAN_MATCH] success predict=(31.153,17.146,0.058) matched=(31.162,17.145,0.051) delta=(0.009,-0.002,-0.007) ceres_iters=14 points=399
1780796555.736 [INSERT] skipped by motion filter pose=(31.162, 17.145, 0.051)
1780796556.094 [SCAN_MATCH] success predict=(31.241,17.150,0.037) matched=(31.245,17.149,0.038) delta=(0.004,-0.001,0.001) ceres_iters=20 points=397
1780796556.094 [INSERT] skipped by motion filter pose=(31.245, 17.149, 0.038)
1780796556.318 [SCAN_MATCH] success predict=(31.368,17.155,0.017) matched=(31.357,17.153,0.020) delta=(-0.011,-0.001,0.003) ceres_iters=13 points=406
1780796556.320 [INSERT] inserted pose=(31.357, 17.153, 0.020) submaps=2 points=406
1780796556.320 [NODE] added node_id=176 local_pose=(31.357, 17.153, 0.020) submaps=2 newly_finished_submap=0
1780796556.658 [SCAN_MATCH] success predict=(31.437,17.155,0.009) matched=(31.444,17.153,0.004) delta=(0.006,-0.002,-0.005) ceres_iters=18 points=408
1780796556.658 [INSERT] skipped by motion filter pose=(31.444, 17.153, 0.004)
1780796557.014 [SCAN_MATCH] success predict=(31.561,17.155,-0.015) matched=(31.553,17.154,-0.010) delta=(-0.008,-0.002,0.005) ceres_iters=20 points=409
1780796557.014 [INSERT] skipped by motion filter pose=(31.553, 17.154, -0.010)
1780796557.266 [SCAN_MATCH] success predict=(31.632,17.154,-0.011) matched=(31.641,17.152,-0.010) delta=(0.009,-0.002,0.001) ceres_iters=14 points=413
1780796557.269 [INSERT] inserted pose=(31.641, 17.152, -0.010) submaps=2 points=413
1780796557.269 [NODE] added node_id=177 local_pose=(31.641, 17.152, -0.010) submaps=2 newly_finished_submap=0
1780796557.622 [SCAN_MATCH] success predict=(31.760,17.153,-0.006) matched=(31.753,17.151,-0.010) delta=(-0.007,-0.001,-0.004) ceres_iters=19 points=415
1780796557.623 [INSERT] skipped by motion filter pose=(31.753, 17.151, -0.010)
1780796557.876 [SCAN_MATCH] success predict=(31.829,17.152,-0.009) matched=(31.840,17.150,-0.010) delta=(0.011,-0.002,-0.001) ceres_iters=14 points=413
1780796557.876 [INSERT] skipped by motion filter pose=(31.840, 17.150, -0.010)
1780796558.204 [SCAN_MATCH] success predict=(31.961,17.151,-0.007) matched=(31.954,17.149,-0.010) delta=(-0.008,-0.002,-0.004) ceres_iters=18 points=414
1780796558.207 [INSERT] inserted pose=(31.954, 17.149, -0.010) submaps=2 points=414
1780796558.207 [NODE] added node_id=178 local_pose=(31.954, 17.149, -0.010) submaps=2 newly_finished_submap=0
1780796558.505 [SCAN_MATCH] success predict=(32.039,17.150,-0.009) matched=(32.044,17.148,-0.010) delta=(0.005,-0.002,-0.001) ceres_iters=16 points=415
1780796558.505 [INSERT] skipped by motion filter pose=(32.044, 17.148, -0.010)
1780796558.711 [SCAN_MATCH] success predict=(32.183,17.151,-0.008) matched=(32.161,17.148,-0.011) delta=(-0.022,-0.002,-0.002) ceres_iters=12 points=415
1780796558.714 [INSERT] inserted pose=(32.161, 17.148, -0.011) submaps=2 points=415
1780796558.714 [NODE] added node_id=179 local_pose=(32.161, 17.148, -0.011) submaps=2 newly_finished_submap=1
1780796559.159 [SCAN_MATCH] success predict=(32.243,17.149,-0.015) matched=(32.245,17.146,-0.010) delta=(0.003,-0.003,0.005) ceres_iters=23 points=416
1780796559.159 [INSERT] skipped by motion filter pose=(32.245, 17.146, -0.010)
1780796559.497 [SCAN_MATCH] success predict=(32.366,17.148,-0.007) matched=(32.367,17.145,-0.010) delta=(0.001,-0.002,-0.003) ceres_iters=19 points=416
1780796559.500 [INSERT] inserted pose=(32.367, 17.145, -0.010) submaps=2 points=416
1780796559.500 [NODE] added node_id=180 local_pose=(32.367, 17.145, -0.010) submaps=2 newly_finished_submap=0
1780796559.729 [SCAN_MATCH] success predict=(32.446,17.147,-0.007) matched=(32.452,17.156,-0.009) delta=(0.006,0.009,-0.003) ceres_iters=13 points=416
1780796559.729 [INSERT] skipped by motion filter pose=(32.452, 17.156, -0.009)
1780796560.016 [SCAN_MATCH] success predict=(32.546,17.158,-0.004) matched=(32.542,17.161,-0.010) delta=(-0.004,0.003,-0.007) ceres_iters=16 points=419
1780796560.016 [INSERT] skipped by motion filter pose=(32.542, 17.161, -0.010)
1780796560.226 [SCAN_MATCH] success predict=(32.643,17.163,-0.013) matched=(32.657,17.162,-0.010) delta=(0.013,-0.001,0.003) ceres_iters=12 points=423
1780796560.229 [INSERT] inserted pose=(32.657, 17.162, -0.010) submaps=2 points=423
1780796560.229 [NODE] added node_id=181 local_pose=(32.657, 17.162, -0.010) submaps=2 newly_finished_submap=0
1780796560.547 [SCAN_MATCH] success predict=(32.796,17.165,-0.012) matched=(32.792,17.163,-0.011) delta=(-0.004,-0.002,0.001) ceres_iters=18 points=417
1780796560.547 [INSERT] skipped by motion filter pose=(32.792, 17.163, -0.011)
1780796560.970 [SCAN_MATCH] success predict=(32.914,17.166,-0.005) matched=(32.947,17.161,-0.009) delta=(0.033,-0.005,-0.004) ceres_iters=21 points=423
1780796560.975 [INSERT] inserted pose=(32.947, 17.161, -0.009) submaps=2 points=423
1780796560.975 [NODE] added node_id=182 local_pose=(32.947, 17.161, -0.009) submaps=2 newly_finished_submap=0
1780796561.442 [SCAN_MATCH] success predict=(33.154,17.166,-0.011) matched=(33.119,17.159,-0.013) delta=(-0.035,-0.007,-0.002) ceres_iters=20 points=419
1780796561.442 [INSERT] skipped by motion filter pose=(33.119, 17.159, -0.013)
1780796561.638 [SCAN_MATCH] success predict=(33.210,17.161,-0.011) matched=(33.226,17.158,-0.009) delta=(0.016,-0.004,0.002) ceres_iters=11 points=430
1780796561.641 [INSERT] inserted pose=(33.226, 17.158, -0.009) submaps=2 points=430
1780796561.641 [NODE] added node_id=183 local_pose=(33.226, 17.158, -0.009) submaps=2 newly_finished_submap=0
1780796561.882 [SCAN_MATCH] success predict=(33.433,17.162,-0.017) matched=(33.409,17.157,-0.012) delta=(-0.024,-0.006,0.004) ceres_iters=13 points=419
1780796561.883 [INSERT] skipped by motion filter pose=(33.409, 17.157, -0.012)
1780796562.700 [SCAN_MATCH] success predict=(33.501,17.158,-0.014) matched=(33.542,17.154,-0.008) delta=(0.041,-0.004,0.006) ceres_iters=35 points=420
1780796562.703 [INSERT] inserted pose=(33.542, 17.154, -0.008) submaps=2 points=420
1780796562.703 [NODE] added node_id=184 local_pose=(33.542, 17.154, -0.008) submaps=2 newly_finished_submap=0
1780796563.395 [SCAN_MATCH] success predict=(33.749,17.158,-0.010) matched=(33.716,17.153,-0.013) delta=(-0.032,-0.005,-0.004) ceres_iters=30 points=417
1780796563.395 [INSERT] skipped by motion filter pose=(33.716, 17.153, -0.013)
1780796563.870 [SCAN_MATCH] success predict=(33.839,17.154,-0.013) matched=(33.837,17.152,-0.010) delta=(-0.002,-0.002,0.003) ceres_iters=27 points=426
1780796563.872 [INSERT] inserted pose=(33.837, 17.152, -0.010) submaps=2 points=426
1780796563.872 [NODE] added node_id=185 local_pose=(33.837, 17.152, -0.010) submaps=2 newly_finished_submap=0
1780796564.166 [SCAN_MATCH] success predict=(33.987,17.155,-0.008) matched=(33.987,17.151,-0.010) delta=(-0.001,-0.003,-0.001) ceres_iters=17 points=419
1780796564.166 [INSERT] skipped by motion filter pose=(33.987, 17.151, -0.010)
1780796564.668 [SCAN_MATCH] success predict=(34.136,17.154,-0.003) matched=(34.135,17.150,-0.010) delta=(-0.001,-0.004,-0.006) ceres_iters=25 points=425
1780796564.671 [INSERT] inserted pose=(34.135, 17.150, -0.010) submaps=2 points=425
1780796564.671 [NODE] added node_id=186 local_pose=(34.135, 17.150, -0.010) submaps=2 newly_finished_submap=0
1780796565.036 [SCAN_MATCH] success predict=(34.286,17.153,-0.007) matched=(34.286,17.149,-0.010) delta=(-0.000,-0.004,-0.002) ceres_iters=19 points=413
1780796565.036 [INSERT] skipped by motion filter pose=(34.286, 17.149, -0.010)
1780796565.320 [SCAN_MATCH] success predict=(34.405,17.152,-0.007) matched=(34.420,17.147,-0.008) delta=(0.015,-0.005,-0.001) ceres_iters=16 points=417
1780796565.323 [INSERT] inserted pose=(34.420, 17.147, -0.008) submaps=2 points=417
1780796565.323 [NODE] added node_id=187 local_pose=(34.420, 17.147, -0.008) submaps=2 newly_finished_submap=0
1780796565.590 [SCAN_MATCH] success predict=(34.631,17.153,-0.003) matched=(34.606,17.147,-0.011) delta=(-0.024,-0.006,-0.008) ceres_iters=15 points=405
1780796565.590 [INSERT] skipped by motion filter pose=(34.606, 17.147, -0.011)
1780796565.814 [SCAN_MATCH] success predict=(34.696,17.149,-0.011) matched=(34.714,17.143,-0.007) delta=(0.018,-0.007,0.004) ceres_iters=13 points=406
1780796565.816 [INSERT] inserted pose=(34.714, 17.143, -0.007) submaps=2 points=406
1780796565.816 [NODE] added node_id=188 local_pose=(34.714, 17.143, -0.007) submaps=2 newly_finished_submap=0
1780796566.219 [SCAN_MATCH] success predict=(34.889,17.148,-0.012) matched=(34.886,17.143,-0.010) delta=(-0.003,-0.005,0.002) ceres_iters=22 points=397
1780796566.219 [INSERT] skipped by motion filter pose=(34.886, 17.143, -0.010)
1780796566.470 [SCAN_MATCH] success predict=(35.003,17.147,-0.008) matched=(35.015,17.140,-0.007) delta=(0.012,-0.007,0.001) ceres_iters=15 points=401
1780796566.472 [INSERT] inserted pose=(35.015, 17.140, -0.007) submaps=2 points=401
1780796566.472 [NODE] added node_id=189 local_pose=(35.015, 17.140, -0.007) submaps=2 newly_finished_submap=0
1780796566.807 [SCAN_MATCH] success predict=(35.229,17.146,-0.014) matched=(35.221,17.141,-0.010) delta=(-0.007,-0.005,0.004) ceres_iters=20 points=385
1780796566.810 [INSERT] inserted pose=(35.221, 17.141, -0.010) submaps=2 points=385
1780796566.810 [NODE] added node_id=190 local_pose=(35.221, 17.141, -0.010) submaps=2 newly_finished_submap=0
1780796567.237 [SCAN_MATCH] success predict=(35.341,17.144,-0.005) matched=(35.338,17.139,-0.010) delta=(-0.003,-0.005,-0.004) ceres_iters=24 points=391
1780796567.237 [INSERT] skipped by motion filter pose=(35.338, 17.139, -0.010)
1780796567.423 [SCAN_MATCH] success predict=(35.523,17.144,-0.016) matched=(35.503,17.139,-0.011) delta=(-0.021,-0.005,0.005) ceres_iters=12 points=375
1780796567.425 [INSERT] inserted pose=(35.503, 17.139, -0.011) submaps=2 points=375
1780796567.425 [NODE] added node_id=191 local_pose=(35.503, 17.139, -0.011) submaps=2 newly_finished_submap=0
1780796567.660 [SCAN_MATCH] success predict=(35.595,17.141,-0.008) matched=(35.597,17.136,-0.008) delta=(0.002,-0.005,0.000) ceres_iters=15 points=372
1780796567.660 [INSERT] skipped by motion filter pose=(35.597, 17.136, -0.008)
1780796568.034 [SCAN_MATCH] success predict=(35.777,17.142,0.020) matched=(35.780,17.136,0.016) delta=(0.003,-0.006,-0.004) ceres_iters=22 points=370
1780796568.036 [INSERT] inserted pose=(35.780, 17.136, 0.016) submaps=2 points=370
1780796568.036 [NODE] added node_id=192 local_pose=(35.780, 17.136, 0.016) submaps=2 newly_finished_submap=0
1780796568.225 [SCAN_MATCH] success predict=(35.930,17.146,0.050) matched=(35.948,17.139,0.049) delta=(0.018,-0.006,-0.001) ceres_iters=12 points=379
1780796568.225 [INSERT] skipped by motion filter pose=(35.948, 17.139, 0.049)
1780796568.514 [SCAN_MATCH] success predict=(36.128,17.157,0.073) matched=(36.104,17.150,0.055) delta=(-0.024,-0.008,-0.018) ceres_iters=18 points=366
1780796568.516 [INSERT] inserted pose=(36.104, 17.150, 0.055) submaps=2 points=366
1780796568.517 [NODE] added node_id=193 local_pose=(36.104, 17.150, 0.055) submaps=2 newly_finished_submap=0
1780796568.716 [SCAN_MATCH] success predict=(36.252,17.166,0.059) matched=(36.243,17.158,0.056) delta=(-0.009,-0.007,-0.003) ceres_iters=12 points=375
1780796568.716 [INSERT] skipped by motion filter pose=(36.243, 17.158, 0.056)
1780796568.960 [SCAN_MATCH] success predict=(36.368,17.172,0.057) matched=(36.376,17.165,0.058) delta=(0.008,-0.007,0.000) ceres_iters=15 points=365
1780796568.963 [INSERT] inserted pose=(36.376, 17.165, 0.058) submaps=2 points=365
1780796568.963 [NODE] added node_id=194 local_pose=(36.376, 17.165, 0.058) submaps=2 newly_finished_submap=0
1780796569.267 [SCAN_MATCH] success predict=(36.525,17.182,0.056) matched=(36.530,17.174,0.057) delta=(0.005,-0.008,0.000) ceres_iters=19 points=375
1780796569.267 [INSERT] skipped by motion filter pose=(36.530, 17.174, 0.057)
1780796569.447 [SCAN_MATCH] success predict=(36.710,17.196,0.059) matched=(36.696,17.185,0.055) delta=(-0.015,-0.011,-0.003) ceres_iters=12 points=363
1780796569.450 [INSERT] inserted pose=(36.696, 17.185, 0.055) submaps=2 points=363
1780796569.450 [NODE] added node_id=195 local_pose=(36.696, 17.185, 0.055) submaps=2 newly_finished_submap=0
1780796569.678 [SCAN_MATCH] success predict=(36.811,17.199,0.053) matched=(36.824,17.191,0.057) delta=(0.013,-0.008,0.005) ceres_iters=14 points=374
1780796569.678 [INSERT] skipped by motion filter pose=(36.824, 17.191, 0.057)
1780796569.964 [SCAN_MATCH] success predict=(36.965,17.207,0.062) matched=(36.975,17.200,0.058) delta=(0.011,-0.008,-0.005) ceres_iters=18 points=359
1780796569.966 [INSERT] inserted pose=(36.975, 17.200, 0.058) submaps=2 points=359
1780796569.966 [NODE] added node_id=196 local_pose=(36.975, 17.200, 0.058) submaps=2 newly_finished_submap=0
1780796570.188 [SCAN_MATCH] success predict=(37.149,17.220,0.057) matched=(37.142,17.210,0.056) delta=(-0.008,-0.010,-0.001) ceres_iters=14 points=365
1780796570.188 [INSERT] skipped by motion filter pose=(37.142, 17.210, 0.056)
1780796570.429 [SCAN_MATCH] success predict=(37.262,17.225,0.051) matched=(37.273,17.217,0.057) delta=(0.011,-0.008,0.007) ceres_iters=16 points=354
1780796570.431 [INSERT] inserted pose=(37.273, 17.217, 0.057) submaps=2 points=354
1780796570.431 [NODE] added node_id=197 local_pose=(37.273, 17.217, 0.057) submaps=2 newly_finished_submap=0
1780796570.700 [SCAN_MATCH] success predict=(37.395,17.232,0.061) matched=(37.417,17.225,0.058) delta=(0.022,-0.007,-0.003) ceres_iters=17 points=367
1780796570.700 [INSERT] skipped by motion filter pose=(37.417, 17.225, 0.058)
1780796570.895 [SCAN_MATCH] success predict=(37.598,17.245,0.057) matched=(37.590,17.235,0.056) delta=(-0.009,-0.010,-0.001) ceres_iters=13 points=352
1780796570.898 [INSERT] inserted pose=(37.590, 17.235, 0.056) submaps=2 points=352
1780796570.898 [NODE] added node_id=198 local_pose=(37.590, 17.235, 0.056) submaps=2 newly_finished_submap=0
1780796571.085 [SCAN_MATCH] success predict=(37.709,17.249,0.062) matched=(37.722,17.242,0.057) delta=(0.013,-0.007,-0.004) ceres_iters=13 points=362
1780796571.085 [INSERT] skipped by motion filter pose=(37.722, 17.242, 0.057)
1780796571.303 [SCAN_MATCH] success predict=(37.897,17.267,0.063) matched=(37.888,17.254,0.056) delta=(-0.009,-0.013,-0.007) ceres_iters=15 points=350
1780796571.308 [INSERT] inserted pose=(37.888, 17.254, 0.056) submaps=2 points=350
1780796571.308 [NODE] added node_id=199 local_pose=(37.888, 17.254, 0.056) submaps=2 newly_finished_submap=1
1780796571.661 [SCAN_MATCH] success predict=(38.010,17.270,0.066) matched=(38.039,17.262,0.059) delta=(0.029,-0.008,-0.007) ceres_iters=21 points=357
1780796571.661 [INSERT] skipped by motion filter pose=(38.039, 17.262, 0.059)
1780796571.876 [SCAN_MATCH] success predict=(38.218,17.285,0.057) matched=(38.214,17.272,0.056) delta=(-0.004,-0.013,-0.000) ceres_iters=14 points=356
1780796571.878 [INSERT] inserted pose=(38.214, 17.272, 0.056) submaps=2 points=356
1780796571.878 [NODE] added node_id=200 local_pose=(38.214, 17.272, 0.056) submaps=2 newly_finished_submap=0
1780796572.058 [SCAN_MATCH] success predict=(38.361,17.293,0.059) matched=(38.344,17.284,0.055) delta=(-0.017,-0.009,-0.004) ceres_iters=12 points=364
1780796572.058 [INSERT] skipped by motion filter pose=(38.344, 17.284, 0.055)
1780796572.213 [SCAN_MATCH] success predict=(38.499,17.303,0.053) matched=(38.487,17.292,0.055) delta=(-0.012,-0.010,0.002) ceres_iters=11 points=352
1780796572.215 [INSERT] inserted pose=(38.487, 17.292, 0.055) submaps=2 points=352
1780796572.215 [NODE] added node_id=201 local_pose=(38.487, 17.292, 0.055) submaps=2 newly_finished_submap=0
1780796572.417 [SCAN_MATCH] success predict=(38.600,17.307,0.053) matched=(38.609,17.300,0.057) delta=(0.010,-0.008,0.004) ceres_iters=13 points=367
1780796572.417 [INSERT] skipped by motion filter pose=(38.609, 17.300, 0.057)
1780796572.606 [SCAN_MATCH] success predict=(38.786,17.325,0.055) matched=(38.781,17.311,0.055) delta=(-0.005,-0.014,0.000) ceres_iters=12 points=353
1780796572.608 [INSERT] inserted pose=(38.781, 17.311, 0.055) submaps=2 points=353
1780796572.609 [NODE] added node_id=202 local_pose=(38.781, 17.311, 0.055) submaps=2 newly_finished_submap=0
1780796572.809 [SCAN_MATCH] success predict=(38.899,17.328,0.058) matched=(38.910,17.318,0.057) delta=(0.010,-0.010,-0.002) ceres_iters=13 points=362
1780796572.809 [INSERT] skipped by motion filter pose=(38.910, 17.318, 0.057)
1780796573.118 [SCAN_MATCH] success predict=(39.087,17.342,0.061) matched=(39.080,17.328,0.055) delta=(-0.008,-0.014,-0.006) ceres_iters=19 points=351
1780796573.120 [INSERT] inserted pose=(39.080, 17.328, 0.055) submaps=2 points=351
1780796573.120 [NODE] added node_id=203 local_pose=(39.080, 17.328, 0.055) submaps=2 newly_finished_submap=0
1780796573.320 [SCAN_MATCH] success predict=(39.195,17.346,0.057) matched=(39.208,17.335,0.057) delta=(0.013,-0.011,-0.000) ceres_iters=13 points=363
1780796573.320 [INSERT] skipped by motion filter pose=(39.208, 17.335, 0.057)
1780796573.651 [SCAN_MATCH] success predict=(39.378,17.360,0.062) matched=(39.373,17.346,0.056) delta=(-0.005,-0.014,-0.006) ceres_iters=20 points=353
1780796573.653 [INSERT] inserted pose=(39.373, 17.346, 0.056) submaps=2 points=353
1780796573.653 [NODE] added node_id=204 local_pose=(39.373, 17.346, 0.056) submaps=2 newly_finished_submap=0
1780796573.854 [SCAN_MATCH] success predict=(39.492,17.363,0.065) matched=(39.506,17.352,0.057) delta=(0.014,-0.011,-0.008) ceres_iters=13 points=366
1780796573.854 [INSERT] skipped by motion filter pose=(39.506, 17.352, 0.057)
1780796574.028 [SCAN_MATCH] success predict=(39.687,17.380,0.059) matched=(39.675,17.363,0.055) delta=(-0.011,-0.017,-0.004) ceres_iters=12 points=352
1780796574.030 [INSERT] inserted pose=(39.675, 17.363, 0.055) submaps=2 points=352
1780796574.030 [NODE] added node_id=205 local_pose=(39.675, 17.363, 0.055) submaps=2 newly_finished_submap=0
1780796574.248 [SCAN_MATCH] success predict=(39.799,17.382,0.057) matched=(39.808,17.370,0.056) delta=(0.010,-0.013,-0.000) ceres_iters=14 points=361
1780796574.249 [INSERT] skipped by motion filter pose=(39.808, 17.370, 0.056)
1780796574.420 [SCAN_MATCH] success predict=(39.976,17.398,0.057) matched=(39.970,17.380,0.056) delta=(-0.006,-0.018,-0.002) ceres_iters=12 points=345
1780796574.422 [INSERT] inserted pose=(39.970, 17.380, 0.056) submaps=2 points=345
1780796574.422 [NODE] added node_id=206 local_pose=(39.970, 17.380, 0.056) submaps=2 newly_finished_submap=0
1780796574.620 [SCAN_MATCH] success predict=(40.087,17.401,0.058) matched=(40.102,17.387,0.057) delta=(0.015,-0.015,-0.001) ceres_iters=13 points=362
1780796574.621 [INSERT] skipped by motion filter pose=(40.102, 17.387, 0.057)
1780796574.833 [SCAN_MATCH] success predict=(40.283,17.417,0.057) matched=(40.289,17.399,0.056) delta=(0.006,-0.018,-0.000) ceres_iters=14 points=350
1780796574.835 [INSERT] inserted pose=(40.289, 17.399, 0.056) submaps=2 points=350
1780796574.835 [NODE] added node_id=207 local_pose=(40.289, 17.399, 0.056) submaps=2 newly_finished_submap=0
1780796575.073 [SCAN_MATCH] success predict=(40.409,17.418,0.055) matched=(40.411,17.404,0.056) delta=(0.002,-0.014,0.001) ceres_iters=15 points=360
1780796575.073 [INSERT] skipped by motion filter pose=(40.411, 17.404, 0.056)
1780796575.245 [SCAN_MATCH] success predict=(40.589,17.434,0.055) matched=(40.575,17.415,0.055) delta=(-0.014,-0.020,0.000) ceres_iters=12 points=347
1780796575.248 [INSERT] inserted pose=(40.575, 17.415, 0.055) submaps=2 points=347
1780796575.248 [NODE] added node_id=208 local_pose=(40.575, 17.415, 0.055) submaps=2 newly_finished_submap=0
1780796575.462 [SCAN_MATCH] success predict=(40.724,17.441,0.053) matched=(40.733,17.424,0.056) delta=(0.010,-0.017,0.004) ceres_iters=14 points=356
1780796575.462 [INSERT] skipped by motion filter pose=(40.733, 17.424, 0.056)
1780796575.671 [SCAN_MATCH] success predict=(40.906,17.452,0.059) matched=(40.882,17.432,0.055) delta=(-0.024,-0.020,-0.004) ceres_iters=14 points=346
1780796575.674 [INSERT] inserted pose=(40.882, 17.432, 0.055) submaps=2 points=346
1780796575.674 [NODE] added node_id=209 local_pose=(40.882, 17.432, 0.055) submaps=2 newly_finished_submap=0
1780796575.852 [SCAN_MATCH] success predict=(40.970,17.446,0.054) matched=(40.996,17.435,0.057) delta=(0.026,-0.011,0.003) ceres_iters=12 points=360
1780796575.852 [INSERT] skipped by motion filter pose=(40.996, 17.435, 0.057)
1780796576.082 [SCAN_MATCH] success predict=(41.177,17.464,0.062) matched=(41.172,17.447,0.055) delta=(-0.005,-0.016,-0.007) ceres_iters=15 points=347
1780796576.084 [INSERT] inserted pose=(41.172, 17.447, 0.055) submaps=2 points=347
1780796576.084 [NODE] added node_id=210 local_pose=(41.172, 17.447, 0.055) submaps=2 newly_finished_submap=0
1780796576.295 [SCAN_MATCH] success predict=(41.290,17.467,0.057) matched=(41.302,17.454,0.056) delta=(0.013,-0.013,-0.000) ceres_iters=13 points=358
1780796576.295 [INSERT] skipped by motion filter pose=(41.302, 17.454, 0.056)
1780796576.468 [SCAN_MATCH] success predict=(41.485,17.484,0.054) matched=(41.474,17.465,0.055) delta=(-0.011,-0.019,0.001) ceres_iters=12 points=343
1780796576.470 [INSERT] inserted pose=(41.474, 17.465, 0.055) submaps=2 points=343
1780796576.470 [NODE] added node_id=211 local_pose=(41.474, 17.465, 0.055) submaps=2 newly_finished_submap=0
1780796576.698 [SCAN_MATCH] success predict=(41.589,17.484,0.051) matched=(41.601,17.471,0.041) delta=(0.013,-0.013,-0.010) ceres_iters=15 points=342
1780796576.698 [INSERT] skipped by motion filter pose=(41.601, 17.471, 0.041)
1780796576.846 [SCAN_MATCH] success predict=(41.776,17.500,0.016) matched=(41.768,17.478,0.014) delta=(-0.008,-0.022,-0.001) ceres_iters=11 points=337
1780796576.849 [INSERT] inserted pose=(41.768, 17.478, 0.014) submaps=2 points=337
1780796576.849 [NODE] added node_id=212 local_pose=(41.768, 17.478, 0.014) submaps=2 newly_finished_submap=0
1780796577.090 [SCAN_MATCH] success predict=(41.888,17.493,0.002) matched=(41.900,17.478,0.011) delta=(0.013,-0.015,0.009) ceres_iters=16 points=337
1780796577.091 [INSERT] skipped by motion filter pose=(41.900, 17.478, 0.011)
1780796577.272 [SCAN_MATCH] success predict=(42.081,17.499,0.014) matched=(42.070,17.481,0.009) delta=(-0.011,-0.019,-0.004) ceres_iters=13 points=329
1780796577.274 [INSERT] inserted pose=(42.070, 17.481, 0.009) submaps=2 points=329
1780796577.274 [NODE] added node_id=213 local_pose=(42.070, 17.481, 0.009) submaps=2 newly_finished_submap=0
1780796577.497 [SCAN_MATCH] success predict=(42.217,17.500,0.006) matched=(42.213,17.482,0.010) delta=(-0.004,-0.018,0.004) ceres_iters=15 points=337
1780796577.498 [INSERT] skipped by motion filter pose=(42.213, 17.482, 0.010)
1780796577.718 [SCAN_MATCH] success predict=(42.363,17.501,0.016) matched=(42.361,17.484,0.010) delta=(-0.002,-0.017,-0.006) ceres_iters=15 points=335
1780796577.720 [INSERT] inserted pose=(42.361, 17.484, 0.010) submaps=2 points=335
1780796577.720 [NODE] added node_id=214 local_pose=(42.361, 17.484, 0.010) submaps=2 newly_finished_submap=0
1780796577.868 [SCAN_MATCH] success predict=(42.482,17.500,0.012) matched=(42.499,17.484,0.011) delta=(0.017,-0.015,-0.001) ceres_iters=11 points=337
1780796577.869 [INSERT] skipped by motion filter pose=(42.499, 17.484, 0.011)
1780796578.015 [SCAN_MATCH] success predict=(42.681,17.506,0.006) matched=(42.670,17.487,0.009) delta=(-0.011,-0.019,0.003) ceres_iters=11 points=337
1780796578.018 [INSERT] inserted pose=(42.670, 17.487, 0.009) submaps=2 points=337
1780796578.018 [NODE] added node_id=215 local_pose=(42.670, 17.487, 0.009) submaps=2 newly_finished_submap=0
1780796578.167 [SCAN_MATCH] success predict=(42.792,17.502,0.006) matched=(42.803,17.487,0.011) delta=(0.011,-0.015,0.005) ceres_iters=11 points=340
1780796578.167 [INSERT] skipped by motion filter pose=(42.803, 17.487, 0.011)
1780796578.299 [SCAN_MATCH] success predict=(43.016,17.514,0.007) matched=(43.001,17.491,0.009) delta=(-0.015,-0.022,0.002) ceres_iters=10 points=343
1780796578.301 [INSERT] inserted pose=(43.001, 17.491, 0.009) submaps=2 points=343
1780796578.301 [NODE] added node_id=216 local_pose=(43.001, 17.491, 0.009) submaps=2 newly_finished_submap=0
1780796578.490 [SCAN_MATCH] success predict=(43.092,17.502,0.013) matched=(43.103,17.490,0.011) delta=(0.011,-0.012,-0.002) ceres_iters=13 points=339
1780796578.490 [INSERT] skipped by motion filter pose=(43.103, 17.490, 0.011)
1780796578.658 [SCAN_MATCH] success predict=(43.315,17.515,0.008) matched=(43.283,17.493,0.008) delta=(-0.032,-0.022,0.001) ceres_iters=12 points=338
1780796578.660 [INSERT] inserted pose=(43.283, 17.493, 0.008) submaps=2 points=338
1780796578.660 [NODE] added node_id=217 local_pose=(43.283, 17.493, 0.008) submaps=2 newly_finished_submap=0
1780796578.866 [SCAN_MATCH] success predict=(43.373,17.504,0.003) matched=(43.396,17.492,0.012) delta=(0.023,-0.011,0.009) ceres_iters=14 points=339
1780796578.866 [INSERT] skipped by motion filter pose=(43.396, 17.492, 0.012)
1780796579.012 [SCAN_MATCH] success predict=(43.572,17.513,0.012) matched=(43.567,17.496,0.010) delta=(-0.005,-0.017,-0.003) ceres_iters=11 points=332
1780796579.016 [INSERT] inserted pose=(43.567, 17.496, 0.010) submaps=2 points=332
1780796579.016 [NODE] added node_id=218 local_pose=(43.567, 17.496, 0.010) submaps=2 newly_finished_submap=0
1780796579.180 [SCAN_MATCH] success predict=(43.683,17.510,0.011) matched=(43.700,17.497,0.011) delta=(0.017,-0.013,0.000) ceres_iters=12 points=332
1780796579.180 [INSERT] skipped by motion filter pose=(43.700, 17.497, 0.011)
1780796579.399 [SCAN_MATCH] success predict=(43.873,17.519,0.015) matched=(43.867,17.500,0.010) delta=(-0.006,-0.019,-0.006) ceres_iters=15 points=331
1780796579.401 [INSERT] inserted pose=(43.867, 17.500, 0.010) submaps=2 points=331
1780796579.401 [NODE] added node_id=219 local_pose=(43.867, 17.500, 0.010) submaps=2 newly_finished_submap=1
1780796579.585 [SCAN_MATCH] success predict=(43.985,17.514,0.012) matched=(44.000,17.500,0.011) delta=(0.016,-0.014,-0.001) ceres_iters=14 points=333
1780796579.585 [INSERT] skipped by motion filter pose=(44.000, 17.500, 0.011)
1780796579.776 [SCAN_MATCH] success predict=(44.183,17.522,0.020) matched=(44.169,17.503,0.009) delta=(-0.014,-0.019,-0.011) ceres_iters=13 points=333
1780796579.778 [INSERT] inserted pose=(44.169, 17.503, 0.009) submaps=2 points=333
1780796579.778 [NODE] added node_id=220 local_pose=(44.169, 17.503, 0.009) submaps=2 newly_finished_submap=0
1780796580.014 [SCAN_MATCH] success predict=(44.287,17.519,0.012) matched=(44.297,17.520,0.011) delta=(0.010,0.001,-0.001) ceres_iters=17 points=332
1780796580.014 [INSERT] skipped by motion filter pose=(44.297, 17.520, 0.011)
1780796580.233 [SCAN_MATCH] success predict=(44.478,17.543,0.016) matched=(44.465,17.529,0.009) delta=(-0.013,-0.014,-0.007) ceres_iters=15 points=333
1780796580.235 [INSERT] inserted pose=(44.465, 17.529, 0.009) submaps=2 points=333
1780796580.235 [NODE] added node_id=221 local_pose=(44.465, 17.529, 0.009) submaps=2 newly_finished_submap=0
1780796580.401 [SCAN_MATCH] success predict=(44.582,17.547,0.011) matched=(44.596,17.532,0.011) delta=(0.014,-0.015,-0.001) ceres_iters=12 points=335
1780796580.401 [INSERT] skipped by motion filter pose=(44.596, 17.532, 0.011)
1780796580.623 [SCAN_MATCH] success predict=(44.775,17.556,-0.001) matched=(44.765,17.535,0.009) delta=(-0.010,-0.020,0.010) ceres_iters=15 points=338
1780796580.625 [INSERT] inserted pose=(44.765, 17.535, 0.009) submaps=2 points=338
1780796580.625 [NODE] added node_id=222 local_pose=(44.765, 17.535, 0.009) submaps=2 newly_finished_submap=0
1780796580.951 [SCAN_MATCH] success predict=(44.884,17.552,0.016) matched=(44.898,17.535,0.011) delta=(0.013,-0.016,-0.005) ceres_iters=21 points=342
1780796580.951 [INSERT] skipped by motion filter pose=(44.898, 17.535, 0.011)
1780796581.138 [SCAN_MATCH] success predict=(45.074,17.559,0.011) matched=(45.064,17.539,0.009) delta=(-0.010,-0.020,-0.002) ceres_iters=13 points=341
1780796581.140 [INSERT] inserted pose=(45.064, 17.539, 0.009) submaps=2 points=341
1780796581.140 [NODE] added node_id=223 local_pose=(45.064, 17.539, 0.009) submaps=2 newly_finished_submap=0
1780796581.328 [SCAN_MATCH] success predict=(45.183,17.555,0.007) matched=(45.197,17.538,0.011) delta=(0.014,-0.016,0.003) ceres_iters=13 points=344
1780796581.328 [INSERT] skipped by motion filter pose=(45.197, 17.538, 0.011)
1780796581.516 [SCAN_MATCH] success predict=(45.373,17.562,0.011) matched=(45.364,17.542,0.009) delta=(-0.010,-0.020,-0.002) ceres_iters=13 points=341
1780796581.518 [INSERT] inserted pose=(45.364, 17.542, 0.009) submaps=2 points=341
1780796581.518 [NODE] added node_id=224 local_pose=(45.364, 17.542, 0.009) submaps=2 newly_finished_submap=0
1780796581.723 [SCAN_MATCH] success predict=(45.486,17.557,0.001) matched=(45.499,17.541,0.010) delta=(0.012,-0.016,0.009) ceres_iters=14 points=339
1780796581.723 [INSERT] skipped by motion filter pose=(45.499, 17.541, 0.010)
1780796581.935 [SCAN_MATCH] success predict=(45.675,17.564,0.004) matched=(45.664,17.545,0.009) delta=(-0.011,-0.019,0.005) ceres_iters=14 points=346
1780796581.937 [INSERT] inserted pose=(45.664, 17.545, 0.009) submaps=2 points=346
1780796581.937 [NODE] added node_id=225 local_pose=(45.664, 17.545, 0.009) submaps=2 newly_finished_submap=0
1780796582.126 [SCAN_MATCH] success predict=(45.782,17.558,0.009) matched=(45.797,17.544,0.011) delta=(0.014,-0.015,0.001) ceres_iters=13 points=341
1780796582.126 [INSERT] skipped by motion filter pose=(45.797, 17.544, 0.011)
1780796582.297 [SCAN_MATCH] success predict=(46.005,17.570,0.008) matched=(45.994,17.548,0.009) delta=(-0.011,-0.021,0.001) ceres_iters=12 points=344
1780796582.299 [INSERT] inserted pose=(45.994, 17.548, 0.009) submaps=2 points=344
1780796582.299 [NODE] added node_id=226 local_pose=(45.994, 17.548, 0.009) submaps=2 newly_finished_submap=0
1780796582.488 [SCAN_MATCH] success predict=(46.114,17.563,0.008) matched=(46.127,17.547,0.010) delta=(0.013,-0.015,0.003) ceres_iters=13 points=344
1780796582.488 [INSERT] skipped by motion filter pose=(46.127, 17.547, 0.010)
1780796582.663 [SCAN_MATCH] success predict=(46.307,17.569,0.011) matched=(46.295,17.551,0.009) delta=(-0.012,-0.019,-0.002) ceres_iters=12 points=344
1780796582.665 [INSERT] inserted pose=(46.295, 17.551, 0.009) submaps=2 points=344
1780796582.665 [NODE] added node_id=227 local_pose=(46.295, 17.551, 0.009) submaps=2 newly_finished_submap=0
1780796582.863 [SCAN_MATCH] success predict=(46.440,17.568,0.012) matched=(46.419,17.551,0.009) delta=(-0.021,-0.017,-0.004) ceres_iters=13 points=341
1780796582.863 [INSERT] skipped by motion filter pose=(46.419, 17.551, 0.009)
1780796583.055 [SCAN_MATCH] success predict=(46.541,17.567,0.011) matched=(46.549,17.552,0.010) delta=(0.008,-0.015,-0.001) ceres_iters=13 points=344
1780796583.057 [INSERT] inserted pose=(46.549, 17.552, 0.010) submaps=2 points=344
1780796583.057 [NODE] added node_id=228 local_pose=(46.549, 17.552, 0.010) submaps=2 newly_finished_submap=0
1780796583.224 [SCAN_MATCH] success predict=(46.662,17.568,0.010) matched=(46.689,17.553,0.011) delta=(0.027,-0.015,0.002) ceres_iters=12 points=336
1780796583.224 [INSERT] skipped by motion filter pose=(46.689, 17.553, 0.011)
1780796583.397 [SCAN_MATCH] success predict=(46.870,17.574,0.011) matched=(46.861,17.556,0.010) delta=(-0.009,-0.018,-0.001) ceres_iters=12 points=344
1780796583.399 [INSERT] inserted pose=(46.861, 17.556, 0.010) submaps=2 points=344
1780796583.400 [NODE] added node_id=229 local_pose=(46.861, 17.556, 0.010) submaps=2 newly_finished_submap=0
1780796583.640 [SCAN_MATCH] success predict=(46.980,17.573,0.025) matched=(46.995,17.557,0.011) delta=(0.015,-0.016,-0.014) ceres_iters=16 points=335
1780796583.640 [INSERT] skipped by motion filter pose=(46.995, 17.557, 0.011)
1780796583.868 [SCAN_MATCH] success predict=(47.177,17.580,0.019) matched=(47.164,17.560,0.009) delta=(-0.013,-0.020,-0.009) ceres_iters=15 points=344
1780796583.870 [INSERT] inserted pose=(47.164, 17.560, 0.009) submaps=2 points=344
1780796583.870 [NODE] added node_id=230 local_pose=(47.164, 17.560, 0.009) submaps=2 newly_finished_submap=0
1780796584.094 [SCAN_MATCH] success predict=(47.316,17.585,0.016) matched=(47.310,17.563,0.010) delta=(-0.006,-0.023,-0.006) ceres_iters=15 points=337
1780796584.094 [INSERT] skipped by motion filter pose=(47.310, 17.563, 0.010)
1780796584.248 [SCAN_MATCH] success predict=(47.491,17.591,0.016) matched=(47.469,17.565,0.009) delta=(-0.022,-0.026,-0.007) ceres_iters=11 points=346
1780796584.250 [INSERT] inserted pose=(47.469, 17.565, 0.009) submaps=2 points=346
1780796584.250 [NODE] added node_id=231 local_pose=(47.469, 17.565, 0.009) submaps=2 newly_finished_submap=0
1780796584.462 [SCAN_MATCH] success predict=(47.554,17.579,0.016) matched=(47.587,17.563,0.027) delta=(0.033,-0.016,0.011) ceres_iters=15 points=338
1780796584.462 [INSERT] skipped by motion filter pose=(47.587, 17.563, 0.027)
1780796584.778 [SCAN_MATCH] success predict=(47.794,17.602,0.070) matched=(47.770,17.574,0.050) delta=(-0.024,-0.029,-0.020) ceres_iters=20 points=338
1780796584.780 [INSERT] inserted pose=(47.770, 17.574, 0.050) submaps=2 points=338
1780796584.780 [NODE] added node_id=232 local_pose=(47.770, 17.574, 0.050) submaps=2 newly_finished_submap=0
1780796584.990 [SCAN_MATCH] success predict=(47.890,17.600,0.071) matched=(47.898,17.580,0.067) delta=(0.008,-0.020,-0.004) ceres_iters=14 points=342
1780796584.990 [INSERT] skipped by motion filter pose=(47.898, 17.580, 0.067)
1780796585.159 [SCAN_MATCH] success predict=(48.045,17.614,0.064) matched=(48.069,17.592,0.068) delta=(0.024,-0.022,0.004) ceres_iters=12 points=343
1780796585.161 [INSERT] inserted pose=(48.069, 17.592, 0.068) submaps=2 points=343
1780796585.161 [NODE] added node_id=233 local_pose=(48.069, 17.592, 0.068) submaps=2 newly_finished_submap=0
1780796585.357 [SCAN_MATCH] success predict=(48.184,17.616,0.062) matched=(48.215,17.600,0.068) delta=(0.031,-0.016,0.007) ceres_iters=13 points=342
1780796585.357 [INSERT] skipped by motion filter pose=(48.215, 17.600, 0.068)
1780796585.515 [SCAN_MATCH] success predict=(48.383,17.639,0.066) matched=(48.365,17.612,0.066) delta=(-0.018,-0.027,-0.001) ceres_iters=11 points=342
1780796585.517 [INSERT] inserted pose=(48.365, 17.612, 0.066) submaps=2 points=342
1780796585.517 [NODE] added node_id=234 local_pose=(48.365, 17.612, 0.066) submaps=2 newly_finished_submap=0
1780796585.706 [SCAN_MATCH] success predict=(48.483,17.641,0.068) matched=(48.495,17.620,0.067) delta=(0.012,-0.021,-0.001) ceres_iters=13 points=338
1780796585.706 [INSERT] skipped by motion filter pose=(48.495, 17.620, 0.067)
1780796585.857 [SCAN_MATCH] success predict=(48.704,17.669,0.065) matched=(48.692,17.636,0.066) delta=(-0.012,-0.033,0.001) ceres_iters=11 points=339
1780796585.859 [INSERT] inserted pose=(48.692, 17.636, 0.066) submaps=2 points=339
1780796585.859 [NODE] added node_id=235 local_pose=(48.692, 17.636, 0.066) submaps=2 newly_finished_submap=0
1780796586.050 [SCAN_MATCH] success predict=(48.807,17.663,0.067) matched=(48.804,17.640,0.066) delta=(-0.002,-0.022,-0.001) ceres_iters=13 points=339
1780796586.051 [INSERT] skipped by motion filter pose=(48.804, 17.640, 0.066)
1780796586.288 [SCAN_MATCH] success predict=(48.951,17.672,0.065) matched=(48.951,17.650,0.067) delta=(0.001,-0.022,0.002) ceres_iters=16 points=345
1780796586.291 [INSERT] inserted pose=(48.951, 17.650, 0.067) submaps=2 points=345
1780796586.291 [NODE] added node_id=236 local_pose=(48.951, 17.650, 0.067) submaps=2 newly_finished_submap=0
1780796586.460 [SCAN_MATCH] success predict=(49.070,17.679,0.070) matched=(49.089,17.659,0.068) delta=(0.019,-0.020,-0.002) ceres_iters=12 points=341
1780796586.460 [INSERT] skipped by motion filter pose=(49.089, 17.659, 0.068)
1780796586.667 [SCAN_MATCH] success predict=(49.268,17.698,0.064) matched=(49.258,17.671,0.066) delta=(-0.009,-0.027,0.002) ceres_iters=14 points=341
1780796586.669 [INSERT] inserted pose=(49.258, 17.671, 0.066) submaps=2 points=341
1780796586.669 [NODE] added node_id=237 local_pose=(49.258, 17.671, 0.066) submaps=2 newly_finished_submap=0
1780796586.818 [SCAN_MATCH] success predict=(49.373,17.697,0.068) matched=(49.390,17.678,0.067) delta=(0.017,-0.019,-0.001) ceres_iters=11 points=337
1780796586.818 [INSERT] skipped by motion filter pose=(49.390, 17.678, 0.067)
1780796586.968 [SCAN_MATCH] success predict=(49.567,17.715,0.066) matched=(49.557,17.691,0.066) delta=(-0.009,-0.025,-0.000) ceres_iters=11 points=339
1780796586.972 [INSERT] inserted pose=(49.557, 17.691, 0.066) submaps=2 points=339
1780796586.972 [NODE] added node_id=238 local_pose=(49.557, 17.691, 0.066) submaps=2 newly_finished_submap=0
1780796587.229 [SCAN_MATCH] success predict=(49.677,17.717,0.062) matched=(49.691,17.698,0.067) delta=(0.014,-0.019,0.004) ceres_iters=17 points=347
1780796587.229 [INSERT] skipped by motion filter pose=(49.691, 17.698, 0.067)
1780796587.384 [SCAN_MATCH] success predict=(49.870,17.736,0.064) matched=(49.859,17.711,0.066) delta=(-0.011,-0.025,0.002) ceres_iters=11 points=353
1780796587.386 [INSERT] inserted pose=(49.859, 17.711, 0.066) submaps=2 points=353
1780796587.386 [NODE] added node_id=239 local_pose=(49.859, 17.711, 0.066) submaps=2 newly_finished_submap=1
1780796587.560 [SCAN_MATCH] success predict=(49.977,17.736,0.063) matched=(49.991,17.718,0.067) delta=(0.014,-0.018,0.004) ceres_iters=12 points=353
1780796587.560 [INSERT] skipped by motion filter pose=(49.991, 17.718, 0.067)
1780796587.738 [SCAN_MATCH] success predict=(50.200,17.763,0.066) matched=(50.189,17.735,0.066) delta=(-0.011,-0.028,-0.001) ceres_iters=12 points=359
1780796587.740 [INSERT] inserted pose=(50.189, 17.735, 0.066) submaps=2 points=359
1780796587.740 [NODE] added node_id=240 local_pose=(50.189, 17.735, 0.066) submaps=2 newly_finished_submap=0
1780796588.077 [SCAN_MATCH] success predict=(50.275,17.756,0.063) matched=(50.309,17.755,0.070) delta=(0.034,-0.001,0.007) ceres_iters=19 points=365
1780796588.077 [INSERT] skipped by motion filter pose=(50.309, 17.755, 0.070)
1780796588.330 [SCAN_MATCH] success predict=(50.485,17.792,0.082) matched=(50.485,17.778,0.066) delta=(-0.000,-0.014,-0.016) ceres_iters=16 points=370
1780796588.333 [INSERT] inserted pose=(50.485, 17.778, 0.066) submaps=2 points=370
1780796588.333 [NODE] added node_id=241 local_pose=(50.485, 17.778, 0.066) submaps=2 newly_finished_submap=0
1780796588.595 [SCAN_MATCH] success predict=(50.662,17.816,0.071) matched=(50.625,17.791,0.064) delta=(-0.036,-0.025,-0.006) ceres_iters=16 points=369
1780796588.595 [INSERT] skipped by motion filter pose=(50.625, 17.791, 0.064)
1780796588.824 [SCAN_MATCH] success predict=(50.741,17.816,0.062) matched=(50.749,17.798,0.067) delta=(0.008,-0.019,0.005) ceres_iters=14 points=382
1780796588.827 [INSERT] inserted pose=(50.749, 17.798, 0.067) submaps=2 points=382
1780796588.827 [NODE] added node_id=242 local_pose=(50.749, 17.798, 0.067) submaps=2 newly_finished_submap=0
1780796589.029 [SCAN_MATCH] success predict=(50.863,17.824,0.061) matched=(50.868,17.807,0.062) delta=(0.005,-0.017,0.001) ceres_iters=9 points=384
1780796589.030 [INSERT] skipped by motion filter pose=(50.868, 17.807, 0.062)
1780796589.275 [SCAN_MATCH] success predict=(51.069,17.852,0.069) matched=(51.078,17.823,0.067) delta=(0.009,-0.029,-0.003) ceres_iters=14 points=387
1780796589.278 [INSERT] inserted pose=(51.078, 17.823, 0.067) submaps=2 points=387
1780796589.278 [NODE] added node_id=243 local_pose=(51.078, 17.823, 0.067) submaps=2 newly_finished_submap=0
1780796589.707 [SCAN_MATCH] success predict=(51.164,17.843,0.071) matched=(51.208,17.826,0.069) delta=(0.043,-0.017,-0.001) ceres_iters=22 points=387
1780796589.707 [INSERT] skipped by motion filter pose=(51.208, 17.826, 0.069)
1780796589.974 [SCAN_MATCH] success predict=(51.378,17.865,0.061) matched=(51.380,17.841,0.066) delta=(0.002,-0.024,0.006) ceres_iters=15 points=380
1780796589.976 [INSERT] inserted pose=(51.380, 17.841, 0.066) submaps=2 points=380
1780796589.976 [NODE] added node_id=244 local_pose=(51.380, 17.841, 0.066) submaps=2 newly_finished_submap=0
1780796590.197 [SCAN_MATCH] success predict=(51.555,17.881,0.066) matched=(51.521,17.851,0.065) delta=(-0.034,-0.030,-0.001) ceres_iters=13 points=381
1780796590.197 [INSERT] skipped by motion filter pose=(51.521, 17.851, 0.065)
1780796590.371 [SCAN_MATCH] success predict=(51.638,17.878,0.067) matched=(51.665,17.858,0.068) delta=(0.027,-0.020,0.001) ceres_iters=11 points=378
1780796590.373 [INSERT] inserted pose=(51.665, 17.858, 0.068) submaps=2 points=378
1780796590.373 [NODE] added node_id=245 local_pose=(51.665, 17.858, 0.068) submaps=2 newly_finished_submap=0
1780796590.637 [SCAN_MATCH] success predict=(51.810,17.893,0.075) matched=(51.805,17.870,0.066) delta=(-0.005,-0.023,-0.008) ceres_iters=15 points=380
1780796590.637 [INSERT] skipped by motion filter pose=(51.805, 17.870, 0.066)
1780796590.906 [SCAN_MATCH] success predict=(51.952,17.903,0.067) matched=(51.952,17.880,0.066) delta=(0.000,-0.024,-0.000) ceres_iters=15 points=387
1780796590.908 [INSERT] inserted pose=(51.952, 17.880, 0.066) submaps=2 points=387
1780796590.909 [NODE] added node_id=246 local_pose=(51.952, 17.880, 0.066) submaps=2 newly_finished_submap=0
1780796591.129 [SCAN_MATCH] success predict=(52.092,17.912,0.065) matched=(52.098,17.889,0.067) delta=(0.005,-0.023,0.002) ceres_iters=13 points=382
1780796591.129 [INSERT] skipped by motion filter pose=(52.098, 17.889, 0.067)
1780796591.379 [SCAN_MATCH] success predict=(52.249,17.924,0.068) matched=(52.269,17.901,0.068) delta=(0.020,-0.023,-0.000) ceres_iters=15 points=382
1780796591.381 [INSERT] inserted pose=(52.269, 17.901, 0.068) submaps=2 points=382
1780796591.381 [NODE] added node_id=247 local_pose=(52.269, 17.901, 0.068) submaps=2 newly_finished_submap=0
1780796591.604 [SCAN_MATCH] success predict=(52.410,17.934,0.062) matched=(52.422,17.911,0.067) delta=(0.012,-0.023,0.005) ceres_iters=13 points=386
1780796591.604 [INSERT] skipped by motion filter pose=(52.422, 17.911, 0.067)
1780796591.823 [SCAN_MATCH] success predict=(52.568,17.943,0.069) matched=(52.575,17.921,0.067) delta=(0.008,-0.021,-0.002) ceres_iters=13 points=382
1780796591.826 [INSERT] inserted pose=(52.575, 17.921, 0.067) submaps=2 points=382
1780796591.826 [NODE] added node_id=248 local_pose=(52.575, 17.921, 0.067) submaps=2 newly_finished_submap=0
1780796592.001 [SCAN_MATCH] success predict=(52.723,17.954,0.068) matched=(52.709,17.930,0.066) delta=(-0.014,-0.024,-0.002) ceres_iters=11 points=381
1780796592.001 [INSERT] skipped by motion filter pose=(52.709, 17.930, 0.066)
1780796592.288 [SCAN_MATCH] success predict=(52.878,17.965,0.064) matched=(52.879,17.942,0.067) delta=(0.001,-0.022,0.003) ceres_iters=15 points=389
1780796592.290 [INSERT] inserted pose=(52.879, 17.942, 0.067) submaps=2 points=389
1780796592.290 [NODE] added node_id=249 local_pose=(52.879, 17.942, 0.067) submaps=2 newly_finished_submap=0
1780796593.095 [SCAN_MATCH] success predict=(52.966,17.963,0.065) matched=(53.008,17.947,0.068) delta=(0.042,-0.016,0.003) ceres_iters=35 points=393
1780796593.095 [INSERT] skipped by motion filter pose=(53.008, 17.947, 0.068)
1780796593.255 [SCAN_MATCH] success predict=(53.216,17.992,0.071) matched=(53.192,17.964,0.066) delta=(-0.024,-0.028,-0.005) ceres_iters=10 points=398
1780796593.257 [INSERT] inserted pose=(53.192, 17.964, 0.066) submaps=2 points=398
1780796593.257 [NODE] added node_id=250 local_pose=(53.192, 17.964, 0.066) submaps=2 newly_finished_submap=0
1780796593.510 [SCAN_MATCH] success predict=(53.342,17.998,0.065) matched=(53.314,17.971,0.066) delta=(-0.028,-0.027,0.001) ceres_iters=14 points=399
1780796593.510 [INSERT] skipped by motion filter pose=(53.314, 17.971, 0.066)
1780796593.721 [SCAN_MATCH] success predict=(53.454,18.005,0.061) matched=(53.468,17.982,0.067) delta=(0.013,-0.024,0.006) ceres_iters=12 points=403
1780796593.723 [INSERT] inserted pose=(53.468, 17.982, 0.067) submaps=2 points=403
1780796593.723 [NODE] added node_id=251 local_pose=(53.468, 17.982, 0.067) submaps=2 newly_finished_submap=0
1780796593.913 [SCAN_MATCH] success predict=(53.589,18.009,0.066) matched=(53.614,17.989,0.067) delta=(0.025,-0.019,0.002) ceres_iters=11 points=410
1780796593.913 [INSERT] skipped by motion filter pose=(53.614, 17.989, 0.067)
1780796594.155 [SCAN_MATCH] success predict=(53.787,18.026,0.066) matched=(53.782,18.002,0.066) delta=(-0.005,-0.024,0.000) ceres_iters=13 points=415
1780796594.158 [INSERT] inserted pose=(53.782, 18.002, 0.066) submaps=2 points=415
1780796594.158 [NODE] added node_id=252 local_pose=(53.782, 18.002, 0.066) submaps=2 newly_finished_submap=0
1780796594.497 [SCAN_MATCH] success predict=(53.869,18.023,0.067) matched=(53.908,18.007,0.068) delta=(0.039,-0.017,0.001) ceres_iters=17 points=417
1780796594.497 [INSERT] skipped by motion filter pose=(53.908, 18.007, 0.068)
1780796594.768 [SCAN_MATCH] success predict=(54.110,18.054,0.075) matched=(54.088,18.024,0.066) delta=(-0.022,-0.030,-0.009) ceres_iters=14 points=423
1780796594.771 [INSERT] inserted pose=(54.088, 18.024, 0.066) submaps=2 points=423
1780796594.771 [NODE] added node_id=253 local_pose=(54.088, 18.024, 0.066) submaps=2 newly_finished_submap=0
1780796595.002 [SCAN_MATCH] success predict=(54.203,18.049,0.067) matched=(54.217,18.029,0.067) delta=(0.014,-0.020,-0.000) ceres_iters=12 points=437
1780796595.002 [INSERT] skipped by motion filter pose=(54.217, 18.029, 0.067)
1780796595.235 [SCAN_MATCH] success predict=(54.384,18.071,0.066) matched=(54.380,18.044,0.066) delta=(-0.004,-0.028,0.000) ceres_iters=12 points=448
1780796595.239 [INSERT] inserted pose=(54.380, 18.044, 0.066) submaps=2 points=448
1780796595.239 [NODE] added node_id=254 local_pose=(54.380, 18.044, 0.066) submaps=2 newly_finished_submap=0
1780796595.477 [SCAN_MATCH] success predict=(54.527,18.078,0.071) matched=(54.509,18.051,0.065) delta=(-0.018,-0.027,-0.006) ceres_iters=12 points=457
1780796595.477 [INSERT] skipped by motion filter pose=(54.509, 18.051, 0.065)
1780796595.752 [SCAN_MATCH] success predict=(54.656,18.085,0.073) matched=(54.668,18.061,0.066) delta=(0.013,-0.023,-0.007) ceres_iters=13 points=475
1780796595.755 [INSERT] inserted pose=(54.668, 18.061, 0.066) submaps=2 points=475
1780796595.755 [NODE] added node_id=255 local_pose=(54.668, 18.061, 0.066) submaps=2 newly_finished_submap=0
1780796596.049 [SCAN_MATCH] success predict=(54.755,18.081,0.069) matched=(54.782,18.065,0.067) delta=(0.027,-0.016,-0.002) ceres_iters=13 points=479
1780796596.049 [INSERT] skipped by motion filter pose=(54.782, 18.065, 0.067)
1780796596.368 [SCAN_MATCH] success predict=(54.954,18.108,0.060) matched=(54.950,18.081,0.065) delta=(-0.004,-0.027,0.006) ceres_iters=14 points=495
1780796596.371 [INSERT] inserted pose=(54.950, 18.081, 0.065) submaps=2 points=495
1780796596.371 [NODE] added node_id=256 local_pose=(54.950, 18.081, 0.065) submaps=2 newly_finished_submap=0
1780796596.758 [SCAN_MATCH] success predict=(55.073,18.109,0.068) matched=(55.087,18.088,0.066) delta=(0.014,-0.021,-0.002) ceres_iters=17 points=498
1780796596.758 [INSERT] skipped by motion filter pose=(55.087, 18.088, 0.066)
1780796597.155 [SCAN_MATCH] success predict=(55.261,18.129,0.060) matched=(55.252,18.102,0.065) delta=(-0.008,-0.027,0.005) ceres_iters=17 points=512
1780796597.161 [INSERT] inserted pose=(55.252, 18.102, 0.065) submaps=2 points=512
1780796597.161 [NODE] added node_id=257 local_pose=(55.252, 18.102, 0.065) submaps=2 newly_finished_submap=0
1780796597.520 [SCAN_MATCH] success predict=(55.399,18.135,0.067) matched=(55.397,18.111,0.065) delta=(-0.002,-0.025,-0.002) ceres_iters=15 points=518
1780796597.521 [INSERT] skipped by motion filter pose=(55.397, 18.111, 0.065)
1780796597.829 [SCAN_MATCH] success predict=(55.544,18.146,0.064) matched=(55.546,18.121,0.065) delta=(0.001,-0.025,0.001) ceres_iters=13 points=534
1780796597.832 [INSERT] inserted pose=(55.546, 18.121, 0.065) submaps=2 points=534
1780796597.832 [NODE] added node_id=258 local_pose=(55.546, 18.121, 0.065) submaps=2 newly_finished_submap=0
1780796598.285 [SCAN_MATCH] success predict=(55.661,18.148,0.064) matched=(55.703,18.127,0.067) delta=(0.042,-0.021,0.003) ceres_iters=18 points=544
1780796598.285 [INSERT] skipped by motion filter pose=(55.703, 18.127, 0.067)
1780796598.727 [SCAN_MATCH] success predict=(55.882,18.169,0.076) matched=(55.878,18.143,0.065) delta=(-0.004,-0.026,-0.011) ceres_iters=17 points=548
1780796598.730 [INSERT] inserted pose=(55.878, 18.143, 0.065) submaps=2 points=548
1780796598.730 [NODE] added node_id=259 local_pose=(55.878, 18.143, 0.065) submaps=2 newly_finished_submap=1
1780796599.247 [SCAN_MATCH] success predict=(56.049,18.185,0.068) matched=(56.014,18.154,0.064) delta=(-0.034,-0.032,-0.004) ceres_iters=21 points=558
1780796599.247 [INSERT] skipped by motion filter pose=(56.014, 18.154, 0.064)
1780796599.649 [SCAN_MATCH] success predict=(56.130,18.182,0.061) matched=(56.139,18.159,0.065) delta=(0.009,-0.023,0.005) ceres_iters=16 points=561
1780796599.652 [INSERT] inserted pose=(56.139, 18.159, 0.065) submaps=2 points=561
1780796599.652 [NODE] added node_id=260 local_pose=(56.139, 18.159, 0.065) submaps=2 newly_finished_submap=0
1780796600.193 [SCAN_MATCH] success predict=(56.255,18.185,0.067) matched=(56.274,18.180,0.061) delta=(0.020,-0.005,-0.006) ceres_iters=19 points=560
1780796600.193 [INSERT] skipped by motion filter pose=(56.274, 18.180, 0.061)
1780796600.979 [SCAN_MATCH] success predict=(56.472,18.230,0.066) matched=(56.475,18.201,0.059) delta=(0.003,-0.029,-0.007) ceres_iters=24 points=564
1780796600.982 [INSERT] inserted pose=(56.475, 18.201, 0.059) submaps=2 points=564
1780796600.982 [NODE] added node_id=261 local_pose=(56.475, 18.201, 0.059) submaps=2 newly_finished_submap=0
1780796601.763 [SCAN_MATCH] success predict=(56.591,18.229,0.062) matched=(56.608,18.209,0.059) delta=(0.017,-0.021,-0.003) ceres_iters=26 points=560
1780796601.763 [INSERT] skipped by motion filter pose=(56.608, 18.209, 0.059)
1780796602.022 [SCAN_MATCH] success predict=(56.750,18.242,0.057) matched=(56.748,18.218,0.058) delta=(-0.001,-0.024,0.001) ceres_iters=11 points=563
1780796602.026 [INSERT] inserted pose=(56.748, 18.218, 0.058) submaps=2 points=563
1780796602.026 [NODE] added node_id=262 local_pose=(56.748, 18.218, 0.058) submaps=2 newly_finished_submap=0
1780796602.381 [SCAN_MATCH] success predict=(56.863,18.245,0.067) matched=(56.892,18.226,0.061) delta=(0.029,-0.019,-0.006) ceres_iters=11 points=554
1780796602.381 [INSERT] skipped by motion filter pose=(56.892, 18.226, 0.061)
1780796602.786 [SCAN_MATCH] success predict=(57.095,18.280,0.060) matched=(57.086,18.244,0.057) delta=(-0.009,-0.036,-0.004) ceres_iters=12 points=554
1780796602.789 [INSERT] inserted pose=(57.086, 18.244, 0.057) submaps=2 points=554
1780796602.789 [NODE] added node_id=263 local_pose=(57.086, 18.244, 0.057) submaps=2 newly_finished_submap=0
1780796603.078 [SCAN_MATCH] success predict=(57.201,18.273,0.058) matched=(57.202,18.251,0.056) delta=(0.001,-0.022,-0.002) ceres_iters=12 points=554
1780796603.078 [INSERT] skipped by motion filter pose=(57.202, 18.251, 0.056)
1780796603.617 [SCAN_MATCH] success predict=(57.374,18.294,0.056) matched=(57.365,18.264,0.055) delta=(-0.008,-0.030,-0.001) ceres_iters=19 points=560
1780796603.620 [INSERT] inserted pose=(57.365, 18.264, 0.055) submaps=2 points=560
1780796603.621 [NODE] added node_id=264 local_pose=(57.365, 18.264, 0.055) submaps=2 newly_finished_submap=0
1780796604.042 [SCAN_MATCH] success predict=(57.454,18.286,0.056) matched=(57.474,18.266,0.059) delta=(0.021,-0.020,0.003) ceres_iters=13 points=556
1780796604.042 [INSERT] skipped by motion filter pose=(57.474, 18.266, 0.059)
1780796605.137 [SCAN_MATCH] success predict=(57.673,18.317,0.061) matched=(57.679,18.285,0.055) delta=(0.006,-0.031,-0.006) ceres_iters=33 points=573
1780796605.141 [INSERT] inserted pose=(57.679, 18.285, 0.055) submaps=2 points=573
1780796605.141 [NODE] added node_id=265 local_pose=(57.679, 18.285, 0.055) submaps=2 newly_finished_submap=0
1780796605.376 [SCAN_MATCH] success predict=(57.826,18.323,0.054) matched=(57.817,18.295,0.053) delta=(-0.009,-0.028,-0.000) ceres_iters=7 points=581
1780796605.376 [INSERT] skipped by motion filter pose=(57.817, 18.295, 0.053)
1780796605.656 [SCAN_MATCH] success predict=(57.957,18.334,0.055) matched=(57.956,18.305,0.054) delta=(-0.001,-0.030,-0.001) ceres_iters=11 points=594
1780796605.659 [INSERT] inserted pose=(57.956, 18.305, 0.054) submaps=2 points=594
1780796605.659 [NODE] added node_id=266 local_pose=(57.956, 18.305, 0.054) submaps=2 newly_finished_submap=0
1780796605.912 [SCAN_MATCH] success predict=(58.073,18.334,0.058) matched=(58.099,18.311,0.059) delta=(0.026,-0.023,0.001) ceres_iters=7 points=616
1780796605.912 [INSERT] skipped by motion filter pose=(58.099, 18.311, 0.059)
1780796606.274 [SCAN_MATCH] success predict=(58.273,18.357,0.058) matched=(58.278,18.327,0.055) delta=(0.005,-0.030,-0.003) ceres_iters=13 points=627
1780796606.279 [INSERT] inserted pose=(58.278, 18.327, 0.055) submaps=2 points=627
1780796606.279 [NODE] added node_id=267 local_pose=(58.278, 18.327, 0.055) submaps=2 newly_finished_submap=0
1780796606.883 [SCAN_MATCH] success predict=(58.396,18.359,0.050) matched=(58.415,18.336,0.056) delta=(0.019,-0.023,0.006) ceres_iters=19 points=628
1780796606.883 [INSERT] skipped by motion filter pose=(58.415, 18.336, 0.056)
1780796607.464 [SCAN_MATCH] success predict=(58.592,18.381,0.056) matched=(58.585,18.350,0.055) delta=(-0.006,-0.031,-0.000) ceres_iters=19 points=630
1780796607.468 [INSERT] inserted pose=(58.585, 18.350, 0.055) submaps=2 points=630
1780796607.468 [NODE] added node_id=268 local_pose=(58.585, 18.350, 0.055) submaps=2 newly_finished_submap=0
1780796607.831 [SCAN_MATCH] success predict=(58.672,18.372,0.049) matched=(58.688,18.354,0.056) delta=(0.016,-0.018,0.008) ceres_iters=13 points=630
1780796607.831 [INSERT] skipped by motion filter pose=(58.688, 18.354, 0.056)
1780796608.084 [SCAN_MATCH] success predict=(58.893,18.404,0.050) matched=(58.886,18.372,0.056) delta=(-0.007,-0.032,0.006) ceres_iters=10 points=633
1780796608.088 [INSERT] inserted pose=(58.886, 18.372, 0.056) submaps=2 points=633
1780796608.088 [NODE] added node_id=269 local_pose=(58.886, 18.372, 0.056) submaps=2 newly_finished_submap=0
1780796608.347 [SCAN_MATCH] success predict=(58.975,18.394,0.051) matched=(59.004,18.376,0.059) delta=(0.029,-0.018,0.008) ceres_iters=7 points=634
1780796608.347 [INSERT] skipped by motion filter pose=(59.004, 18.376, 0.059)
1780796609.389 [SCAN_MATCH] success predict=(59.179,18.422,0.066) matched=(59.181,18.391,0.056) delta=(0.001,-0.031,-0.010) ceres_iters=28 points=628
1780796609.393 [INSERT] inserted pose=(59.181, 18.391, 0.056) submaps=2 points=628
1780796609.393 [NODE] added node_id=270 local_pose=(59.181, 18.391, 0.056) submaps=2 newly_finished_submap=0
1780796609.801 [SCAN_MATCH] success predict=(59.294,18.418,0.063) matched=(59.298,18.396,0.056) delta=(0.005,-0.022,-0.007) ceres_iters=15 points=624
1780796609.801 [INSERT] skipped by motion filter pose=(59.298, 18.396, 0.056)
1780796610.368 [SCAN_MATCH] success predict=(59.475,18.442,0.057) matched=(59.461,18.409,0.056) delta=(-0.015,-0.032,-0.001) ceres_iters=18 points=628
1780796610.372 [INSERT] inserted pose=(59.461, 18.409, 0.056) submaps=2 points=628
1780796610.372 [NODE] added node_id=271 local_pose=(59.461, 18.409, 0.056) submaps=2 newly_finished_submap=0
1780796610.640 [SCAN_MATCH] success predict=(59.571,18.439,0.057) matched=(59.590,18.416,0.057) delta=(0.018,-0.023,-0.000) ceres_iters=10 points=618
1780796610.640 [INSERT] skipped by motion filter pose=(59.590, 18.416, 0.057)
1780796611.169 [SCAN_MATCH] success predict=(59.761,18.461,0.051) matched=(59.757,18.428,0.057) delta=(-0.005,-0.032,0.006) ceres_iters=18 points=611
1780796611.172 [INSERT] inserted pose=(59.757, 18.428, 0.057) submaps=2 points=611
1780796611.173 [NODE] added node_id=272 local_pose=(59.757, 18.428, 0.057) submaps=2 newly_finished_submap=0
1780796611.445 [SCAN_MATCH] success predict=(59.903,18.461,0.053) matched=(59.903,18.436,0.057) delta=(0.000,-0.025,0.004) ceres_iters=11 points=595
1780796611.445 [INSERT] skipped by motion filter pose=(59.903, 18.436, 0.057)
1780796611.780 [SCAN_MATCH] success predict=(60.047,18.473,0.056) matched=(60.051,18.445,0.058) delta=(0.003,-0.027,0.002) ceres_iters=13 points=581
1780796611.784 [INSERT] inserted pose=(60.051, 18.445, 0.058) submaps=2 points=581
1780796611.784 [NODE] added node_id=273 local_pose=(60.051, 18.445, 0.058) submaps=2 newly_finished_submap=0
1780796612.299 [SCAN_MATCH] success predict=(60.168,18.474,0.057) matched=(60.187,18.453,0.058) delta=(0.019,-0.021,0.001) ceres_iters=18 points=568
1780796612.299 [INSERT] skipped by motion filter pose=(60.187, 18.453, 0.058)
1780796612.808 [SCAN_MATCH] success predict=(60.361,18.494,0.050) matched=(60.355,18.464,0.058) delta=(-0.006,-0.029,0.008) ceres_iters=18 points=566
1780796612.811 [INSERT] inserted pose=(60.355, 18.464, 0.058) submaps=2 points=566
1780796612.811 [NODE] added node_id=274 local_pose=(60.355, 18.464, 0.058) submaps=2 newly_finished_submap=0
1780796613.927 [SCAN_MATCH] success predict=(60.467,18.492,0.061) matched=(60.502,18.474,0.062) delta=(0.034,-0.018,0.001) ceres_iters=35 points=551
1780796613.927 [INSERT] skipped by motion filter pose=(60.502, 18.474, 0.062)
1780796614.246 [SCAN_MATCH] success predict=(60.679,18.518,0.063) matched=(60.681,18.487,0.060) delta=(0.002,-0.031,-0.003) ceres_iters=10 points=551
1780796614.249 [INSERT] inserted pose=(60.681, 18.487, 0.060) submaps=2 points=551
1780796614.249 [NODE] added node_id=275 local_pose=(60.681, 18.487, 0.060) submaps=2 newly_finished_submap=0
1780796614.657 [SCAN_MATCH] success predict=(60.802,18.516,0.055) matched=(60.801,18.492,0.060) delta=(-0.001,-0.024,0.005) ceres_iters=13 points=545
1780796614.658 [INSERT] skipped by motion filter pose=(60.801, 18.492, 0.060)
1780796614.942 [SCAN_MATCH] success predict=(60.975,18.533,0.046) matched=(60.960,18.504,0.051) delta=(-0.015,-0.030,0.005) ceres_iters=9 points=539
1780796614.945 [INSERT] inserted pose=(60.960, 18.504, 0.051) submaps=2 points=539
1780796614.945 [NODE] added node_id=276 local_pose=(60.960, 18.504, 0.051) submaps=2 newly_finished_submap=0
1780796615.342 [SCAN_MATCH] success predict=(61.114,18.531,0.022) matched=(61.109,18.510,0.027) delta=(-0.004,-0.022,0.005) ceres_iters=15 points=547
1780796615.342 [INSERT] skipped by motion filter pose=(61.109, 18.510, 0.027)
1780796615.614 [SCAN_MATCH] success predict=(61.258,18.537,0.002) matched=(61.257,18.514,0.002) delta=(-0.000,-0.023,-0.000) ceres_iters=9 points=521
1780796615.618 [INSERT] inserted pose=(61.257, 18.514, 0.002) submaps=2 points=521
1780796615.618 [NODE] added node_id=277 local_pose=(61.257, 18.514, 0.002) submaps=2 newly_finished_submap=0
1780796616.261 [SCAN_MATCH] success predict=(61.376,18.534,-0.014) matched=(61.388,18.515,-0.033) delta=(0.013,-0.019,-0.018) ceres_iters=23 points=525
1780796616.261 [INSERT] skipped by motion filter pose=(61.388, 18.515, -0.033)
1780796616.763 [SCAN_MATCH] success predict=(61.595,18.539,-0.104) matched=(61.568,18.510,-0.087) delta=(-0.027,-0.029,0.016) ceres_iters=16 points=541
1780796616.766 [INSERT] inserted pose=(61.568, 18.510, -0.087) submaps=2 points=541
1780796616.766 [NODE] added node_id=278 local_pose=(61.568, 18.510, -0.087) submaps=2 newly_finished_submap=0
1780796617.262 [SCAN_MATCH] success predict=(61.687,18.517,-0.128) matched=(61.713,18.491,-0.152) delta=(0.025,-0.026,-0.024) ceres_iters=16 points=532
1780796617.262 [INSERT] skipped by motion filter pose=(61.713, 18.491, -0.152)
1780796617.880 [SCAN_MATCH] success predict=(61.866,18.494,-0.201) matched=(61.856,18.470,-0.195) delta=(-0.010,-0.023,0.006) ceres_iters=22 points=548
1780796617.883 [INSERT] inserted pose=(61.856, 18.470, -0.195) submaps=2 points=548
1780796617.883 [NODE] added node_id=279 local_pose=(61.856, 18.470, -0.195) submaps=2 newly_finished_submap=1
1780796618.311 [SCAN_MATCH] success predict=(61.978,18.467,-0.238) matched=(62.007,18.436,-0.260) delta=(0.029,-0.032,-0.022) ceres_iters=14 points=528
1780796618.311 [INSERT] skipped by motion filter pose=(62.007, 18.436, -0.260)
1780796618.925 [SCAN_MATCH] success predict=(62.182,18.421,-0.331) matched=(62.155,18.397,-0.304) delta=(-0.027,-0.023,0.027) ceres_iters=20 points=531
1780796618.929 [INSERT] inserted pose=(62.155, 18.397, -0.304) submaps=2 points=531
1780796618.929 [NODE] added node_id=280 local_pose=(62.155, 18.397, -0.304) submaps=2 newly_finished_submap=0
1780796619.478 [SCAN_MATCH] success predict=(62.282,18.381,-0.348) matched=(62.281,18.367,-0.359) delta=(-0.001,-0.013,-0.011) ceres_iters=22 points=521
1780796619.478 [INSERT] skipped by motion filter pose=(62.281, 18.367, -0.359)
1780796619.831 [SCAN_MATCH] success predict=(62.451,18.332,-0.427) matched=(62.431,18.314,-0.414) delta=(-0.019,-0.019,0.013) ceres_iters=15 points=515
1780796619.834 [INSERT] inserted pose=(62.431, 18.314, -0.414) submaps=2 points=515
1780796619.834 [NODE] added node_id=281 local_pose=(62.431, 18.314, -0.414) submaps=2 newly_finished_submap=0
1780796620.361 [SCAN_MATCH] success predict=(62.583,18.278,-0.468) matched=(62.565,18.256,-0.467) delta=(-0.018,-0.022,0.001) ceres_iters=18 points=503
1780796620.361 [INSERT] skipped by motion filter pose=(62.565, 18.256, -0.467)
1780796620.792 [SCAN_MATCH] success predict=(62.710,18.209,-0.521) matched=(62.695,18.186,-0.521) delta=(-0.015,-0.022,-0.000) ceres_iters=17 points=502
1780796620.798 [INSERT] inserted pose=(62.695, 18.186, -0.521) submaps=2 points=502
1780796620.798 [NODE] added node_id=282 local_pose=(62.695, 18.186, -0.521) submaps=2 newly_finished_submap=0
1780796621.605 [SCAN_MATCH] success predict=(62.834,18.134,-0.578) matched=(62.822,18.111,-0.575) delta=(-0.012,-0.023,0.003) ceres_iters=28 points=492
1780796621.605 [INSERT] skipped by motion filter pose=(62.822, 18.111, -0.575)
1780796622.185 [SCAN_MATCH] success predict=(62.990,18.034,-0.641) matched=(62.972,18.009,-0.641) delta=(-0.018,-0.025,-0.000) ceres_iters=22 points=476
1780796622.188 [INSERT] inserted pose=(62.972, 18.009, -0.641) submaps=2 points=476
1780796622.188 [NODE] added node_id=283 local_pose=(62.972, 18.009, -0.641) submaps=2 newly_finished_submap=0
1780796622.458 [SCAN_MATCH] success predict=(63.080,17.953,-0.684) matched=(63.081,17.924,-0.694) delta=(0.001,-0.029,-0.010) ceres_iters=10 points=489
1780796622.458 [INSERT] skipped by motion filter pose=(63.081, 17.924, -0.694)
1780796622.860 [SCAN_MATCH] success predict=(63.238,17.830,-0.753) matched=(63.194,17.820,-0.743) delta=(-0.044,-0.010,0.010) ceres_iters=15 points=483
1780796622.863 [INSERT] inserted pose=(63.194, 17.820, -0.743) submaps=2 points=483
1780796622.863 [NODE] added node_id=284 local_pose=(63.194, 17.820, -0.743) submaps=2 newly_finished_submap=0
1780796623.467 [SCAN_MATCH] success predict=(63.269,17.770,-0.761) matched=(63.277,17.743,-0.764) delta=(0.008,-0.027,-0.003) ceres_iters=23 points=459
1780796623.467 [INSERT] skipped by motion filter pose=(63.277, 17.743, -0.764)
1780796623.730 [SCAN_MATCH] success predict=(63.431,17.647,-0.792) matched=(63.415,17.618,-0.794) delta=(-0.016,-0.029,-0.002) ceres_iters=10 points=475
1780796623.733 [INSERT] inserted pose=(63.415, 17.618, -0.794) submaps=2 points=475
1780796623.733 [NODE] added node_id=285 local_pose=(63.415, 17.618, -0.794) submaps=2 newly_finished_submap=0
1780796624.059 [SCAN_MATCH] success predict=(63.533,17.526,-0.814) matched=(63.518,17.505,-0.821) delta=(-0.015,-0.021,-0.006) ceres_iters=13 points=452
1780796624.059 [INSERT] skipped by motion filter pose=(63.518, 17.505, -0.821)
1780796624.288 [SCAN_MATCH] success predict=(63.661,17.381,-0.848) matched=(63.614,17.380,-0.846) delta=(-0.047,-0.002,0.003) ceres_iters=9 points=455
1780796624.290 [INSERT] inserted pose=(63.614, 17.380, -0.846) submaps=2 points=455
1780796624.290 [NODE] added node_id=286 local_pose=(63.614, 17.380, -0.846) submaps=2 newly_finished_submap=0
1780796624.792 [SCAN_MATCH] success predict=(63.707,17.303,-0.868) matched=(63.696,17.293,-0.868) delta=(-0.011,-0.010,-0.000) ceres_iters=23 points=442
1780796624.792 [INSERT] skipped by motion filter pose=(63.696, 17.293, -0.868)
1780796625.452 [SCAN_MATCH] success predict=(63.835,17.182,-0.902) matched=(63.801,17.172,-0.895) delta=(-0.034,-0.010,0.007) ceres_iters=28 points=425
1780796625.455 [INSERT] inserted pose=(63.801, 17.172, -0.895) submaps=2 points=425
1780796625.455 [NODE] added node_id=287 local_pose=(63.801, 17.172, -0.895) submaps=2 newly_finished_submap=0
1780796625.736 [SCAN_MATCH] success predict=(63.868,17.111,-0.913) matched=(63.877,17.080,-0.916) delta=(0.009,-0.031,-0.004) ceres_iters=12 points=413
1780796625.736 [INSERT] skipped by motion filter pose=(63.877, 17.080, -0.916)
1780796626.321 [SCAN_MATCH] success predict=(64.006,16.959,-0.940) matched=(63.979,16.944,-0.944) delta=(-0.027,-0.016,-0.004) ceres_iters=27 points=392
1780796626.324 [INSERT] inserted pose=(63.979, 16.944, -0.944) submaps=2 points=392
1780796626.324 [NODE] added node_id=288 local_pose=(63.979, 16.944, -0.944) submaps=2 newly_finished_submap=0
1780796626.432 [SCAN_MATCH] success predict=(64.089,16.836,-0.975) matched=(64.065,16.820,-0.970) delta=(-0.025,-0.015,0.005) ceres_iters=5 points=388
1780796626.433 [INSERT] skipped by motion filter pose=(64.065, 16.820, -0.970)
1780796626.596 [SCAN_MATCH] success predict=(64.171,16.712,-0.990) matched=(64.160,16.685,-0.998) delta=(-0.011,-0.026,-0.008) ceres_iters=8 points=365
1780796626.599 [INSERT] inserted pose=(64.160, 16.685, -0.998) submaps=2 points=365
1780796626.599 [NODE] added node_id=289 local_pose=(64.160, 16.685, -0.998) submaps=2 newly_finished_submap=0
1780796626.771 [SCAN_MATCH] success predict=(64.264,16.571,-1.014) matched=(64.232,16.563,-1.007) delta=(-0.032,-0.009,0.008) ceres_iters=12 points=350
1780796626.771 [INSERT] skipped by motion filter pose=(64.232, 16.563, -1.007)
1780796627.293 [SCAN_MATCH] success predict=(64.356,16.435,-1.014) matched=(64.326,16.420,-1.005) delta=(-0.030,-0.014,0.009) ceres_iters=29 points=326
1780796627.294 [INSERT] inserted pose=(64.326, 16.420, -1.005) submaps=2 points=326
1780796627.295 [NODE] added node_id=290 local_pose=(64.326, 16.420, -1.005) submaps=2 newly_finished_submap=0
1780796627.691 [SCAN_MATCH] success predict=(64.408,16.335,-1.001) matched=(64.387,16.320,-1.005) delta=(-0.021,-0.015,-0.004) ceres_iters=23 points=328
1780796627.691 [INSERT] skipped by motion filter pose=(64.387, 16.320, -1.005)
1780796627.957 [SCAN_MATCH] success predict=(64.487,16.199,-1.011) matched=(64.467,16.189,-1.006) delta=(-0.019,-0.010,0.006) ceres_iters=18 points=307
1780796627.958 [INSERT] inserted pose=(64.467, 16.189, -1.006) submaps=2 points=307
1780796627.959 [NODE] added node_id=291 local_pose=(64.467, 16.189, -1.006) submaps=2 newly_finished_submap=0
1780796628.192 [SCAN_MATCH] success predict=(64.549,16.104,-1.003) matched=(64.543,16.079,-1.003) delta=(-0.006,-0.024,0.000) ceres_iters=14 points=297
1780796628.192 [INSERT] skipped by motion filter pose=(64.543, 16.079, -1.003)
1780796628.408 [SCAN_MATCH] success predict=(64.667,15.949,-1.005) matched=(64.632,15.937,-1.005) delta=(-0.035,-0.012,0.000) ceres_iters=17 points=280
1780796628.410 [INSERT] inserted pose=(64.632, 15.937, -1.005) submaps=2 points=280
1780796628.410 [NODE] added node_id=292 local_pose=(64.632, 15.937, -1.005) submaps=2 newly_finished_submap=0
1780796628.606 [SCAN_MATCH] success predict=(64.717,15.847,-1.013) matched=(64.705,15.825,-1.003) delta=(-0.011,-0.022,0.010) ceres_iters=13 points=272
1780796628.606 [INSERT] skipped by motion filter pose=(64.705, 15.825, -1.003)
1780796628.763 [SCAN_MATCH] success predict=(64.825,15.699,-0.999) matched=(64.792,15.686,-1.005) delta=(-0.033,-0.012,-0.005) ceres_iters=14 points=260
1780796628.764 [INSERT] inserted pose=(64.792, 15.686, -1.005) submaps=2 points=260
1780796628.764 [NODE] added node_id=293 local_pose=(64.792, 15.686, -1.005) submaps=2 newly_finished_submap=0
1780796628.920 [SCAN_MATCH] success predict=(64.872,15.607,-1.002) matched=(64.865,15.580,-1.002) delta=(-0.007,-0.027,-0.001) ceres_iters=11 points=253
1780796628.920 [INSERT] skipped by motion filter pose=(64.865, 15.580, -1.002)
1780796629.131 [SCAN_MATCH] success predict=(64.985,15.448,-1.005) matched=(64.952,15.435,-1.004) delta=(-0.033,-0.013,0.000) ceres_iters=18 points=245
1780796629.133 [INSERT] inserted pose=(64.952, 15.435, -1.004) submaps=2 points=245
1780796629.133 [NODE] added node_id=294 local_pose=(64.952, 15.435, -1.004) submaps=2 newly_finished_submap=0
1780796629.282 [SCAN_MATCH] success predict=(65.033,15.349,-1.009) matched=(65.026,15.325,-1.002) delta=(-0.007,-0.024,0.008) ceres_iters=11 points=244
1780796629.282 [INSERT] skipped by motion filter pose=(65.026, 15.325, -1.002)
1780796629.485 [SCAN_MATCH] success predict=(65.142,15.198,-1.000) matched=(65.113,15.185,-1.003) delta=(-0.029,-0.013,-0.003) ceres_iters=19 points=231
1780796629.487 [INSERT] inserted pose=(65.113, 15.185, -1.003) submaps=2 points=231
1780796629.487 [NODE] added node_id=295 local_pose=(65.113, 15.185, -1.003) submaps=2 newly_finished_submap=0
1780796629.741 [SCAN_MATCH] success predict=(65.211,15.071,-0.988) matched=(65.193,15.059,-0.977) delta=(-0.018,-0.012,0.011) ceres_iters=23 points=224
1780796629.741 [INSERT] skipped by motion filter pose=(65.193, 15.059, -0.977)
1780796629.866 [SCAN_MATCH] success predict=(65.314,14.926,-0.957) matched=(65.282,14.923,-0.953) delta=(-0.032,-0.003,0.004) ceres_iters=13 points=226
1780796629.867 [INSERT] inserted pose=(65.282, 14.923, -0.953) submaps=2 points=226
1780796629.867 [NODE] added node_id=296 local_pose=(65.282, 14.923, -0.953) submaps=2 newly_finished_submap=0
1780796629.994 [SCAN_MATCH] success predict=(65.343,14.850,-0.928) matched=(65.360,14.848,-0.928) delta=(0.017,-0.002,-0.000) ceres_iters=10 points=226
1780796629.994 [INSERT] skipped by motion filter pose=(65.360, 14.848, -0.928)
1780796630.086 [SCAN_MATCH] success predict=(65.488,14.722,-0.895) matched=(65.477,14.697,-0.892) delta=(-0.011,-0.025,0.003) ceres_iters=7 points=230
1780796630.087 [INSERT] inserted pose=(65.477, 14.697, -0.892) submaps=2 points=230
1780796630.087 [NODE] added node_id=297 local_pose=(65.477, 14.697, -0.892) submaps=2 newly_finished_submap=0
1780796630.170 [SCAN_MATCH] success predict=(65.587,14.595,-0.861) matched=(65.574,14.582,-0.876) delta=(-0.013,-0.013,-0.014) ceres_iters=6 points=246
1780796630.170 [INSERT] skipped by motion filter pose=(65.574, 14.582, -0.876)
1780796630.421 [SCAN_MATCH] success predict=(65.684,14.483,-0.879) matched=(65.657,14.479,-0.876) delta=(-0.028,-0.004,0.002) ceres_iters=20 points=245
1780796630.423 [INSERT] inserted pose=(65.657, 14.479, -0.876) submaps=2 points=245
1780796630.423 [NODE] added node_id=298 local_pose=(65.657, 14.479, -0.876) submaps=2 newly_finished_submap=0
1780796630.803 [SCAN_MATCH] success predict=(65.748,14.406,-0.875) matched=(65.745,14.386,-0.874) delta=(-0.003,-0.020,0.001) ceres_iters=25 points=272
1780796630.803 [INSERT] skipped by motion filter pose=(65.745, 14.386, -0.874)
1780796630.925 [SCAN_MATCH] success predict=(65.883,14.268,-0.880) matched=(65.851,14.261,-0.884) delta=(-0.032,-0.008,-0.004) ceres_iters=11 points=277
1780796630.927 [INSERT] inserted pose=(65.851, 14.261, -0.884) submaps=2 points=277
1780796630.927 [NODE] added node_id=299 local_pose=(65.851, 14.261, -0.884) submaps=2 newly_finished_submap=1
1780796631.091 [SCAN_MATCH] success predict=(65.939,14.179,-0.903) matched=(65.936,14.157,-0.909) delta=(-0.003,-0.021,-0.006) ceres_iters=10 points=294
1780796631.091 [INSERT] skipped by motion filter pose=(65.936, 14.157, -0.909)
1780796631.272 [SCAN_MATCH] success predict=(66.065,14.036,-0.953) matched=(66.036,14.027,-0.935) delta=(-0.029,-0.010,0.018) ceres_iters=14 points=298
1780796631.274 [INSERT] inserted pose=(66.036, 14.027, -0.935) submaps=2 points=298
1780796631.274 [NODE] added node_id=300 local_pose=(66.036, 14.027, -0.935) submaps=2 newly_finished_submap=0
1780796631.524 [SCAN_MATCH] success predict=(66.123,13.951,-0.953) matched=(66.122,13.935,-0.960) delta=(-0.001,-0.016,-0.008) ceres_iters=18 points=289
1780796631.524 [INSERT] skipped by motion filter pose=(66.122, 13.935, -0.960)
1780796631.672 [SCAN_MATCH] success predict=(66.239,13.808,-0.983) matched=(66.217,13.796,-0.988) delta=(-0.022,-0.012,-0.006) ceres_iters=12 points=299
1780796631.674 [INSERT] inserted pose=(66.217, 13.796, -0.988) submaps=2 points=299
1780796631.674 [NODE] added node_id=301 local_pose=(66.217, 13.796, -0.988) submaps=2 newly_finished_submap=0
1780796631.827 [SCAN_MATCH] success predict=(66.296,13.705,-1.011) matched=(66.291,13.689,-1.012) delta=(-0.005,-0.016,-0.001) ceres_iters=12 points=309
1780796631.827 [INSERT] skipped by motion filter pose=(66.291, 13.689, -1.012)
1780796631.985 [SCAN_MATCH] success predict=(66.403,13.554,-1.039) matched=(66.379,13.547,-1.038) delta=(-0.024,-0.006,0.001) ceres_iters=12 points=318
1780796631.987 [INSERT] inserted pose=(66.379, 13.547, -1.038) submaps=2 points=318
1780796631.988 [NODE] added node_id=302 local_pose=(66.379, 13.547, -1.038) submaps=2 newly_finished_submap=0
1780796632.153 [SCAN_MATCH] success predict=(66.455,13.451,-1.058) matched=(66.446,13.434,-1.063) delta=(-0.008,-0.017,-0.005) ceres_iters=12 points=331
1780796632.153 [INSERT] skipped by motion filter pose=(66.446, 13.434, -1.063)
1780796632.378 [SCAN_MATCH] success predict=(66.558,13.290,-1.092) matched=(66.528,13.287,-1.089) delta=(-0.030,-0.003,0.003) ceres_iters=16 points=331
1780796632.380 [INSERT] inserted pose=(66.528, 13.287, -1.089) submaps=2 points=331
1780796632.381 [NODE] added node_id=303 local_pose=(66.528, 13.287, -1.089) submaps=2 newly_finished_submap=0
1780796632.569 [SCAN_MATCH] success predict=(66.597,13.185,-1.115) matched=(66.589,13.170,-1.114) delta=(-0.008,-0.015,0.001) ceres_iters=13 points=342
1780796632.569 [INSERT] skipped by motion filter pose=(66.589, 13.170, -1.114)
1780796632.741 [SCAN_MATCH] success predict=(66.690,13.018,-1.146) matched=(66.662,13.016,-1.139) delta=(-0.029,-0.001,0.007) ceres_iters=12 points=349
1780796632.745 [INSERT] inserted pose=(66.662, 13.016, -1.139) submaps=2 points=349
1780796632.745 [NODE] added node_id=304 local_pose=(66.662, 13.016, -1.139) submaps=2 newly_finished_submap=0
1780796632.933 [SCAN_MATCH] success predict=(66.726,12.923,-1.163) matched=(66.716,12.901,-1.165) delta=(-0.009,-0.022,-0.002) ceres_iters=13 points=341
1780796632.933 [INSERT] skipped by motion filter pose=(66.716, 12.901, -1.165)
1780796633.130 [SCAN_MATCH] success predict=(66.810,12.737,-1.198) matched=(66.783,12.739,-1.190) delta=(-0.028,0.001,0.008) ceres_iters=13 points=358
1780796633.132 [INSERT] inserted pose=(66.783, 12.739, -1.190) submaps=2 points=358
1780796633.132 [NODE] added node_id=305 local_pose=(66.783, 12.739, -1.190) submaps=2 newly_finished_submap=0
1780796633.308 [SCAN_MATCH] success predict=(66.856,12.615,-1.216) matched=(66.835,12.609,-1.215) delta=(-0.021,-0.005,0.001) ceres_iters=12 points=352
1780796633.308 [INSERT] skipped by motion filter pose=(66.835, 12.609, -1.215)
1780796633.487 [SCAN_MATCH] success predict=(66.906,12.468,-1.241) matched=(66.886,12.464,-1.241) delta=(-0.021,-0.003,-0.000) ceres_iters=12 points=347
1780796633.490 [INSERT] inserted pose=(66.886, 12.464, -1.241) submaps=2 points=347
1780796633.490 [NODE] added node_id=306 local_pose=(66.886, 12.464, -1.241) submaps=2 newly_finished_submap=0
1780796633.736 [SCAN_MATCH] success predict=(66.941,12.359,-1.253) matched=(66.929,12.337,-1.267) delta=(-0.012,-0.021,-0.014) ceres_iters=15 points=355
1780796633.736 [INSERT] skipped by motion filter pose=(66.929, 12.337, -1.267)
1780796633.964 [SCAN_MATCH] success predict=(67.007,12.175,-1.299) matched=(66.981,12.174,-1.291) delta=(-0.027,-0.001,0.008) ceres_iters=15 points=343
1780796633.966 [INSERT] inserted pose=(66.981, 12.174, -1.291) submaps=2 points=343
1780796633.967 [NODE] added node_id=307 local_pose=(66.981, 12.174, -1.291) submaps=2 newly_finished_submap=0
1780796634.298 [SCAN_MATCH] success predict=(67.031,12.066,-1.316) matched=(67.016,12.047,-1.318) delta=(-0.014,-0.019,-0.002) ceres_iters=20 points=341
1780796634.298 [INSERT] skipped by motion filter pose=(67.016, 12.047, -1.318)
1780796634.523 [SCAN_MATCH] success predict=(67.084,11.886,-1.334) matched=(67.059,11.885,-1.327) delta=(-0.025,-0.002,0.007) ceres_iters=15 points=340
1780796634.525 [INSERT] inserted pose=(67.059, 11.885, -1.327) submaps=2 points=340
1780796634.525 [NODE] added node_id=308 local_pose=(67.059, 11.885, -1.327) submaps=2 newly_finished_submap=0
1780796634.725 [SCAN_MATCH] success predict=(67.106,11.771,-1.323) matched=(67.091,11.754,-1.328) delta=(-0.014,-0.017,-0.005) ceres_iters=14 points=332
1780796634.726 [INSERT] skipped by motion filter pose=(67.091, 11.754, -1.328)
1780796634.914 [SCAN_MATCH] success predict=(67.161,11.586,-1.331) matched=(67.135,11.588,-1.326) delta=(-0.026,0.002,0.006) ceres_iters=13 points=341
1780796634.916 [INSERT] inserted pose=(67.135, 11.588, -1.326) submaps=2 points=341
1780796634.916 [NODE] added node_id=309 local_pose=(67.135, 11.588, -1.326) submaps=2 newly_finished_submap=0
1780796635.430 [SCAN_MATCH] success predict=(67.180,11.478,-1.324) matched=(67.166,11.463,-1.327) delta=(-0.014,-0.015,-0.004) ceres_iters=28 points=333
1780796635.430 [INSERT] skipped by motion filter pose=(67.166, 11.463, -1.327)
1780796635.617 [SCAN_MATCH] success predict=(67.233,11.288,-1.332) matched=(67.211,11.290,-1.324) delta=(-0.022,0.002,0.008) ceres_iters=13 points=341
1780796635.619 [INSERT] inserted pose=(67.211, 11.290, -1.324) submaps=2 points=341
1780796635.620 [NODE] added node_id=310 local_pose=(67.211, 11.290, -1.324) submaps=2 newly_finished_submap=0
1780796635.959 [SCAN_MATCH] success predict=(67.258,11.187,-1.326) matched=(67.243,11.169,-1.326) delta=(-0.015,-0.017,0.000) ceres_iters=18 points=340
1780796635.959 [INSERT] skipped by motion filter pose=(67.243, 11.169, -1.326)
1780796636.112 [SCAN_MATCH] success predict=(67.311,11.008,-1.329) matched=(67.288,11.005,-1.324) delta=(-0.024,-0.003,0.005) ceres_iters=11 points=347
1780796636.114 [INSERT] inserted pose=(67.288, 11.005, -1.324) submaps=2 points=347
1780796636.114 [NODE] added node_id=311 local_pose=(67.288, 11.005, -1.324) submaps=2 newly_finished_submap=0
1780796636.304 [SCAN_MATCH] success predict=(67.333,10.886,-1.320) matched=(67.320,10.872,-1.325) delta=(-0.013,-0.014,-0.005) ceres_iters=13 points=347
1780796636.304 [INSERT] skipped by motion filter pose=(67.320, 10.872, -1.325)
1780796636.459 [SCAN_MATCH] success predict=(67.388,10.710,-1.322) matched=(67.364,10.710,-1.323) delta=(-0.024,-0.000,-0.001) ceres_iters=11 points=355
1780796636.461 [INSERT] inserted pose=(67.364, 10.710, -1.323) submaps=2 points=355
1780796636.461 [NODE] added node_id=312 local_pose=(67.364, 10.710, -1.323) submaps=2 newly_finished_submap=0
1780796636.655 [SCAN_MATCH] success predict=(67.408,10.588,-1.340) matched=(67.395,10.577,-1.345) delta=(-0.013,-0.011,-0.005) ceres_iters=13 points=353
1780796636.655 [INSERT] skipped by motion filter pose=(67.395, 10.577, -1.345)
1780796636.851 [SCAN_MATCH] success predict=(67.457,10.417,-1.374) matched=(67.434,10.416,-1.368) delta=(-0.023,-0.001,0.006) ceres_iters=13 points=358
1780796636.853 [INSERT] inserted pose=(67.434, 10.416, -1.368) submaps=2 points=358
1780796636.853 [NODE] added node_id=313 local_pose=(67.434, 10.416, -1.368) submaps=2 newly_finished_submap=0
1780796637.055 [SCAN_MATCH] success predict=(67.475,10.298,-1.384) matched=(67.459,10.285,-1.396) delta=(-0.017,-0.013,-0.013) ceres_iters=13 points=363
1780796637.055 [INSERT] skipped by motion filter pose=(67.459, 10.285, -1.396)
1780796637.292 [SCAN_MATCH] success predict=(67.515,10.102,-1.426) matched=(67.490,10.109,-1.418) delta=(-0.025,0.007,0.008) ceres_iters=15 points=358
1780796637.295 [INSERT] inserted pose=(67.490, 10.109, -1.418) submaps=2 points=358
1780796637.295 [NODE] added node_id=314 local_pose=(67.490, 10.109, -1.418) submaps=2 newly_finished_submap=0
1780796637.495 [SCAN_MATCH] success predict=(67.523,9.991,-1.446) matched=(67.509,9.982,-1.446) delta=(-0.014,-0.009,-0.001) ceres_iters=13 points=364
1780796637.495 [INSERT] skipped by motion filter pose=(67.509, 9.982, -1.446)
1780796637.703 [SCAN_MATCH] success predict=(67.555,9.806,-1.471) matched=(67.532,9.811,-1.469) delta=(-0.023,0.005,0.002) ceres_iters=13 points=366
1780796637.706 [INSERT] inserted pose=(67.532, 9.811, -1.469) submaps=2 points=366
1780796637.706 [NODE] added node_id=315 local_pose=(67.532, 9.811, -1.469) submaps=2 newly_finished_submap=0
1780796637.992 [SCAN_MATCH] success predict=(67.561,9.703,-1.485) matched=(67.548,9.691,-1.499) delta=(-0.013,-0.013,-0.015) ceres_iters=17 points=380
1780796637.992 [INSERT] skipped by motion filter pose=(67.548, 9.691, -1.499)
1780796638.244 [SCAN_MATCH] success predict=(67.587,9.514,-1.535) matched=(67.562,9.516,-1.520) delta=(-0.025,0.002,0.015) ceres_iters=15 points=383
1780796638.248 [INSERT] inserted pose=(67.562, 9.516, -1.520) submaps=2 points=383
1780796638.248 [NODE] added node_id=316 local_pose=(67.562, 9.516, -1.520) submaps=2 newly_finished_submap=0
1780796638.532 [SCAN_MATCH] success predict=(67.583,9.421,-1.538) matched=(67.571,9.403,-1.553) delta=(-0.011,-0.018,-0.015) ceres_iters=17 points=390
1780796638.532 [INSERT] skipped by motion filter pose=(67.571, 9.403, -1.553)
1780796638.752 [SCAN_MATCH] success predict=(67.601,9.218,-1.584) matched=(67.576,9.218,-1.572) delta=(-0.025,0.000,0.013) ceres_iters=13 points=405
1780796638.755 [INSERT] inserted pose=(67.576, 9.218, -1.572) submaps=2 points=405
1780796638.755 [NODE] added node_id=317 local_pose=(67.576, 9.218, -1.572) submaps=2 newly_finished_submap=0
1780796639.019 [SCAN_MATCH] success predict=(67.593,9.093,-1.594) matched=(67.578,9.084,-1.600) delta=(-0.015,-0.009,-0.006) ceres_iters=15 points=403
1780796639.019 [INSERT] skipped by motion filter pose=(67.578, 9.084, -1.600)
1780796639.319 [SCAN_MATCH] success predict=(67.597,8.898,-1.631) matched=(67.573,8.908,-1.620) delta=(-0.024,0.010,0.011) ceres_iters=16 points=420
1780796639.322 [INSERT] inserted pose=(67.573, 8.908, -1.620) submaps=2 points=420
1780796639.322 [NODE] added node_id=318 local_pose=(67.573, 8.908, -1.620) submaps=2 newly_finished_submap=0
1780796639.557 [SCAN_MATCH] success predict=(67.584,8.781,-1.636) matched=(67.567,8.778,-1.649) delta=(-0.017,-0.004,-0.012) ceres_iters=13 points=427
1780796639.557 [INSERT] skipped by motion filter pose=(67.567, 8.778, -1.649)
1780796640.024 [SCAN_MATCH] success predict=(67.579,8.594,-1.681) matched=(67.554,8.604,-1.670) delta=(-0.024,0.011,0.011) ceres_iters=22 points=430
1780796640.027 [INSERT] inserted pose=(67.554, 8.604, -1.670) submaps=2 points=430
1780796640.027 [NODE] added node_id=319 local_pose=(67.554, 8.604, -1.670) submaps=2 newly_finished_submap=1
1780796640.238 [SCAN_MATCH] success predict=(67.559,8.483,-1.689) matched=(67.542,8.477,-1.699) delta=(-0.017,-0.006,-0.010) ceres_iters=12 points=429
1780796640.238 [INSERT] skipped by motion filter pose=(67.542, 8.477, -1.699)
1780796640.477 [SCAN_MATCH] success predict=(67.544,8.298,-1.729) matched=(67.521,8.305,-1.721) delta=(-0.023,0.008,0.008) ceres_iters=13 points=438
1780796640.480 [INSERT] inserted pose=(67.521, 8.305, -1.721) submaps=2 points=438
1780796640.480 [NODE] added node_id=320 local_pose=(67.521, 8.305, -1.721) submaps=2 newly_finished_submap=0
1780796640.870 [SCAN_MATCH] success predict=(67.520,8.189,-1.740) matched=(67.498,8.177,-1.749) delta=(-0.022,-0.012,-0.009) ceres_iters=19 points=439
1780796640.870 [INSERT] skipped by motion filter pose=(67.498, 8.177, -1.749)
1780796641.123 [SCAN_MATCH] success predict=(67.491,7.986,-1.781) matched=(67.468,7.995,-1.769) delta=(-0.023,0.009,0.012) ceres_iters=13 points=435
1780796641.126 [INSERT] inserted pose=(67.468, 7.995, -1.769) submaps=2 points=435
1780796641.126 [NODE] added node_id=321 local_pose=(67.468, 7.995, -1.769) submaps=2 newly_finished_submap=0
1780796641.411 [SCAN_MATCH] success predict=(67.460,7.862,-1.796) matched=(67.434,7.851,-1.806) delta=(-0.026,-0.011,-0.010) ceres_iters=14 points=445
1780796641.411 [INSERT] skipped by motion filter pose=(67.434, 7.851, -1.806)
1780796641.759 [SCAN_MATCH] success predict=(67.417,7.669,-1.833) matched=(67.398,7.683,-1.817) delta=(-0.019,0.014,0.016) ceres_iters=16 points=442
1780796641.763 [INSERT] inserted pose=(67.398, 7.683, -1.817) submaps=2 points=442
1780796641.763 [NODE] added node_id=322 local_pose=(67.398, 7.683, -1.817) submaps=2 newly_finished_submap=0
1780796642.045 [SCAN_MATCH] success predict=(67.384,7.571,-1.844) matched=(67.364,7.569,-1.849) delta=(-0.019,-0.003,-0.005) ceres_iters=14 points=439
1780796642.046 [INSERT] skipped by motion filter pose=(67.364, 7.569, -1.849)
1780796642.396 [SCAN_MATCH] success predict=(67.337,7.388,-1.885) matched=(67.320,7.397,-1.869) delta=(-0.018,0.009,0.017) ceres_iters=17 points=435
1780796642.399 [INSERT] inserted pose=(67.320, 7.397, -1.869) submaps=2 points=435
1780796642.399 [NODE] added node_id=323 local_pose=(67.320, 7.397, -1.869) submaps=2 newly_finished_submap=0
1780796642.625 [SCAN_MATCH] success predict=(67.292,7.260,-1.893) matched=(67.276,7.264,-1.896) delta=(-0.016,0.004,-0.003) ceres_iters=12 points=437
1780796642.625 [INSERT] skipped by motion filter pose=(67.276, 7.264, -1.896)
1780796642.896 [SCAN_MATCH] success predict=(67.244,7.109,-1.923) matched=(67.220,7.108,-1.930) delta=(-0.024,-0.001,-0.007) ceres_iters=14 points=427
1780796642.899 [INSERT] inserted pose=(67.220, 7.108, -1.930) submaps=2 points=427
1780796642.899 [NODE] added node_id=324 local_pose=(67.220, 7.108, -1.930) submaps=2 newly_finished_submap=0
1780796643.141 [SCAN_MATCH] success predict=(67.184,6.960,-1.954) matched=(67.171,6.968,-1.944) delta=(-0.013,0.008,0.011) ceres_iters=13 points=417
1780796643.142 [INSERT] skipped by motion filter pose=(67.171, 6.968, -1.944)
1780796643.354 [SCAN_MATCH] success predict=(67.132,6.819,-1.971) matched=(67.116,6.827,-1.969) delta=(-0.016,0.008,0.002) ceres_iters=12 points=408
1780796643.356 [INSERT] inserted pose=(67.116, 6.827, -1.969) submaps=2 points=408
1780796643.357 [NODE] added node_id=325 local_pose=(67.116, 6.827, -1.969) submaps=2 newly_finished_submap=0
1780796643.569 [SCAN_MATCH] success predict=(67.072,6.690,-2.003) matched=(67.050,6.689,-2.006) delta=(-0.022,-0.001,-0.003) ceres_iters=12 points=408
1780796643.569 [INSERT] skipped by motion filter pose=(67.050, 6.689, -2.006)
1780796643.826 [SCAN_MATCH] success predict=(67.004,6.539,-2.032) matched=(66.992,6.549,-2.019) delta=(-0.012,0.010,0.013) ceres_iters=14 points=405
1780796643.829 [INSERT] inserted pose=(66.992, 6.549, -2.019) submaps=2 points=405
1780796643.829 [NODE] added node_id=326 local_pose=(66.992, 6.549, -2.019) submaps=2 newly_finished_submap=0
1780796644.079 [SCAN_MATCH] success predict=(66.952,6.435,-2.038) matched=(66.931,6.434,-2.049) delta=(-0.021,-0.001,-0.011) ceres_iters=14 points=391
1780796644.079 [INSERT] skipped by motion filter pose=(66.931, 6.434, -2.049)
1780796644.470 [SCAN_MATCH] success predict=(66.867,6.249,-2.081) matched=(66.858,6.264,-2.065) delta=(-0.010,0.015,0.016) ceres_iters=18 points=373
1780796644.473 [INSERT] inserted pose=(66.858, 6.264, -2.065) submaps=2 points=373
1780796644.473 [NODE] added node_id=327 local_pose=(66.858, 6.264, -2.065) submaps=2 newly_finished_submap=0
1780796644.608 [SCAN_MATCH] success predict=(66.813,6.153,-2.092) matched=(66.791,6.152,-2.095) delta=(-0.022,-0.001,-0.003) ceres_iters=8 points=379
1780796644.608 [INSERT] skipped by motion filter pose=(66.791, 6.152, -2.095)
1780796644.861 [SCAN_MATCH] success predict=(66.716,5.985,-2.129) matched=(66.709,5.996,-2.115) delta=(-0.007,0.011,0.015) ceres_iters=15 points=365
1780796644.864 [INSERT] inserted pose=(66.709, 5.996, -2.115) submaps=2 points=365
1780796644.864 [NODE] added node_id=328 local_pose=(66.709, 5.996, -2.115) submaps=2 newly_finished_submap=0
1780796645.204 [SCAN_MATCH] success predict=(66.658,5.892,-2.139) matched=(66.637,5.889,-2.142) delta=(-0.020,-0.003,-0.004) ceres_iters=17 points=343
1780796645.205 [INSERT] skipped by motion filter pose=(66.637, 5.889, -2.142)
1780796645.720 [SCAN_MATCH] success predict=(66.555,5.753,-2.180) matched=(66.548,5.755,-2.167) delta=(-0.007,0.002,0.013) ceres_iters=28 points=331
1780796645.722 [INSERT] inserted pose=(66.548, 5.755, -2.167) submaps=2 points=331
1780796645.723 [NODE] added node_id=329 local_pose=(66.548, 5.755, -2.167) submaps=2 newly_finished_submap=0
1780796646.049 [SCAN_MATCH] success predict=(66.489,5.645,-2.186) matched=(66.470,5.641,-2.192) delta=(-0.019,-0.004,-0.006) ceres_iters=19 points=317
1780796646.049 [INSERT] skipped by motion filter pose=(66.470, 5.641, -2.192)
1780796646.516 [SCAN_MATCH] success predict=(66.379,5.481,-2.222) matched=(66.375,5.494,-2.214) delta=(-0.003,0.014,0.008) ceres_iters=27 points=295
1780796646.518 [INSERT] inserted pose=(66.375, 5.494, -2.214) submaps=2 points=295
1780796646.518 [NODE] added node_id=330 local_pose=(66.375, 5.494, -2.214) submaps=2 newly_finished_submap=0
1780796646.680 [SCAN_MATCH] success predict=(66.311,5.392,-2.240) matched=(66.291,5.390,-2.240) delta=(-0.020,-0.002,-0.001) ceres_iters=13 points=281
1780796646.681 [INSERT] skipped by motion filter pose=(66.291, 5.390, -2.240)
1780796646.792 [SCAN_MATCH] success predict=(66.193,5.233,-2.276) matched=(66.176,5.239,-2.270) delta=(-0.016,0.007,0.007) ceres_iters=11 points=241
1780796646.794 [INSERT] inserted pose=(66.176, 5.239, -2.270) submaps=2 points=241
1780796646.794 [NODE] added node_id=331 local_pose=(66.176, 5.239, -2.270) submaps=2 newly_finished_submap=0
1780796646.993 [SCAN_MATCH] success predict=(66.108,5.147,-2.290) matched=(66.099,5.150,-2.290) delta=(-0.009,0.003,-0.000) ceres_iters=18 points=217
1780796646.993 [INSERT] skipped by motion filter pose=(66.099, 5.150, -2.290)
1780796647.197 [SCAN_MATCH] success predict=(65.987,5.009,-2.325) matched=(65.990,5.026,-2.317) delta=(0.003,0.017,0.008) ceres_iters=17 points=202
1780796647.198 [INSERT] inserted pose=(65.990, 5.026, -2.317) submaps=2 points=202
1780796647.198 [NODE] added node_id=332 local_pose=(65.990, 5.026, -2.317) submaps=2 newly_finished_submap=0
1780796647.368 [SCAN_MATCH] success predict=(65.913,4.933,-2.331) matched=(65.900,4.932,-2.340) delta=(-0.013,-0.002,-0.009) ceres_iters=20 points=169
1780796647.368 [INSERT] skipped by motion filter pose=(65.900, 4.932, -2.340)
1780796647.613 [SCAN_MATCH] success predict=(65.762,4.761,-2.376) matched=(65.764,4.768,-2.379) delta=(0.002,0.007,-0.003) ceres_iters=27 points=154
1780796647.614 [INSERT] inserted pose=(65.764, 4.768, -2.379) submaps=2 points=154
1780796647.614 [NODE] added node_id=333 local_pose=(65.764, 4.768, -2.379) submaps=2 newly_finished_submap=0
1780796647.704 [SCAN_MATCH] success predict=(65.683,4.683,-2.404) matched=(65.676,4.690,-2.398) delta=(-0.008,0.007,0.006) ceres_iters=14 points=141
1780796647.704 [INSERT] skipped by motion filter pose=(65.676, 4.690, -2.398)
1780796647.785 [SCAN_MATCH] success predict=(65.572,4.583,-2.431) matched=(65.563,4.588,-2.424) delta=(-0.008,0.005,0.007) ceres_iters=15 points=121
1780796647.786 [INSERT] inserted pose=(65.563, 4.588, -2.424) submaps=2 points=121
1780796647.786 [NODE] added node_id=334 local_pose=(65.563, 4.588, -2.424) submaps=2 newly_finished_submap=0
1780796647.891 [SCAN_MATCH] success predict=(65.435,4.463,-2.451) matched=(65.434,4.470,-2.456) delta=(-0.001,0.007,-0.005) ceres_iters=20 points=101
1780796647.891 [INSERT] skipped by motion filter pose=(65.434, 4.470, -2.456)
1780796647.951 [SCAN_MATCH] success predict=(65.322,4.370,-2.481) matched=(65.318,4.377,-2.481) delta=(-0.004,0.008,-0.000) ceres_iters=16 points=86
1780796647.951 [INSERT] inserted pose=(65.318, 4.377, -2.481) submaps=2 points=86
1780796647.951 [NODE] added node_id=335 local_pose=(65.318, 4.377, -2.481) submaps=2 newly_finished_submap=0
1780796648.001 [SCAN_MATCH] success predict=(65.227,4.292,-2.502) matched=(65.210,4.302,-2.500) delta=(-0.017,0.010,0.002) ceres_iters=13 points=84
1780796648.001 [INSERT] skipped by motion filter pose=(65.210, 4.302, -2.500)
1780796648.047 [SCAN_MATCH] success predict=(65.092,4.211,-2.520) matched=(65.083,4.217,-2.526) delta=(-0.009,0.007,-0.006) ceres_iters=13 points=78
1780796648.048 [INSERT] inserted pose=(65.083, 4.217, -2.526) submaps=2 points=78
1780796648.048 [NODE] added node_id=336 local_pose=(65.083, 4.217, -2.526) submaps=2 newly_finished_submap=0
1780796648.101 [SCAN_MATCH] success predict=(64.966,4.116,-2.545) matched=(64.961,4.123,-2.556) delta=(-0.006,0.007,-0.010) ceres_iters=15 points=76
1780796648.101 [INSERT] skipped by motion filter pose=(64.961, 4.123, -2.556)
1780796648.155 [SCAN_MATCH] success predict=(64.818,4.011,-2.581) matched=(64.814,4.020,-2.589) delta=(-0.004,0.009,-0.007) ceres_iters=15 points=76
1780796648.156 [INSERT] inserted pose=(64.814, 4.020, -2.589) submaps=2 points=76
1780796648.156 [NODE] added node_id=337 local_pose=(64.814, 4.020, -2.589) submaps=2 newly_finished_submap=0
1780796648.199 [SCAN_MATCH] success predict=(64.743,3.964,-2.602) matched=(64.726,3.976,-2.602) delta=(-0.017,0.013,0.001) ceres_iters=13 points=72
1780796648.199 [INSERT] skipped by motion filter pose=(64.726, 3.976, -2.602)
1780796648.245 [SCAN_MATCH] success predict=(64.549,3.860,-2.645) matched=(64.551,3.866,-2.641) delta=(0.001,0.006,0.004) ceres_iters=14 points=69
1780796648.245 [INSERT] inserted pose=(64.551, 3.866, -2.641) submaps=2 points=69
1780796648.245 [NODE] added node_id=338 local_pose=(64.551, 3.866, -2.641) submaps=2 newly_finished_submap=0
1780796648.305 [SCAN_MATCH] success predict=(64.453,3.801,-2.661) matched=(64.435,3.814,-2.659) delta=(-0.018,0.013,0.002) ceres_iters=18 points=69
1780796648.305 [INSERT] skipped by motion filter pose=(64.435, 3.814, -2.659)
1780796648.353 [SCAN_MATCH] success predict=(64.310,3.738,-2.684) matched=(64.298,3.747,-2.684) delta=(-0.012,0.009,0.000) ceres_iters=15 points=68
1780796648.354 [INSERT] inserted pose=(64.298, 3.747, -2.684) submaps=2 points=68
1780796648.354 [NODE] added node_id=339 local_pose=(64.298, 3.747, -2.684) submaps=2 newly_finished_submap=1
1780796648.396 [SCAN_MATCH] success predict=(64.192,3.690,-2.699) matched=(64.180,3.697,-2.703) delta=(-0.012,0.007,-0.005) ceres_iters=13 points=69
1780796648.396 [INSERT] skipped by motion filter pose=(64.180, 3.697, -2.703)
1780796648.464 [SCAN_MATCH] success predict=(64.027,3.607,-2.735) matched=(64.029,3.612,-2.738) delta=(0.001,0.006,-0.003) ceres_iters=19 points=69
1780796648.465 [INSERT] inserted pose=(64.029, 3.612, -2.738) submaps=2 points=69
1780796648.465 [NODE] added node_id=340 local_pose=(64.029, 3.612, -2.738) submaps=2 newly_finished_submap=0
1780796648.534 [SCAN_MATCH] success predict=(63.877,3.524,-2.767) matched=(63.873,3.535,-2.769) delta=(-0.004,0.012,-0.002) ceres_iters=20 points=68
1780796648.534 [INSERT] skipped by motion filter pose=(63.873, 3.535, -2.769)
1780796648.585 [SCAN_MATCH] success predict=(63.764,3.481,-2.780) matched=(63.754,3.496,-2.788) delta=(-0.010,0.014,-0.008) ceres_iters=14 points=69
1780796648.585 [INSERT] inserted pose=(63.754, 3.496, -2.788) submaps=2 points=69
1780796648.585 [NODE] added node_id=341 local_pose=(63.754, 3.496, -2.788) submaps=2 newly_finished_submap=0
1780796648.635 [SCAN_MATCH] success predict=(63.645,3.437,-2.808) matched=(63.628,3.454,-2.810) delta=(-0.017,0.017,-0.002) ceres_iters=13 points=72
1780796648.635 [INSERT] skipped by motion filter pose=(63.628, 3.454, -2.810)
1780796648.713 [SCAN_MATCH] success predict=(63.468,3.382,-2.845) matched=(63.462,3.395,-2.842) delta=(-0.007,0.013,0.003) ceres_iters=19 points=72
1780796648.713 [INSERT] inserted pose=(63.462, 3.395, -2.842) submaps=2 points=72
1780796648.713 [NODE] added node_id=342 local_pose=(63.462, 3.395, -2.842) submaps=2 newly_finished_submap=0
1780796648.767 [SCAN_MATCH] success predict=(63.352,3.347,-2.859) matched=(63.337,3.362,-2.863) delta=(-0.014,0.015,-0.003) ceres_iters=16 points=72
1780796648.768 [INSERT] skipped by motion filter pose=(63.337, 3.362, -2.863)
1780796648.833 [SCAN_MATCH] success predict=(63.175,3.297,-2.892) matched=(63.168,3.310,-2.890) delta=(-0.007,0.013,0.002) ceres_iters=18 points=72
1780796648.833 [INSERT] inserted pose=(63.168, 3.310, -2.890) submaps=2 points=72
1780796648.833 [NODE] added node_id=343 local_pose=(63.168, 3.310, -2.890) submaps=2 newly_finished_submap=0
1780796648.914 [SCAN_MATCH] success predict=(62.969,3.233,-2.882) matched=(62.967,3.252,-2.898) delta=(-0.002,0.019,-0.016) ceres_iters=20 points=79
1780796648.915 [INSERT] inserted pose=(62.967, 3.252, -2.898) submaps=2 points=79
1780796648.915 [NODE] added node_id=344 local_pose=(62.967, 3.252, -2.898) submaps=2 newly_finished_submap=0
1780796648.997 [SCAN_MATCH] success predict=(62.853,3.207,-2.898) matched=(62.852,3.222,-2.899) delta=(-0.001,0.015,-0.001) ceres_iters=23 points=78
1780796648.998 [INSERT] skipped by motion filter pose=(62.852, 3.222, -2.899)
1780796649.057 [SCAN_MATCH] success predict=(62.709,3.171,-2.904) matched=(62.707,3.187,-2.899) delta=(-0.002,0.016,0.005) ceres_iters=15 points=82
1780796649.057 [INSERT] inserted pose=(62.707, 3.187, -2.899) submaps=2 points=82
1780796649.057 [NODE] added node_id=345 local_pose=(62.707, 3.187, -2.899) submaps=2 newly_finished_submap=0
1780796649.128 [SCAN_MATCH] success predict=(62.593,3.150,-2.901) matched=(62.585,3.161,-2.893) delta=(-0.008,0.011,0.008) ceres_iters=19 points=80
1780796649.128 [INSERT] skipped by motion filter pose=(62.585, 3.161, -2.893)
1780796649.213 [SCAN_MATCH] success predict=(62.418,3.094,-2.882) matched=(62.415,3.113,-2.900) delta=(-0.002,0.019,-0.018) ceres_iters=20 points=87
1780796649.214 [INSERT] inserted pose=(62.415, 3.113, -2.900) submaps=2 points=87
1780796649.214 [NODE] added node_id=346 local_pose=(62.415, 3.113, -2.900) submaps=2 newly_finished_submap=0
1780796649.283 [SCAN_MATCH] success predict=(62.302,3.067,-2.899) matched=(62.291,3.083,-2.894) delta=(-0.011,0.015,0.005) ceres_iters=17 points=87
1780796649.283 [INSERT] skipped by motion filter pose=(62.291, 3.083, -2.894)
1780796649.347 [SCAN_MATCH] success predict=(62.121,3.021,-2.892) matched=(62.121,3.040,-2.900) delta=(-0.000,0.019,-0.008) ceres_iters=16 points=97
1780796649.347 [INSERT] inserted pose=(62.121, 3.040, -2.900) submaps=2 points=97
1780796649.347 [NODE] added node_id=347 local_pose=(62.121, 3.040, -2.900) submaps=2 newly_finished_submap=0
1780796649.416 [SCAN_MATCH] success predict=(62.009,2.997,-2.905) matched=(61.996,3.010,-2.896) delta=(-0.013,0.013,0.009) ceres_iters=15 points=95
1780796649.416 [INSERT] skipped by motion filter pose=(61.996, 3.010, -2.896)
1780796649.476 [SCAN_MATCH] success predict=(61.886,2.972,-2.896) matched=(61.870,2.982,-2.890) delta=(-0.016,0.010,0.006) ceres_iters=13 points=101
1780796649.477 [INSERT] inserted pose=(61.870, 2.982, -2.890) submaps=2 points=101
1780796649.477 [NODE] added node_id=348 local_pose=(61.870, 2.982, -2.890) submaps=2 newly_finished_submap=0
1780796649.558 [SCAN_MATCH] success predict=(61.699,2.919,-2.887) matched=(61.701,2.934,-2.895) delta=(0.002,0.015,-0.008) ceres_iters=16 points=105
1780796649.558 [INSERT] skipped by motion filter pose=(61.701, 2.934, -2.895)
1780796649.617 [SCAN_MATCH] success predict=(61.559,2.876,-2.894) matched=(61.558,2.895,-2.895) delta=(-0.001,0.020,-0.001) ceres_iters=12 points=110
1780796649.617 [INSERT] inserted pose=(61.558, 2.895, -2.895) submaps=2 points=110
1780796649.618 [NODE] added node_id=349 local_pose=(61.558, 2.895, -2.895) submaps=2 newly_finished_submap=0
1780796649.692 [SCAN_MATCH] success predict=(61.419,2.839,-2.890) matched=(61.415,2.859,-2.894) delta=(-0.003,0.020,-0.004) ceres_iters=14 points=113
1780796649.692 [INSERT] skipped by motion filter pose=(61.415, 2.859, -2.894)
1780796649.755 [SCAN_MATCH] success predict=(61.275,2.806,-2.891) matched=(61.270,2.823,-2.894) delta=(-0.005,0.017,-0.003) ceres_iters=12 points=119
1780796649.756 [INSERT] inserted pose=(61.270, 2.823, -2.894) submaps=2 points=119
1780796649.756 [NODE] added node_id=350 local_pose=(61.270, 2.823, -2.894) submaps=2 newly_finished_submap=0
1780796649.830 [SCAN_MATCH] success predict=(61.108,2.755,-2.890) matched=(61.114,2.782,-2.894) delta=(0.007,0.027,-0.004) ceres_iters=13 points=125
1780796649.830 [INSERT] skipped by motion filter pose=(61.114, 2.782, -2.894)
1780796649.899 [SCAN_MATCH] success predict=(61.006,2.736,-2.898) matched=(60.993,2.752,-2.891) delta=(-0.013,0.016,0.007) ceres_iters=12 points=129
1780796649.902 [INSERT] inserted pose=(60.993, 2.752, -2.891) submaps=2 points=129
1780796649.902 [NODE] added node_id=351 local_pose=(60.993, 2.752, -2.891) submaps=2 newly_finished_submap=0
1780796649.984 [SCAN_MATCH] success predict=(60.825,2.686,-2.888) matched=(60.831,2.708,-2.893) delta=(0.005,0.022,-0.005) ceres_iters=13 points=138
1780796649.984 [INSERT] skipped by motion filter pose=(60.831, 2.708, -2.893)
1780796650.118 [SCAN_MATCH] success predict=(60.744,2.676,-2.896) matched=(60.719,2.682,-2.888) delta=(-0.025,0.006,0.009) ceres_iters=16 points=141
1780796650.119 [INSERT] inserted pose=(60.719, 2.682, -2.888) submaps=2 points=141
1780796650.119 [NODE] added node_id=352 local_pose=(60.719, 2.682, -2.888) submaps=2 newly_finished_submap=0
1780796650.221 [SCAN_MATCH] success predict=(60.554,2.620,-2.891) matched=(60.555,2.636,-2.889) delta=(0.000,0.016,0.001) ceres_iters=13 points=151
1780796650.221 [INSERT] skipped by motion filter pose=(60.555, 2.636, -2.889)
1780796650.325 [SCAN_MATCH] success predict=(60.443,2.595,-2.894) matched=(60.431,2.605,-2.886) delta=(-0.011,0.010,0.008) ceres_iters=14 points=154
1780796650.326 [INSERT] inserted pose=(60.431, 2.605, -2.886) submaps=2 points=154
1780796650.326 [NODE] added node_id=353 local_pose=(60.431, 2.605, -2.886) submaps=2 newly_finished_submap=0
1780796650.461 [SCAN_MATCH] success predict=(60.265,2.538,-2.878) matched=(60.269,2.559,-2.888) delta=(0.004,0.021,-0.010) ceres_iters=17 points=163
1780796650.461 [INSERT] skipped by motion filter pose=(60.269, 2.559, -2.888)
1780796650.559 [SCAN_MATCH] success predict=(60.157,2.515,-2.896) matched=(60.145,2.527,-2.901) delta=(-0.012,0.012,-0.005) ceres_iters=13 points=164
1780796650.561 [INSERT] inserted pose=(60.145, 2.527, -2.901) submaps=2 points=164
1780796650.561 [NODE] added node_id=354 local_pose=(60.145, 2.527, -2.901) submaps=2 newly_finished_submap=0
1780796650.691 [SCAN_MATCH] success predict=(59.976,2.464,-2.937) matched=(59.981,2.488,-2.928) delta=(0.005,0.024,0.008) ceres_iters=16 points=172
1780796650.691 [INSERT] skipped by motion filter pose=(59.981, 2.488, -2.928)
1780796650.792 [SCAN_MATCH] success predict=(59.869,2.451,-2.946) matched=(59.857,2.463,-2.952) delta=(-0.012,0.012,-0.006) ceres_iters=13 points=173
1780796650.793 [INSERT] inserted pose=(59.857, 2.463, -2.952) submaps=2 points=173
1780796650.793 [NODE] added node_id=355 local_pose=(59.857, 2.463, -2.952) submaps=2 newly_finished_submap=0
1780796650.922 [SCAN_MATCH] success predict=(59.685,2.409,-2.986) matched=(59.690,2.431,-2.980) delta=(0.005,0.022,0.006) ceres_iters=16 points=170
1780796650.922 [INSERT] skipped by motion filter pose=(59.690, 2.431, -2.980)
1780796651.011 [SCAN_MATCH] success predict=(59.571,2.399,-2.998) matched=(59.560,2.413,-3.004) delta=(-0.011,0.014,-0.007) ceres_iters=12 points=170
1780796651.012 [INSERT] inserted pose=(59.560, 2.413, -3.004) submaps=2 points=170
1780796651.012 [NODE] added node_id=356 local_pose=(59.560, 2.413, -3.004) submaps=2 newly_finished_submap=0
1780796651.091 [SCAN_MATCH] success predict=(59.384,2.366,-3.016) matched=(59.391,2.388,-3.011) delta=(0.006,0.022,0.006) ceres_iters=11 points=169
1780796651.091 [INSERT] skipped by motion filter pose=(59.391, 2.388, -3.011)
1780796651.198 [SCAN_MATCH] success predict=(59.280,2.359,-3.011) matched=(59.268,2.372,-3.010) delta=(-0.012,0.013,0.001) ceres_iters=13 points=184
1780796651.200 [INSERT] inserted pose=(59.268, 2.372, -3.010) submaps=2 points=184
1780796651.200 [NODE] added node_id=357 local_pose=(59.268, 2.372, -3.010) submaps=2 newly_finished_submap=0
1780796651.304 [SCAN_MATCH] success predict=(59.067,2.315,-3.007) matched=(59.080,2.345,-3.010) delta=(0.014,0.030,-0.004) ceres_iters=13 points=178
1780796651.304 [INSERT] skipped by motion filter pose=(59.080, 2.345, -3.010)
1780796651.411 [SCAN_MATCH] success predict=(58.962,2.314,-3.005) matched=(58.952,2.327,-3.011) delta=(-0.010,0.014,-0.005) ceres_iters=13 points=185
1780796651.412 [INSERT] inserted pose=(58.952, 2.327, -3.011) submaps=2 points=185
1780796651.412 [NODE] added node_id=358 local_pose=(58.952, 2.327, -3.011) submaps=2 newly_finished_submap=0
1780796651.509 [SCAN_MATCH] success predict=(58.804,2.286,-3.014) matched=(58.809,2.308,-3.010) delta=(0.005,0.022,0.003) ceres_iters=12 points=183
1780796651.509 [INSERT] skipped by motion filter pose=(58.809, 2.308, -3.010)
1780796651.610 [SCAN_MATCH] success predict=(58.635,2.259,-3.008) matched=(58.646,2.287,-3.009) delta=(0.011,0.028,-0.002) ceres_iters=12 points=192
1780796651.611 [INSERT] inserted pose=(58.646, 2.287, -3.009) submaps=2 points=192
1780796651.611 [NODE] added node_id=359 local_pose=(58.646, 2.287, -3.009) submaps=2 newly_finished_submap=1
1780796651.718 [SCAN_MATCH] success predict=(58.527,2.259,-3.010) matched=(58.523,2.271,-3.010) delta=(-0.005,0.012,0.001) ceres_iters=13 points=184
1780796651.718 [INSERT] skipped by motion filter pose=(58.523, 2.271, -3.010)
1780796651.889 [SCAN_MATCH] success predict=(58.408,2.240,-3.011) matched=(58.392,2.251,-3.011) delta=(-0.016,0.011,-0.000) ceres_iters=19 points=190
1780796651.891 [INSERT] inserted pose=(58.392, 2.251, -3.011) submaps=2 points=190
1780796651.891 [NODE] added node_id=360 local_pose=(58.392, 2.251, -3.011) submaps=2 newly_finished_submap=0
1780796651.980 [SCAN_MATCH] success predict=(58.215,2.209,-3.013) matched=(58.219,2.229,-3.010) delta=(0.003,0.020,0.003) ceres_iters=12 points=181
1780796651.980 [INSERT] skipped by motion filter pose=(58.219, 2.229, -3.010)
1780796652.096 [SCAN_MATCH] success predict=(58.103,2.199,-3.007) matched=(58.092,2.212,-3.010) delta=(-0.011,0.013,-0.003) ceres_iters=13 points=187
1780796652.098 [INSERT] inserted pose=(58.092, 2.212, -3.010) submaps=2 points=187
1780796652.098 [NODE] added node_id=361 local_pose=(58.092, 2.212, -3.010) submaps=2 newly_finished_submap=0
1780796652.243 [SCAN_MATCH] success predict=(57.911,2.164,-3.011) matched=(57.918,2.188,-3.010) delta=(0.007,0.024,0.001) ceres_iters=18 points=178
1780796652.243 [INSERT] skipped by motion filter pose=(57.918, 2.188, -3.010)
1780796652.345 [SCAN_MATCH] success predict=(57.806,2.159,-3.006) matched=(57.795,2.172,-3.010) delta=(-0.011,0.013,-0.005) ceres_iters=13 points=184
1780796652.347 [INSERT] inserted pose=(57.795, 2.172, -3.010) submaps=2 points=184
1780796652.347 [NODE] added node_id=362 local_pose=(57.795, 2.172, -3.010) submaps=2 newly_finished_submap=0
1780796652.436 [SCAN_MATCH] success predict=(57.626,2.123,-3.011) matched=(57.630,2.148,-3.010) delta=(0.004,0.025,0.001) ceres_iters=12 points=177
1780796652.436 [INSERT] skipped by motion filter pose=(57.630, 2.148, -3.010)
1780796652.532 [SCAN_MATCH] success predict=(57.512,2.117,-3.012) matched=(57.499,2.131,-3.011) delta=(-0.012,0.015,0.001) ceres_iters=12 points=189
1780796652.533 [INSERT] inserted pose=(57.499, 2.131, -3.011) submaps=2 points=189
1780796652.533 [NODE] added node_id=363 local_pose=(57.499, 2.131, -3.011) submaps=2 newly_finished_submap=0
1780796652.626 [SCAN_MATCH] success predict=(57.324,2.084,-3.006) matched=(57.331,2.108,-3.011) delta=(0.007,0.024,-0.004) ceres_iters=12 points=184
1780796652.626 [INSERT] skipped by motion filter pose=(57.331, 2.108, -3.011)
1780796652.724 [SCAN_MATCH] success predict=(57.215,2.079,-3.011) matched=(57.204,2.092,-3.012) delta=(-0.012,0.013,-0.000) ceres_iters=12 points=194
1780796652.725 [INSERT] inserted pose=(57.204, 2.092, -3.012) submaps=2 points=194
1780796652.725 [NODE] added node_id=364 local_pose=(57.204, 2.092, -3.012) submaps=2 newly_finished_submap=0
1780796652.838 [SCAN_MATCH] success predict=(57.030,2.046,-3.034) matched=(57.036,2.070,-3.036) delta=(0.007,0.024,-0.003) ceres_iters=14 points=184
1780796652.838 [INSERT] skipped by motion filter pose=(57.036, 2.070, -3.036)
1780796652.931 [SCAN_MATCH] success predict=(56.920,2.042,-3.051) matched=(56.907,2.059,-3.063) delta=(-0.013,0.017,-0.011) ceres_iters=12 points=185
1780796652.932 [INSERT] inserted pose=(56.907, 2.059, -3.063) submaps=2 points=185
1780796652.932 [NODE] added node_id=365 local_pose=(56.907, 2.059, -3.063) submaps=2 newly_finished_submap=0
1780796653.052 [SCAN_MATCH] success predict=(56.727,2.018,-3.090) matched=(56.736,2.046,-3.077) delta=(0.009,0.027,0.013) ceres_iters=15 points=179
1780796653.052 [INSERT] skipped by motion filter pose=(56.736, 2.046, -3.077)
1780796653.133 [SCAN_MATCH] success predict=(56.617,2.021,-3.077) matched=(56.605,2.039,-3.078) delta=(-0.013,0.018,-0.001) ceres_iters=11 points=181
1780796653.135 [INSERT] inserted pose=(56.605, 2.039, -3.078) submaps=2 points=181
1780796653.135 [NODE] added node_id=366 local_pose=(56.605, 2.039, -3.078) submaps=2 newly_finished_submap=0
1780796653.227 [SCAN_MATCH] success predict=(56.396,1.997,-3.076) matched=(56.405,2.025,-3.077) delta=(0.009,0.027,-0.001) ceres_iters=12 points=182
1780796653.227 [INSERT] skipped by motion filter pose=(56.405, 2.025, -3.077)
1780796653.329 [SCAN_MATCH] success predict=(56.287,2.000,-3.077) matched=(56.291,2.020,-3.078) delta=(0.004,0.020,-0.001) ceres_iters=13 points=182
1780796653.330 [INSERT] inserted pose=(56.291, 2.020, -3.078) submaps=2 points=182
1780796653.330 [NODE] added node_id=367 local_pose=(56.291, 2.020, -3.078) submaps=2 newly_finished_submap=0
1780796653.488 [SCAN_MATCH] success predict=(56.145,1.989,-3.078) matched=(56.128,2.008,-3.078) delta=(-0.017,0.019,0.000) ceres_iters=18 points=181
1780796653.488 [INSERT] skipped by motion filter pose=(56.128, 2.008, -3.078)
1780796653.597 [SCAN_MATCH] success predict=(55.986,1.975,-3.084) matched=(55.990,1.998,-3.078) delta=(0.004,0.024,0.006) ceres_iters=14 points=178
1780796653.599 [INSERT] inserted pose=(55.990, 1.998, -3.078) submaps=2 points=178
1780796653.599 [NODE] added node_id=368 local_pose=(55.990, 1.998, -3.078) submaps=2 newly_finished_submap=0
1780796653.708 [SCAN_MATCH] success predict=(55.811,1.959,-3.079) matched=(55.812,1.984,-3.077) delta=(0.001,0.025,0.001) ceres_iters=13 points=178
1780796653.708 [INSERT] skipped by motion filter pose=(55.812, 1.984, -3.077)
1780796653.867 [SCAN_MATCH] success predict=(55.722,1.967,-3.078) matched=(55.706,1.980,-3.078) delta=(-0.015,0.013,0.000) ceres_iters=18 points=176
1780796653.868 [INSERT] inserted pose=(55.706, 1.980, -3.078) submaps=2 points=176
1780796653.869 [NODE] added node_id=369 local_pose=(55.706, 1.980, -3.078) submaps=2 newly_finished_submap=0
1780796653.948 [SCAN_MATCH] success predict=(55.527,1.946,-3.078) matched=(55.537,1.967,-3.077) delta=(0.010,0.021,0.000) ceres_iters=11 points=176
1780796653.948 [INSERT] skipped by motion filter pose=(55.537, 1.967, -3.077)
1780796654.029 [SCAN_MATCH] success predict=(55.416,1.944,-3.082) matched=(55.406,1.960,-3.077) delta=(-0.010,0.015,0.004) ceres_iters=11 points=177
1780796654.030 [INSERT] inserted pose=(55.406, 1.960, -3.077) submaps=2 points=177
1780796654.030 [NODE] added node_id=370 local_pose=(55.406, 1.960, -3.077) submaps=2 newly_finished_submap=0
1780796654.110 [SCAN_MATCH] success predict=(55.228,1.926,-3.073) matched=(55.239,1.947,-3.077) delta=(0.010,0.021,-0.004) ceres_iters=11 points=178
1780796654.110 [INSERT] skipped by motion filter pose=(55.239, 1.947, -3.077)
1780796654.244 [SCAN_MATCH] success predict=(55.092,1.920,-3.085) matched=(55.095,1.939,-3.077) delta=(0.003,0.019,0.008) ceres_iters=17 points=178
1780796654.245 [INSERT] inserted pose=(55.095, 1.939, -3.077) submaps=2 points=178
1780796654.245 [NODE] added node_id=371 local_pose=(55.095, 1.939, -3.077) submaps=2 newly_finished_submap=0
1780796654.315 [SCAN_MATCH] success predict=(54.920,1.904,-3.077) matched=(54.918,1.926,-3.077) delta=(-0.002,0.022,0.000) ceres_iters=10 points=181
1780796654.315 [INSERT] skipped by motion filter pose=(54.918, 1.926, -3.077)
1780796654.406 [SCAN_MATCH] success predict=(54.803,1.904,-3.081) matched=(54.800,1.920,-3.077) delta=(-0.003,0.017,0.004) ceres_iters=12 points=181
1780796654.407 [INSERT] inserted pose=(54.800, 1.920, -3.077) submaps=2 points=181
1780796654.407 [NODE] added node_id=372 local_pose=(54.800, 1.920, -3.077) submaps=2 newly_finished_submap=0
1780796654.576 [SCAN_MATCH] success predict=(54.618,1.890,-3.075) matched=(54.634,1.909,-3.077) delta=(0.016,0.020,-0.003) ceres_iters=19 points=182
1780796654.576 [INSERT] skipped by motion filter pose=(54.634, 1.909, -3.077)
1780796654.743 [SCAN_MATCH] success predict=(54.477,1.881,-3.074) matched=(54.485,1.900,-3.077) delta=(0.009,0.019,-0.003) ceres_iters=19 points=182
1780796654.744 [INSERT] inserted pose=(54.485, 1.900, -3.077) submaps=2 points=182
1780796654.744 [NODE] added node_id=373 local_pose=(54.485, 1.900, -3.077) submaps=2 newly_finished_submap=0
1780796654.837 [SCAN_MATCH] success predict=(54.373,1.878,-3.070) matched=(54.358,1.892,-3.076) delta=(-0.016,0.013,-0.007) ceres_iters=9 points=180
1780796654.837 [INSERT] skipped by motion filter pose=(54.358, 1.892, -3.076)
1780796655.042 [SCAN_MATCH] success predict=(54.242,1.869,-3.083) matched=(54.216,1.883,-3.077) delta=(-0.026,0.014,0.006) ceres_iters=20 points=181
1780796655.043 [INSERT] inserted pose=(54.216, 1.883, -3.077) submaps=2 points=181
1780796655.043 [NODE] added node_id=374 local_pose=(54.216, 1.883, -3.077) submaps=2 newly_finished_submap=0
1780796655.121 [SCAN_MATCH] success predict=(54.038,1.850,-3.083) matched=(54.044,1.869,-3.076) delta=(0.007,0.019,0.007) ceres_iters=11 points=178
1780796655.122 [INSERT] skipped by motion filter pose=(54.044, 1.869, -3.076)
1780796655.411 [SCAN_MATCH] success predict=(53.927,1.847,-3.071) matched=(53.912,1.862,-3.076) delta=(-0.016,0.015,-0.005) ceres_iters=29 points=179
1780796655.412 [INSERT] inserted pose=(53.912, 1.862, -3.076) submaps=2 points=179
1780796655.412 [NODE] added node_id=375 local_pose=(53.912, 1.862, -3.076) submaps=2 newly_finished_submap=0
1780796655.512 [SCAN_MATCH] success predict=(53.701,1.820,-3.069) matched=(53.727,1.845,-3.076) delta=(0.026,0.025,-0.006) ceres_iters=10 points=177
1780796655.512 [INSERT] skipped by motion filter pose=(53.727, 1.845, -3.076)
1780796655.665 [SCAN_MATCH] success predict=(53.636,1.828,-3.077) matched=(53.617,1.841,-3.076) delta=(-0.019,0.013,0.001) ceres_iters=18 points=175
1780796655.666 [INSERT] inserted pose=(53.617, 1.841, -3.076) submaps=2 points=175
1780796655.666 [NODE] added node_id=376 local_pose=(53.617, 1.841, -3.076) submaps=2 newly_finished_submap=0
1780796655.828 [SCAN_MATCH] success predict=(53.438,1.805,-3.083) matched=(53.447,1.826,-3.075) delta=(0.008,0.021,0.008) ceres_iters=19 points=174
1780796655.828 [INSERT] skipped by motion filter pose=(53.447, 1.826, -3.075)
1780796655.906 [SCAN_MATCH] success predict=(53.303,1.800,-3.078) matched=(53.305,1.818,-3.074) delta=(0.002,0.018,0.004) ceres_iters=11 points=175
1780796655.907 [INSERT] inserted pose=(53.305, 1.818, -3.074) submaps=2 points=175
1780796655.907 [NODE] added node_id=377 local_pose=(53.305, 1.818, -3.074) submaps=2 newly_finished_submap=0
1780796655.992 [SCAN_MATCH] success predict=(53.161,1.788,-3.071) matched=(53.160,1.807,-3.074) delta=(-0.002,0.020,-0.003) ceres_iters=12 points=168
1780796655.992 [INSERT] skipped by motion filter pose=(53.160, 1.807, -3.074)
1780796656.141 [SCAN_MATCH] success predict=(53.041,1.783,-3.073) matched=(53.025,1.799,-3.074) delta=(-0.016,0.016,-0.001) ceres_iters=18 points=170
1780796656.142 [INSERT] inserted pose=(53.025, 1.799, -3.074) submaps=2 points=170
1780796656.142 [NODE] added node_id=378 local_pose=(53.025, 1.799, -3.074) submaps=2 newly_finished_submap=0
1780796656.224 [SCAN_MATCH] success predict=(52.854,1.768,-3.071) matched=(52.859,1.786,-3.074) delta=(0.005,0.019,-0.003) ceres_iters=12 points=165
1780796656.224 [INSERT] skipped by motion filter pose=(52.859, 1.786, -3.074)
1780796656.390 [SCAN_MATCH] success predict=(52.740,1.764,-3.077) matched=(52.730,1.778,-3.073) delta=(-0.010,0.014,0.004) ceres_iters=20 points=168
1780796656.391 [INSERT] inserted pose=(52.730, 1.778, -3.073) submaps=2 points=168
1780796656.391 [NODE] added node_id=379 local_pose=(52.730, 1.778, -3.073) submaps=2 newly_finished_submap=1
1780796656.465 [SCAN_MATCH] success predict=(52.554,1.746,-3.077) matched=(52.559,1.764,-3.073) delta=(0.005,0.018,0.004) ceres_iters=11 points=166
1780796656.466 [INSERT] skipped by motion filter pose=(52.559, 1.764, -3.073)
1780796656.623 [SCAN_MATCH] success predict=(52.447,1.741,-3.068) matched=(52.435,1.755,-3.073) delta=(-0.012,0.015,-0.005) ceres_iters=19 points=169
1780796656.624 [INSERT] inserted pose=(52.435, 1.755, -3.073) submaps=2 points=169
1780796656.624 [NODE] added node_id=380 local_pose=(52.435, 1.755, -3.073) submaps=2 newly_finished_submap=0
1780796656.711 [SCAN_MATCH] success predict=(52.249,1.722,-3.079) matched=(52.251,1.741,-3.072) delta=(0.002,0.019,0.007) ceres_iters=12 points=165
1780796656.711 [INSERT] skipped by motion filter pose=(52.251, 1.741, -3.072)
1780796656.972 [SCAN_MATCH] success predict=(52.099,1.712,-3.069) matched=(52.080,1.729,-3.072) delta=(-0.018,0.017,-0.003) ceres_iters=27 points=164
1780796656.973 [INSERT] inserted pose=(52.080, 1.729, -3.072) submaps=2 points=164
1780796656.973 [NODE] added node_id=381 local_pose=(52.080, 1.729, -3.072) submaps=2 newly_finished_submap=0
1780796657.067 [SCAN_MATCH] success predict=(51.805,1.675,-3.069) matched=(51.823,1.706,-3.074) delta=(0.018,0.031,-0.004) ceres_iters=10 points=163
1780796657.068 [INSERT] inserted pose=(51.823, 1.706, -3.074) submaps=2 points=163
1780796657.068 [NODE] added node_id=382 local_pose=(51.823, 1.706, -3.074) submaps=2 newly_finished_submap=0
1780796657.148 [SCAN_MATCH] success predict=(51.663,1.675,-3.071) matched=(51.658,1.694,-3.073) delta=(-0.005,0.018,-0.002) ceres_iters=12 points=159
1780796657.149 [INSERT] skipped by motion filter pose=(51.658, 1.694, -3.073)
1780796657.227 [SCAN_MATCH] success predict=(51.456,1.655,-3.079) matched=(51.452,1.678,-3.073) delta=(-0.004,0.022,0.006) ceres_iters=12 points=156
1780796657.228 [INSERT] inserted pose=(51.452, 1.678, -3.073) submaps=2 points=156
1780796657.228 [NODE] added node_id=383 local_pose=(51.452, 1.678, -3.073) submaps=2 newly_finished_submap=0
1780796657.336 [SCAN_MATCH] success predict=(51.297,1.648,-3.085) matched=(51.275,1.666,-3.078) delta=(-0.023,0.018,0.007) ceres_iters=13 points=146
1780796657.336 [INSERT] skipped by motion filter pose=(51.275, 1.666, -3.078)
1780796657.530 [SCAN_MATCH] success predict=(51.003,1.620,-3.077) matched=(51.018,1.647,-3.072) delta=(0.015,0.027,0.005) ceres_iters=24 points=145
1780796657.532 [INSERT] inserted pose=(51.018, 1.647, -3.072) submaps=2 points=145
1780796657.532 [NODE] added node_id=384 local_pose=(51.018, 1.647, -3.072) submaps=2 newly_finished_submap=0
1780796657.589 [SCAN_MATCH] success predict=(50.899,1.627,-3.079) matched=(50.881,1.638,-3.071) delta=(-0.017,0.011,0.008) ceres_iters=10 points=145
1780796657.589 [INSERT] skipped by motion filter pose=(50.881, 1.638, -3.071)
1780796657.669 [SCAN_MATCH] success predict=(50.650,1.599,-3.074) matched=(50.646,1.619,-3.071) delta=(-0.004,0.021,0.003) ceres_iters=13 points=142
1780796657.670 [INSERT] inserted pose=(50.646, 1.619, -3.071) submaps=2 points=142
1780796657.670 [NODE] added node_id=385 local_pose=(50.646, 1.619, -3.071) submaps=2 newly_finished_submap=0
1780796657.749 [SCAN_MATCH] success predict=(50.482,1.594,-3.075) matched=(50.470,1.607,-3.071) delta=(-0.013,0.014,0.004) ceres_iters=13 points=141
1780796657.749 [INSERT] skipped by motion filter pose=(50.470, 1.607, -3.071)
1780796657.818 [SCAN_MATCH] success predict=(50.233,1.568,-3.056) matched=(50.222,1.588,-3.070) delta=(-0.011,0.021,-0.015) ceres_iters=12 points=137
1780796657.819 [INSERT] inserted pose=(50.222, 1.588, -3.070) submaps=2 points=137
1780796657.819 [NODE] added node_id=386 local_pose=(50.222, 1.588, -3.070) submaps=2 newly_finished_submap=0
1780796657.944 [SCAN_MATCH] success predict=(50.068,1.561,-3.075) matched=(50.048,1.576,-3.072) delta=(-0.020,0.015,0.004) ceres_iters=19 points=133
1780796657.944 [INSERT] skipped by motion filter pose=(50.048, 1.576, -3.072)
1780796658.011 [SCAN_MATCH] success predict=(49.813,1.534,-3.073) matched=(49.825,1.559,-3.071) delta=(0.011,0.025,0.003) ceres_iters=12 points=132
1780796658.012 [INSERT] inserted pose=(49.825, 1.559, -3.071) submaps=2 points=132
1780796658.012 [NODE] added node_id=387 local_pose=(49.825, 1.559, -3.071) submaps=2 newly_finished_submap=0
1780796658.092 [SCAN_MATCH] success predict=(49.666,1.533,-3.072) matched=(49.658,1.549,-3.071) delta=(-0.009,0.015,0.001) ceres_iters=14 points=129
1780796658.092 [INSERT] skipped by motion filter pose=(49.658, 1.549, -3.071)
1780796658.149 [SCAN_MATCH] success predict=(49.420,1.509,-3.071) matched=(49.424,1.531,-3.070) delta=(0.004,0.022,0.000) ceres_iters=11 points=127
1780796658.149 [INSERT] inserted pose=(49.424, 1.531, -3.070) submaps=2 points=127
1780796658.149 [NODE] added node_id=388 local_pose=(49.424, 1.531, -3.070) submaps=2 newly_finished_submap=0
1780796658.267 [SCAN_MATCH] success predict=(49.256,1.503,-3.065) matched=(49.243,1.519,-3.070) delta=(-0.013,0.016,-0.005) ceres_iters=19 points=126
1780796658.267 [INSERT] skipped by motion filter pose=(49.243, 1.519, -3.070)
1780796658.336 [SCAN_MATCH] success predict=(49.011,1.479,-3.070) matched=(49.020,1.501,-3.070) delta=(0.008,0.022,0.000) ceres_iters=13 points=123
1780796658.337 [INSERT] inserted pose=(49.020, 1.501, -3.070) submaps=2 points=123
1780796658.337 [NODE] added node_id=389 local_pose=(49.020, 1.501, -3.070) submaps=2 newly_finished_submap=0
1780796658.452 [SCAN_MATCH] success predict=(48.858,1.475,-3.060) matched=(48.841,1.489,-3.069) delta=(-0.017,0.014,-0.009) ceres_iters=19 points=123
1780796658.452 [INSERT] skipped by motion filter pose=(48.841, 1.489, -3.069)
1780796658.516 [SCAN_MATCH] success predict=(48.608,1.446,-3.073) matched=(48.617,1.470,-3.069) delta=(0.010,0.024,0.004) ceres_iters=12 points=126
1780796658.517 [INSERT] inserted pose=(48.617, 1.470, -3.069) submaps=2 points=126
1780796658.517 [NODE] added node_id=390 local_pose=(48.617, 1.470, -3.069) submaps=2 newly_finished_submap=0
1780796658.612 [SCAN_MATCH] success predict=(48.465,1.444,-3.071) matched=(48.444,1.457,-3.068) delta=(-0.021,0.013,0.003) ceres_iters=13 points=128
1780796658.612 [INSERT] skipped by motion filter pose=(48.444, 1.457, -3.068)
1780796658.701 [SCAN_MATCH] success predict=(48.173,1.405,-3.057) matched=(48.178,1.432,-3.070) delta=(0.005,0.027,-0.013) ceres_iters=15 points=128
1780796658.702 [INSERT] inserted pose=(48.178, 1.432, -3.070) submaps=2 points=128
1780796658.702 [NODE] added node_id=391 local_pose=(48.178, 1.432, -3.070) submaps=2 newly_finished_submap=0
1780796658.826 [SCAN_MATCH] success predict=(48.065,1.411,-3.072) matched=(48.045,1.420,-3.058) delta=(-0.019,0.010,0.014) ceres_iters=16 points=126
1780796658.826 [INSERT] skipped by motion filter pose=(48.045, 1.420, -3.058)
1780796658.923 [SCAN_MATCH] success predict=(47.769,1.367,-3.048) matched=(47.772,1.391,-3.057) delta=(0.003,0.024,-0.009) ceres_iters=16 points=130
1780796658.924 [INSERT] inserted pose=(47.772, 1.391, -3.057) submaps=2 points=130
1780796658.924 [NODE] added node_id=392 local_pose=(47.772, 1.391, -3.057) submaps=2 newly_finished_submap=0
1780796658.984 [SCAN_MATCH] success predict=(47.570,1.351,-3.058) matched=(47.571,1.371,-3.056) delta=(0.001,0.020,0.002) ceres_iters=11 points=129
1780796658.985 [INSERT] inserted pose=(47.571, 1.371, -3.056) submaps=2 points=129
1780796658.985 [NODE] added node_id=393 local_pose=(47.571, 1.371, -3.056) submaps=2 newly_finished_submap=0
1780796659.072 [SCAN_MATCH] success predict=(47.420,1.342,-3.058) matched=(47.420,1.362,-3.067) delta=(-0.000,0.020,-0.009) ceres_iters=15 points=128
1780796659.072 [INSERT] skipped by motion filter pose=(47.420, 1.362, -3.067)
1780796659.159 [SCAN_MATCH] success predict=(47.262,1.334,-3.062) matched=(47.264,1.347,-3.058) delta=(0.002,0.013,0.004) ceres_iters=15 points=129
1780796659.160 [INSERT] inserted pose=(47.264, 1.347, -3.058) submaps=2 points=129
1780796659.160 [NODE] added node_id=394 local_pose=(47.264, 1.347, -3.058) submaps=2 newly_finished_submap=0
1780796659.238 [SCAN_MATCH] success predict=(47.027,1.299,-3.055) matched=(47.022,1.320,-3.047) delta=(-0.006,0.021,0.008) ceres_iters=14 points=128
1780796659.239 [INSERT] inserted pose=(47.022, 1.320, -3.047) submaps=2 points=128
1780796659.239 [NODE] added node_id=395 local_pose=(47.022, 1.320, -3.047) submaps=2 newly_finished_submap=0
1780796659.304 [SCAN_MATCH] success predict=(46.868,1.290,-3.057) matched=(46.867,1.305,-3.057) delta=(-0.002,0.015,0.000) ceres_iters=12 points=128
1780796659.304 [INSERT] skipped by motion filter pose=(46.867, 1.305, -3.057)
1780796659.368 [SCAN_MATCH] success predict=(46.627,1.262,-3.048) matched=(46.623,1.279,-3.046) delta=(-0.004,0.018,0.002) ceres_iters=12 points=128
1780796659.369 [INSERT] inserted pose=(46.623, 1.279, -3.046) submaps=2 points=128
1780796659.369 [NODE] added node_id=396 local_pose=(46.623, 1.279, -3.046) submaps=2 newly_finished_submap=0
1780796659.497 [SCAN_MATCH] success predict=(46.467,1.247,-3.042) matched=(46.443,1.261,-3.048) delta=(-0.024,0.014,-0.005) ceres_iters=21 points=128
1780796659.498 [INSERT] skipped by motion filter pose=(46.443, 1.261, -3.048)
1780796659.628 [SCAN_MATCH] success predict=(46.210,1.212,-3.059) matched=(46.217,1.236,-3.046) delta=(0.007,0.024,0.013) ceres_iters=23 points=129
1780796659.629 [INSERT] inserted pose=(46.217, 1.236, -3.046) submaps=2 points=129
1780796659.629 [NODE] added node_id=397 local_pose=(46.217, 1.236, -3.046) submaps=2 newly_finished_submap=0
1780796659.693 [SCAN_MATCH] success predict=(46.049,1.205,-3.045) matched=(46.032,1.219,-3.046) delta=(-0.017,0.014,-0.001) ceres_iters=12 points=129
1780796659.693 [INSERT] skipped by motion filter pose=(46.032, 1.219, -3.046)
1780796659.931 [SCAN_MATCH] success predict=(45.746,1.166,-3.043) matched=(45.764,1.189,-3.053) delta=(0.018,0.023,-0.010) ceres_iters=33 points=128
1780796659.932 [INSERT] inserted pose=(45.764, 1.189, -3.053) submaps=2 points=128
1780796659.932 [NODE] added node_id=398 local_pose=(45.764, 1.189, -3.053) submaps=2 newly_finished_submap=0
1780796660.004 [SCAN_MATCH] success predict=(45.643,1.164,-3.048) matched=(45.628,1.180,-3.045) delta=(-0.015,0.016,0.002) ceres_iters=13 points=129
1780796660.004 [INSERT] skipped by motion filter pose=(45.628, 1.180, -3.045)
1780796660.068 [SCAN_MATCH] success predict=(45.385,1.129,-3.048) matched=(45.379,1.150,-3.054) delta=(-0.006,0.021,-0.006) ceres_iters=12 points=126
1780796660.069 [INSERT] inserted pose=(45.379, 1.150, -3.054) submaps=2 points=126
1780796660.069 [NODE] added node_id=399 local_pose=(45.379, 1.150, -3.054) submaps=2 newly_finished_submap=1
1780796660.173 [SCAN_MATCH] success predict=(45.221,1.119,-3.052) matched=(45.216,1.139,-3.047) delta=(-0.005,0.020,0.005) ceres_iters=18 points=123
1780796660.173 [INSERT] skipped by motion filter pose=(45.216, 1.139, -3.047)
1780796660.264 [SCAN_MATCH] success predict=(44.980,1.088,-3.035) matched=(44.979,1.112,-3.054) delta=(-0.002,0.023,-0.019) ceres_iters=17 points=120
1780796660.266 [INSERT] inserted pose=(44.979, 1.112, -3.054) submaps=2 points=120
1780796660.266 [NODE] added node_id=400 local_pose=(44.979, 1.112, -3.054) submaps=2 newly_finished_submap=0
1780796660.446 [SCAN_MATCH] success predict=(44.822,1.081,-3.054) matched=(44.801,1.096,-3.053) delta=(-0.021,0.015,0.001) ceres_iters=27 points=121
1780796660.446 [INSERT] skipped by motion filter pose=(44.801, 1.096, -3.053)
1780796660.516 [SCAN_MATCH] success predict=(44.571,1.047,-3.061) matched=(44.575,1.073,-3.053) delta=(0.005,0.025,0.008) ceres_iters=13 points=124
1780796660.517 [INSERT] inserted pose=(44.575, 1.073, -3.053) submaps=2 points=124
1780796660.517 [NODE] added node_id=401 local_pose=(44.575, 1.073, -3.053) submaps=2 newly_finished_submap=0
1780796660.637 [SCAN_MATCH] success predict=(44.421,1.040,-3.063) matched=(44.399,1.057,-3.053) delta=(-0.021,0.017,0.010) ceres_iters=18 points=126
1780796660.637 [INSERT] skipped by motion filter pose=(44.399, 1.057, -3.053)
1780796660.726 [SCAN_MATCH] success predict=(44.166,1.013,-3.060) matched=(44.174,1.036,-3.053) delta=(0.008,0.023,0.007) ceres_iters=16 points=130
1780796660.727 [INSERT] inserted pose=(44.174, 1.036, -3.053) submaps=2 points=130
1780796660.727 [NODE] added node_id=402 local_pose=(44.174, 1.036, -3.053) submaps=2 newly_finished_submap=0
1780796660.806 [SCAN_MATCH] success predict=(44.014,1.010,-3.056) matched=(43.996,1.022,-3.052) delta=(-0.018,0.012,0.004) ceres_iters=13 points=132
1780796660.806 [INSERT] skipped by motion filter pose=(43.996, 1.022, -3.052)
1780796660.869 [SCAN_MATCH] success predict=(43.760,0.977,-3.050) matched=(43.770,0.999,-3.052) delta=(0.010,0.022,-0.002) ceres_iters=11 points=133
1780796660.870 [INSERT] inserted pose=(43.770, 0.999, -3.052) submaps=2 points=133
1780796660.870 [NODE] added node_id=403 local_pose=(43.770, 0.999, -3.052) submaps=2 newly_finished_submap=0
1780796661.003 [SCAN_MATCH] success predict=(43.612,0.968,-3.052) matched=(43.595,0.983,-3.051) delta=(-0.017,0.015,0.001) ceres_iters=19 points=134
1780796661.004 [INSERT] skipped by motion filter pose=(43.595, 0.983, -3.051)
1780796661.065 [SCAN_MATCH] success predict=(43.352,0.941,-3.055) matched=(43.364,0.961,-3.050) delta=(0.012,0.020,0.005) ceres_iters=11 points=130
1780796661.066 [INSERT] inserted pose=(43.364, 0.961, -3.050) submaps=2 points=130
1780796661.066 [NODE] added node_id=404 local_pose=(43.364, 0.961, -3.050) submaps=2 newly_finished_submap=0
1780796661.197 [SCAN_MATCH] success predict=(43.201,0.934,-3.047) matched=(43.187,0.946,-3.051) delta=(-0.014,0.012,-0.004) ceres_iters=19 points=129
1780796661.197 [INSERT] skipped by motion filter pose=(43.187, 0.946, -3.051)
1780796661.317 [SCAN_MATCH] success predict=(42.955,0.900,-3.043) matched=(42.963,0.922,-3.050) delta=(0.009,0.022,-0.007) ceres_iters=19 points=127
1780796661.318 [INSERT] inserted pose=(42.963, 0.922, -3.050) submaps=2 points=127
1780796661.318 [NODE] added node_id=405 local_pose=(42.963, 0.922, -3.050) submaps=2 newly_finished_submap=0
1780796661.432 [SCAN_MATCH] success predict=(42.807,0.894,-3.046) matched=(42.789,0.907,-3.051) delta=(-0.018,0.014,-0.004) ceres_iters=19 points=122
1780796661.432 [INSERT] skipped by motion filter pose=(42.789, 0.907, -3.051)
1780796661.506 [SCAN_MATCH] success predict=(42.554,0.863,-3.045) matched=(42.541,0.883,-3.051) delta=(-0.013,0.020,-0.006) ceres_iters=13 points=125
1780796661.508 [INSERT] inserted pose=(42.541, 0.883, -3.051) submaps=2 points=125
1780796661.508 [NODE] added node_id=406 local_pose=(42.541, 0.883, -3.051) submaps=2 newly_finished_submap=0
1780796661.575 [SCAN_MATCH] success predict=(42.385,0.853,-3.055) matched=(42.380,0.868,-3.050) delta=(-0.005,0.015,0.006) ceres_iters=12 points=126
1780796661.575 [INSERT] skipped by motion filter pose=(42.380, 0.868, -3.050)
1780796661.635 [SCAN_MATCH] success predict=(42.147,0.819,-3.044) matched=(42.162,0.843,-3.049) delta=(0.015,0.024,-0.005) ceres_iters=11 points=129
1780796661.636 [INSERT] inserted pose=(42.162, 0.843, -3.049) submaps=2 points=129
1780796661.636 [NODE] added node_id=407 local_pose=(42.162, 0.843, -3.049) submaps=2 newly_finished_submap=0
1780796661.706 [SCAN_MATCH] success predict=(42.005,0.810,-3.053) matched=(41.986,0.826,-3.049) delta=(-0.019,0.016,0.003) ceres_iters=12 points=131
1780796661.706 [INSERT] skipped by motion filter pose=(41.986, 0.826, -3.049)
1780796661.776 [SCAN_MATCH] success predict=(41.755,0.780,-3.043) matched=(41.741,0.802,-3.049) delta=(-0.014,0.022,-0.006) ceres_iters=12 points=131
1780796661.777 [INSERT] inserted pose=(41.741, 0.802, -3.049) submaps=2 points=131
1780796661.777 [NODE] added node_id=408 local_pose=(41.741, 0.802, -3.049) submaps=2 newly_finished_submap=0
1780796661.853 [SCAN_MATCH] success predict=(41.590,0.769,-3.044) matched=(41.582,0.787,-3.048) delta=(-0.008,0.018,-0.004) ceres_iters=13 points=129
1780796661.853 [INSERT] skipped by motion filter pose=(41.582, 0.787, -3.048)
1780796661.930 [SCAN_MATCH] success predict=(41.351,0.735,-3.051) matched=(41.367,0.762,-3.048) delta=(0.017,0.028,0.004) ceres_iters=13 points=130
1780796661.932 [INSERT] inserted pose=(41.367, 0.762, -3.048) submaps=2 points=130
1780796661.932 [NODE] added node_id=409 local_pose=(41.367, 0.762, -3.048) submaps=2 newly_finished_submap=0
1780796661.999 [SCAN_MATCH] success predict=(41.204,0.729,-3.048) matched=(41.189,0.745,-3.047) delta=(-0.015,0.016,0.001) ceres_iters=12 points=126
1780796661.999 [INSERT] skipped by motion filter pose=(41.189, 0.745, -3.047)
1780796662.082 [SCAN_MATCH] success predict=(40.961,0.698,-3.061) matched=(40.971,0.723,-3.047) delta=(0.010,0.025,0.014) ceres_iters=14 points=126
1780796662.083 [INSERT] inserted pose=(40.971, 0.723, -3.047) submaps=2 points=126
1780796662.083 [NODE] added node_id=410 local_pose=(40.971, 0.723, -3.047) submaps=2 newly_finished_submap=0
1780796662.158 [SCAN_MATCH] success predict=(40.770,0.685,-3.045) matched=(40.772,0.704,-3.047) delta=(0.002,0.019,-0.001) ceres_iters=13 points=126
1780796662.159 [INSERT] inserted pose=(40.772, 0.704, -3.047) submaps=2 points=126
1780796662.159 [NODE] added node_id=411 local_pose=(40.772, 0.704, -3.047) submaps=2 newly_finished_submap=0
1780796662.235 [SCAN_MATCH] success predict=(40.542,0.660,-3.050) matched=(40.539,0.681,-3.047) delta=(-0.003,0.021,0.003) ceres_iters=13 points=126
1780796662.236 [INSERT] inserted pose=(40.539, 0.681, -3.047) submaps=2 points=126
1780796662.236 [NODE] added node_id=412 local_pose=(40.539, 0.681, -3.047) submaps=2 newly_finished_submap=0
1780796662.480 [SCAN_MATCH] success predict=(40.335,0.643,-3.052) matched=(40.360,0.664,-3.047) delta=(0.025,0.020,0.005) ceres_iters=30 points=128
1780796662.480 [INSERT] skipped by motion filter pose=(40.360, 0.664, -3.047)
1780796662.542 [SCAN_MATCH] success predict=(40.203,0.636,-3.052) matched=(40.191,0.649,-3.047) delta=(-0.012,0.013,0.004) ceres_iters=11 points=132
1780796662.543 [INSERT] inserted pose=(40.191, 0.649, -3.047) submaps=2 points=132
1780796662.543 [NODE] added node_id=413 local_pose=(40.191, 0.649, -3.047) submaps=2 newly_finished_submap=0
1780796662.796 [SCAN_MATCH] success predict=(40.034,0.620,-3.055) matched=(40.008,0.631,-3.047) delta=(-0.026,0.011,0.008) ceres_iters=32 points=132
1780796662.796 [INSERT] skipped by motion filter pose=(40.008, 0.631, -3.047)
1780796662.858 [SCAN_MATCH] success predict=(39.760,0.589,-3.049) matched=(39.772,0.607,-3.046) delta=(0.012,0.018,0.003) ceres_iters=11 points=132
1780796662.859 [INSERT] inserted pose=(39.772, 0.607, -3.046) submaps=2 points=132
1780796662.859 [NODE] added node_id=414 local_pose=(39.772, 0.607, -3.046) submaps=2 newly_finished_submap=0
1780796662.928 [SCAN_MATCH] success predict=(39.619,0.581,-3.053) matched=(39.600,0.590,-3.046) delta=(-0.019,0.010,0.006) ceres_iters=12 points=131
1780796662.928 [INSERT] skipped by motion filter pose=(39.600, 0.590, -3.046)
1780796662.998 [SCAN_MATCH] success predict=(39.360,0.550,-3.040) matched=(39.372,0.567,-3.046) delta=(0.012,0.017,-0.007) ceres_iters=12 points=131
1780796662.999 [INSERT] inserted pose=(39.372, 0.567, -3.046) submaps=2 points=131
1780796662.999 [NODE] added node_id=415 local_pose=(39.372, 0.567, -3.046) submaps=2 newly_finished_submap=0
1780796663.076 [SCAN_MATCH] success predict=(39.207,0.538,-3.043) matched=(39.194,0.549,-3.047) delta=(-0.013,0.012,-0.004) ceres_iters=13 points=130
1780796663.076 [INSERT] skipped by motion filter pose=(39.194, 0.549, -3.047)
1780796663.144 [SCAN_MATCH] success predict=(38.956,0.507,-3.049) matched=(38.969,0.527,-3.047) delta=(0.013,0.020,0.002) ceres_iters=12 points=126
1780796663.144 [INSERT] inserted pose=(38.969, 0.527, -3.047) submaps=2 points=126
1780796663.144 [NODE] added node_id=416 local_pose=(38.969, 0.527, -3.047) submaps=2 newly_finished_submap=0
1780796663.279 [SCAN_MATCH] success predict=(38.807,0.499,-3.040) matched=(38.795,0.514,-3.036) delta=(-0.012,0.015,0.003) ceres_iters=19 points=120
1780796663.279 [INSERT] skipped by motion filter pose=(38.795, 0.514, -3.036)
1780796663.350 [SCAN_MATCH] success predict=(38.562,0.471,-3.048) matched=(38.569,0.488,-3.047) delta=(0.008,0.017,0.001) ceres_iters=13 points=119
1780796663.351 [INSERT] inserted pose=(38.569, 0.488, -3.047) submaps=2 points=119
1780796663.351 [NODE] added node_id=417 local_pose=(38.569, 0.488, -3.047) submaps=2 newly_finished_submap=0
1780796663.471 [SCAN_MATCH] success predict=(38.409,0.460,-3.046) matched=(38.393,0.471,-3.046) delta=(-0.016,0.011,0.000) ceres_iters=19 points=122
1780796663.471 [INSERT] skipped by motion filter pose=(38.393, 0.471, -3.046)
1780796663.536 [SCAN_MATCH] success predict=(38.161,0.432,-3.055) matched=(38.171,0.449,-3.047) delta=(0.009,0.017,0.008) ceres_iters=12 points=124
1780796663.537 [INSERT] inserted pose=(38.171, 0.449, -3.047) submaps=2 points=124
1780796663.537 [NODE] added node_id=418 local_pose=(38.171, 0.449, -3.047) submaps=2 newly_finished_submap=0
1780796663.660 [SCAN_MATCH] success predict=(38.010,0.426,-3.048) matched=(37.992,0.434,-3.046) delta=(-0.018,0.008,0.002) ceres_iters=19 points=127
1780796663.660 [INSERT] skipped by motion filter pose=(37.992, 0.434, -3.046)
1780796663.728 [SCAN_MATCH] success predict=(37.748,0.396,-3.047) matched=(37.762,0.411,-3.047) delta=(0.014,0.015,0.000) ceres_iters=12 points=128
1780796663.731 [INSERT] inserted pose=(37.762, 0.411, -3.047) submaps=2 points=128
1780796663.731 [NODE] added node_id=419 local_pose=(37.762, 0.411, -3.047) submaps=2 newly_finished_submap=1
1780796663.856 [SCAN_MATCH] success predict=(37.606,0.385,-3.044) matched=(37.589,0.395,-3.046) delta=(-0.017,0.010,-0.002) ceres_iters=19 points=128
1780796663.856 [INSERT] skipped by motion filter pose=(37.589, 0.395, -3.046)
1780796663.923 [SCAN_MATCH] success predict=(37.354,0.357,-3.044) matched=(37.363,0.373,-3.047) delta=(0.010,0.015,-0.003) ceres_iters=12 points=126
1780796663.924 [INSERT] inserted pose=(37.363, 0.373, -3.047) submaps=2 points=126
1780796663.924 [NODE] added node_id=420 local_pose=(37.363, 0.373, -3.047) submaps=2 newly_finished_submap=0
1780796664.043 [SCAN_MATCH] success predict=(37.207,0.345,-3.046) matched=(37.188,0.356,-3.046) delta=(-0.019,0.011,0.000) ceres_iters=19 points=122
1780796664.043 [INSERT] skipped by motion filter pose=(37.188, 0.356, -3.046)
1780796664.110 [SCAN_MATCH] success predict=(36.960,0.316,-3.041) matched=(36.969,0.333,-3.046) delta=(0.008,0.017,-0.005) ceres_iters=12 points=126
1780796664.111 [INSERT] inserted pose=(36.969, 0.333, -3.046) submaps=2 points=126
1780796664.111 [NODE] added node_id=421 local_pose=(36.969, 0.333, -3.046) submaps=2 newly_finished_submap=0
1780796664.235 [SCAN_MATCH] success predict=(36.807,0.306,-3.045) matched=(36.789,0.315,-3.045) delta=(-0.018,0.009,0.000) ceres_iters=19 points=127
1780796664.235 [INSERT] skipped by motion filter pose=(36.789, 0.315, -3.045)
1780796664.294 [SCAN_MATCH] success predict=(36.550,0.276,-3.047) matched=(36.563,0.293,-3.045) delta=(0.013,0.018,0.002) ceres_iters=11 points=125
1780796664.295 [INSERT] inserted pose=(36.563, 0.293, -3.045) submaps=2 points=125
1780796664.295 [NODE] added node_id=422 local_pose=(36.563, 0.293, -3.045) submaps=2 newly_finished_submap=0
1780796664.404 [SCAN_MATCH] success predict=(36.410,0.267,-3.042) matched=(36.390,0.275,-3.044) delta=(-0.020,0.008,-0.002) ceres_iters=18 points=123
1780796664.404 [INSERT] skipped by motion filter pose=(36.390, 0.275, -3.044)
1780796664.460 [SCAN_MATCH] success predict=(36.155,0.236,-3.039) matched=(36.166,0.253,-3.045) delta=(0.011,0.017,-0.006) ceres_iters=11 points=120
1780796664.461 [INSERT] inserted pose=(36.166, 0.253, -3.045) submaps=2 points=120
1780796664.461 [NODE] added node_id=423 local_pose=(36.166, 0.253, -3.045) submaps=2 newly_finished_submap=0
1780796664.523 [SCAN_MATCH] success predict=(35.979,0.218,-3.042) matched=(35.973,0.233,-3.044) delta=(-0.006,0.015,-0.002) ceres_iters=12 points=117
1780796664.523 [INSERT] skipped by motion filter pose=(35.973, 0.233, -3.044)
1780796664.591 [SCAN_MATCH] success predict=(35.773,0.198,-3.054) matched=(35.770,0.214,-3.045) delta=(-0.003,0.015,0.009) ceres_iters=13 points=114
1780796664.592 [INSERT] inserted pose=(35.770, 0.214, -3.045) submaps=2 points=114
1780796664.592 [NODE] added node_id=424 local_pose=(35.770, 0.214, -3.045) submaps=2 newly_finished_submap=0
1780796664.645 [SCAN_MATCH] success predict=(35.616,0.187,-3.042) matched=(35.592,0.196,-3.042) delta=(-0.024,0.009,-0.000) ceres_iters=11 points=112
1780796664.645 [INSERT] skipped by motion filter pose=(35.592, 0.196, -3.042)
1780796664.697 [SCAN_MATCH] success predict=(35.350,0.155,-3.041) matched=(35.362,0.173,-3.045) delta=(0.012,0.018,-0.005) ceres_iters=11 points=110
1780796664.697 [INSERT] inserted pose=(35.362, 0.173, -3.045) submaps=2 points=110
1780796664.697 [NODE] added node_id=425 local_pose=(35.362, 0.173, -3.045) submaps=2 newly_finished_submap=0
1780796664.798 [SCAN_MATCH] success predict=(35.205,0.148,-3.045) matched=(35.188,0.152,-3.034) delta=(-0.017,0.004,0.012) ceres_iters=14 points=105
1780796664.798 [INSERT] skipped by motion filter pose=(35.188, 0.152, -3.034)
1780796664.875 [SCAN_MATCH] success predict=(34.954,0.109,-3.031) matched=(34.967,0.131,-3.045) delta=(0.012,0.022,-0.014) ceres_iters=15 points=101
1780796664.876 [INSERT] inserted pose=(34.967, 0.131, -3.045) submaps=2 points=101
1780796664.876 [NODE] added node_id=426 local_pose=(34.967, 0.131, -3.045) submaps=2 newly_finished_submap=0
1780796664.934 [SCAN_MATCH] success predict=(34.812,0.101,-3.050) matched=(34.790,0.113,-3.043) delta=(-0.021,0.013,0.008) ceres_iters=13 points=96
1780796664.934 [INSERT] skipped by motion filter pose=(34.790, 0.113, -3.043)
1780796665.008 [SCAN_MATCH] success predict=(34.558,0.073,-3.035) matched=(34.569,0.091,-3.045) delta=(0.010,0.018,-0.010) ceres_iters=17 points=95
1780796665.009 [INSERT] inserted pose=(34.569, 0.091, -3.045) submaps=2 points=95
1780796665.009 [NODE] added node_id=427 local_pose=(34.569, 0.091, -3.045) submaps=2 newly_finished_submap=0
1780796665.065 [SCAN_MATCH] success predict=(34.407,0.063,-3.053) matched=(34.392,0.073,-3.042) delta=(-0.015,0.011,0.011) ceres_iters=13 points=94
1780796665.065 [INSERT] skipped by motion filter pose=(34.392, 0.073, -3.042)
1780796665.116 [SCAN_MATCH] success predict=(34.150,0.033,-3.043) matched=(34.166,0.051,-3.046) delta=(0.016,0.018,-0.003) ceres_iters=12 points=94
1780796665.116 [INSERT] inserted pose=(34.166, 0.051, -3.046) submaps=2 points=94
1780796665.116 [NODE] added node_id=428 local_pose=(34.166, 0.051, -3.046) submaps=2 newly_finished_submap=0
1780796665.172 [SCAN_MATCH] success predict=(34.005,0.025,-3.043) matched=(33.994,0.034,-3.042) delta=(-0.011,0.010,0.001) ceres_iters=13 points=93
1780796665.172 [INSERT] skipped by motion filter pose=(33.994, 0.034, -3.042)
1780796665.223 [SCAN_MATCH] success predict=(33.755,-0.005,-3.042) matched=(33.765,0.011,-3.048) delta=(0.010,0.016,-0.005) ceres_iters=13 points=86
1780796665.224 [INSERT] inserted pose=(33.765, 0.011, -3.048) submaps=2 points=86
1780796665.224 [NODE] added node_id=429 local_pose=(33.765, 0.011, -3.048) submaps=2 newly_finished_submap=0
1780796665.288 [SCAN_MATCH] success predict=(33.605,-0.016,-3.058) matched=(33.594,-0.004,-3.042) delta=(-0.011,0.011,0.016) ceres_iters=15 points=86
1780796665.288 [INSERT] skipped by motion filter pose=(33.594, -0.004, -3.042)
1780796665.341 [SCAN_MATCH] success predict=(33.358,-0.041,-3.046) matched=(33.363,-0.028,-3.049) delta=(0.005,0.013,-0.003) ceres_iters=14 points=81
1780796665.342 [INSERT] inserted pose=(33.363, -0.028, -3.049) submaps=2 points=81
1780796665.342 [NODE] added node_id=430 local_pose=(33.363, -0.028, -3.049) submaps=2 newly_finished_submap=0
1780796665.409 [SCAN_MATCH] success predict=(33.205,-0.055,-3.046) matched=(33.196,-0.043,-3.041) delta=(-0.009,0.012,0.005) ceres_iters=18 points=79
1780796665.409 [INSERT] skipped by motion filter pose=(33.196, -0.043, -3.041)
1780796665.459 [SCAN_MATCH] success predict=(32.964,-0.085,-3.031) matched=(32.966,-0.069,-3.048) delta=(0.002,0.016,-0.017) ceres_iters=14 points=76
1780796665.459 [INSERT] inserted pose=(32.966, -0.069, -3.048) submaps=2 points=76
1780796665.459 [NODE] added node_id=431 local_pose=(32.966, -0.069, -3.048) submaps=2 newly_finished_submap=0
1780796665.531 [SCAN_MATCH] success predict=(32.803,-0.099,-3.042) matched=(32.793,-0.084,-3.042) delta=(-0.010,0.016,-0.001) ceres_iters=19 points=76
1780796665.531 [INSERT] skipped by motion filter pose=(32.793, -0.084, -3.042)
1780796665.593 [SCAN_MATCH] success predict=(32.565,-0.127,-3.043) matched=(32.565,-0.109,-3.049) delta=(0.001,0.018,-0.006) ceres_iters=14 points=95
1780796665.593 [INSERT] inserted pose=(32.565, -0.109, -3.049) submaps=2 points=95
1780796665.593 [NODE] added node_id=432 local_pose=(32.565, -0.109, -3.049) submaps=2 newly_finished_submap=0
1780796665.667 [SCAN_MATCH] success predict=(32.401,-0.137,-3.062) matched=(32.383,-0.126,-3.045) delta=(-0.018,0.011,0.017) ceres_iters=15 points=103
1780796665.667 [INSERT] skipped by motion filter pose=(32.383, -0.126, -3.045)
1780796665.743 [SCAN_MATCH] success predict=(32.155,-0.168,-3.047) matched=(32.163,-0.152,-3.049) delta=(0.008,0.016,-0.002) ceres_iters=13 points=130
1780796665.744 [INSERT] inserted pose=(32.163, -0.152, -3.049) submaps=2 points=130
1780796665.744 [NODE] added node_id=433 local_pose=(32.163, -0.152, -3.049) submaps=2 newly_finished_submap=0
1780796665.824 [SCAN_MATCH] success predict=(31.932,-0.190,-3.044) matched=(31.955,-0.175,-3.051) delta=(0.023,0.015,-0.007) ceres_iters=12 points=151
1780796665.825 [INSERT] inserted pose=(31.955, -0.175, -3.051) submaps=2 points=151
1780796665.825 [NODE] added node_id=434 local_pose=(31.955, -0.175, -3.051) submaps=2 newly_finished_submap=0
1780796665.940 [SCAN_MATCH] success predict=(31.794,-0.203,-3.058) matched=(31.771,-0.193,-3.049) delta=(-0.023,0.010,0.009) ceres_iters=15 points=163
1780796665.940 [INSERT] skipped by motion filter pose=(31.771, -0.193, -3.049)
1780796666.043 [SCAN_MATCH] success predict=(31.530,-0.231,-3.045) matched=(31.551,-0.215,-3.051) delta=(0.021,0.016,-0.006) ceres_iters=13 points=175
1780796666.044 [INSERT] inserted pose=(31.551, -0.215, -3.051) submaps=2 points=175
1780796666.045 [NODE] added node_id=435 local_pose=(31.551, -0.215, -3.051) submaps=2 newly_finished_submap=0
1780796666.152 [SCAN_MATCH] success predict=(31.395,-0.241,-3.061) matched=(31.367,-0.233,-3.049) delta=(-0.028,0.008,0.012) ceres_iters=13 points=184
1780796666.153 [INSERT] skipped by motion filter pose=(31.367, -0.233, -3.049)
1780796666.262 [SCAN_MATCH] success predict=(31.206,-0.258,-3.052) matched=(31.171,-0.251,-3.049) delta=(-0.034,0.007,0.003) ceres_iters=13 points=188
1780796666.264 [INSERT] inserted pose=(31.171, -0.251, -3.049) submaps=2 points=188
1780796666.264 [NODE] added node_id=436 local_pose=(31.171, -0.251, -3.049) submaps=2 newly_finished_submap=0
1780796666.386 [SCAN_MATCH] success predict=(30.942,-0.286,-3.052) matched=(30.962,-0.273,-3.050) delta=(0.020,0.013,0.002) ceres_iters=13 points=188
1780796666.388 [INSERT] inserted pose=(30.962, -0.273, -3.050) submaps=2 points=188
1780796666.388 [NODE] added node_id=437 local_pose=(30.962, -0.273, -3.050) submaps=2 newly_finished_submap=0
1780796666.482 [SCAN_MATCH] success predict=(30.805,-0.295,-3.048) matched=(30.777,-0.290,-3.049) delta=(-0.028,0.006,-0.001) ceres_iters=11 points=193
1780796666.482 [INSERT] skipped by motion filter pose=(30.777, -0.290, -3.049)
1780796666.609 [SCAN_MATCH] success predict=(30.543,-0.326,-3.039) matched=(30.559,-0.312,-3.050) delta=(0.016,0.013,-0.011) ceres_iters=14 points=191
1780796666.611 [INSERT] inserted pose=(30.559, -0.312, -3.050) submaps=2 points=191
1780796666.611 [NODE] added node_id=438 local_pose=(30.559, -0.312, -3.050) submaps=2 newly_finished_submap=0
1780796666.692 [SCAN_MATCH] success predict=(30.401,-0.336,-3.052) matched=(30.375,-0.329,-3.051) delta=(-0.025,0.007,0.001) ceres_iters=10 points=194
1780796666.692 [INSERT] skipped by motion filter pose=(30.375, -0.329, -3.051)
1780796666.793 [SCAN_MATCH] success predict=(30.132,-0.367,-3.046) matched=(30.159,-0.351,-3.051) delta=(0.027,0.016,-0.005) ceres_iters=12 points=192
1780796666.795 [INSERT] inserted pose=(30.159, -0.351, -3.051) submaps=2 points=192
1780796666.795 [NODE] added node_id=439 local_pose=(30.159, -0.351, -3.051) submaps=2 newly_finished_submap=1
1780796666.907 [SCAN_MATCH] success predict=(29.965,-0.383,-3.042) matched=(29.966,-0.370,-3.051) delta=(0.001,0.013,-0.009) ceres_iters=13 points=191
1780796666.908 [INSERT] skipped by motion filter pose=(29.966, -0.370, -3.051)
1780796666.998 [SCAN_MATCH] success predict=(29.727,-0.412,-3.048) matched=(29.759,-0.394,-3.051) delta=(0.031,0.018,-0.003) ceres_iters=11 points=192
1780796667.000 [INSERT] inserted pose=(29.759, -0.394, -3.051) submaps=2 points=192
1780796667.000 [NODE] added node_id=440 local_pose=(29.759, -0.394, -3.051) submaps=2 newly_finished_submap=0
1780796667.155 [SCAN_MATCH] success predict=(29.567,-0.428,-3.046) matched=(29.567,-0.413,-3.050) delta=(0.000,0.014,-0.004) ceres_iters=17 points=188
1780796667.155 [INSERT] skipped by motion filter pose=(29.567, -0.413, -3.050)
1780796667.445 [SCAN_MATCH] success predict=(29.413,-0.443,-3.053) matched=(29.349,-0.434,-3.049) delta=(-0.064,0.009,0.003) ceres_iters=27 points=183
1780796667.447 [INSERT] inserted pose=(29.349, -0.434, -3.049) submaps=2 points=183
1780796667.447 [NODE] added node_id=441 local_pose=(29.349, -0.434, -3.049) submaps=2 newly_finished_submap=0
1780796667.447 [LOOP] candidate loop submap_id=5 node_id=441 distance=4.800
1780796667.610 [SCAN_MATCH] success predict=(29.184,-0.462,-3.057) matched=(29.176,-0.451,-3.050) delta=(-0.007,0.011,0.007) ceres_iters=19 points=180
1780796667.610 [INSERT] skipped by motion filter pose=(29.176, -0.451, -3.050)
1780796667.712 [SCAN_MATCH] success predict=(28.942,-0.490,-3.050) matched=(28.967,-0.473,-3.049) delta=(0.025,0.017,0.001) ceres_iters=13 points=175
1780796667.713 [INSERT] inserted pose=(28.967, -0.473, -3.049) submaps=2 points=175
1780796667.713 [NODE] added node_id=442 local_pose=(28.967, -0.473, -3.049) submaps=2 newly_finished_submap=0
1780796667.804 [SCAN_MATCH] success predict=(28.807,-0.500,-3.051) matched=(28.783,-0.491,-3.050) delta=(-0.024,0.009,0.001) ceres_iters=12 points=172
1780796667.804 [INSERT] skipped by motion filter pose=(28.783, -0.491, -3.050)
1780796667.894 [SCAN_MATCH] success predict=(28.542,-0.531,-3.057) matched=(28.566,-0.516,-3.049) delta=(0.024,0.015,0.009) ceres_iters=12 points=171
1780796667.895 [INSERT] inserted pose=(28.566, -0.516, -3.049) submaps=2 points=171
1780796667.895 [NODE] added node_id=443 local_pose=(28.566, -0.516, -3.049) submaps=2 newly_finished_submap=0
1780796667.975 [SCAN_MATCH] success predict=(28.408,-0.543,-3.050) matched=(28.386,-0.534,-3.049) delta=(-0.022,0.009,0.001) ceres_iters=11 points=170
1780796667.976 [INSERT] skipped by motion filter pose=(28.386, -0.534, -3.049)
1780796668.066 [SCAN_MATCH] success predict=(28.107,-0.583,-3.056) matched=(28.128,-0.566,-3.048) delta=(0.021,0.017,0.008) ceres_iters=12 points=172
1780796668.069 [INSERT] inserted pose=(28.128, -0.566, -3.048) submaps=2 points=172
1780796668.069 [NODE] added node_id=444 local_pose=(28.128, -0.566, -3.048) submaps=2 newly_finished_submap=0
1780796668.159 [SCAN_MATCH] success predict=(27.968,-0.588,-3.049) matched=(27.973,-0.577,-3.049) delta=(0.006,0.010,0.000) ceres_iters=12 points=171
1780796668.160 [INSERT] skipped by motion filter pose=(27.973, -0.577, -3.049)
1780796668.275 [SCAN_MATCH] success predict=(27.774,-0.607,-3.057) matched=(27.749,-0.597,-3.049) delta=(-0.025,0.010,0.008) ceres_iters=15 points=172
1780796668.276 [INSERT] inserted pose=(27.749, -0.597, -3.049) submaps=2 points=172
1780796668.276 [NODE] added node_id=445 local_pose=(27.749, -0.597, -3.049) submaps=2 newly_finished_submap=0
1780796668.356 [SCAN_MATCH] success predict=(27.550,-0.621,-3.057) matched=(27.572,-0.614,-3.047) delta=(0.022,0.007,0.010) ceres_iters=11 points=172
1780796668.356 [INSERT] skipped by motion filter pose=(27.572, -0.614, -3.047)
1780796668.465 [SCAN_MATCH] success predict=(27.367,-0.640,-3.051) matched=(27.377,-0.634,-3.047) delta=(0.010,0.006,0.003) ceres_iters=13 points=170
1780796668.466 [INSERT] inserted pose=(27.377, -0.634, -3.047) submaps=2 points=170
1780796668.467 [NODE] added node_id=446 local_pose=(27.377, -0.634, -3.047) submaps=2 newly_finished_submap=0
1780796668.629 [SCAN_MATCH] success predict=(27.226,-0.656,-3.048) matched=(27.166,-0.651,-3.051) delta=(-0.059,0.004,-0.004) ceres_iters=18 points=167
1780796668.630 [INSERT] inserted pose=(27.166, -0.651, -3.051) submaps=2 points=167
1780796668.630 [NODE] added node_id=447 local_pose=(27.166, -0.651, -3.051) submaps=2 newly_finished_submap=0
1780796668.717 [SCAN_MATCH] success predict=(26.942,-0.680,-3.052) matched=(26.973,-0.674,-3.046) delta=(0.031,0.006,0.005) ceres_iters=12 points=162
1780796668.717 [INSERT] skipped by motion filter pose=(26.973, -0.674, -3.046)
1780796668.821 [SCAN_MATCH] success predict=(26.815,-0.696,-3.046) matched=(26.768,-0.692,-3.052) delta=(-0.047,0.004,-0.006) ceres_iters=14 points=159
1780796668.822 [INSERT] inserted pose=(26.768, -0.692, -3.052) submaps=2 points=159
1780796668.822 [NODE] added node_id=448 local_pose=(26.768, -0.692, -3.052) submaps=2 newly_finished_submap=0
1780796668.916 [SCAN_MATCH] success predict=(26.490,-0.728,-3.049) matched=(26.532,-0.718,-3.045) delta=(0.042,0.010,0.004) ceres_iters=13 points=158
1780796668.917 [INSERT] inserted pose=(26.532, -0.718, -3.045) submaps=2 points=158
1780796668.917 [NODE] added node_id=449 local_pose=(26.532, -0.718, -3.045) submaps=2 newly_finished_submap=0
1780796669.035 [SCAN_MATCH] success predict=(26.375,-0.739,-3.063) matched=(26.382,-0.733,-3.046) delta=(0.007,0.006,0.016) ceres_iters=16 points=152
1780796669.035 [INSERT] skipped by motion filter pose=(26.382, -0.733, -3.046)
1780796669.141 [SCAN_MATCH] success predict=(26.179,-0.754,-3.054) matched=(26.183,-0.749,-3.047) delta=(0.004,0.005,0.008) ceres_iters=16 points=152
1780796669.142 [INSERT] inserted pose=(26.183, -0.749, -3.047) submaps=2 points=152
1780796669.142 [NODE] added node_id=450 local_pose=(26.183, -0.749, -3.047) submaps=2 newly_finished_submap=0
1780796669.205 [SCAN_MATCH] success predict=(26.034,-0.766,-3.038) matched=(26.021,-0.770,-3.010) delta=(-0.013,-0.004,0.028) ceres_iters=7 points=149
1780796669.205 [INSERT] skipped by motion filter pose=(26.021, -0.770, -3.010)
1780796669.310 [SCAN_MATCH] success predict=(25.744,-0.801,-3.000) matched=(25.776,-0.794,-3.044) delta=(0.031,0.007,-0.044) ceres_iters=16 points=144
1780796669.311 [INSERT] inserted pose=(25.776, -0.794, -3.044) submaps=2 points=144
1780796669.311 [NODE] added node_id=451 local_pose=(25.776, -0.794, -3.044) submaps=2 newly_finished_submap=0
1780796669.441 [SCAN_MATCH] success predict=(25.657,-0.808,-3.045) matched=(25.637,-0.812,-3.011) delta=(-0.020,-0.003,0.034) ceres_iters=16 points=137
1780796669.441 [INSERT] skipped by motion filter pose=(25.637, -0.812, -3.011)
1780796669.487 [SCAN_MATCH] success predict=(25.401,-0.841,-3.004) matched=(25.396,-0.840,-3.005) delta=(-0.005,0.000,-0.001) ceres_iters=6 points=127
1780796669.488 [INSERT] inserted pose=(25.396, -0.840, -3.005) submaps=2 points=127
1780796669.488 [NODE] added node_id=452 local_pose=(25.396, -0.840, -3.005) submaps=2 newly_finished_submap=0
1780796669.542 [SCAN_MATCH] success predict=(25.236,-0.862,-3.003) matched=(25.237,-0.862,-3.005) delta=(0.002,0.000,-0.002) ceres_iters=11 points=112
1780796669.542 [INSERT] skipped by motion filter pose=(25.237, -0.862, -3.005)
1780796669.631 [SCAN_MATCH] success predict=(24.959,-0.897,-3.011) matched=(24.981,-0.888,-3.042) delta=(0.022,0.010,-0.031) ceres_iters=18 points=100
1780796669.632 [INSERT] inserted pose=(24.981, -0.888, -3.042) submaps=2 points=100
1780796669.632 [NODE] added node_id=453 local_pose=(24.981, -0.888, -3.042) submaps=2 newly_finished_submap=0
1780796669.716 [SCAN_MATCH] success predict=(24.823,-0.908,-3.037) matched=(24.804,-0.908,-3.046) delta=(-0.019,0.000,-0.008) ceres_iters=22 points=72
1780796669.716 [INSERT] skipped by motion filter pose=(24.804, -0.908, -3.046)
1780796669.782 [SCAN_MATCH] success predict=(24.610,-0.933,-3.042) matched=(24.600,-0.931,-3.045) delta=(-0.010,0.002,-0.003) ceres_iters=19 points=66
1780796669.783 [INSERT] inserted pose=(24.600, -0.931, -3.045) submaps=2 points=66
1780796669.783 [NODE] added node_id=454 local_pose=(24.600, -0.931, -3.045) submaps=2 newly_finished_submap=0
1780796669.783 [LOOP] candidate loop submap_id=4 node_id=454 distance=4.690
1780796669.830 [SCAN_MATCH] success predict=(24.441,-0.955,-3.052) matched=(24.421,-0.963,-3.051) delta=(-0.020,-0.008,0.001) ceres_iters=21 points=48
1780796669.830 [INSERT] skipped by motion filter pose=(24.421, -0.963, -3.051)
1780796669.884 [SCAN_MATCH] success predict=(24.185,-0.992,-3.046) matched=(24.177,-0.991,-3.052) delta=(-0.008,0.002,-0.006) ceres_iters=19 points=59
1780796669.884 [INSERT] inserted pose=(24.177, -0.991, -3.052) submaps=2 points=59
1780796669.884 [NODE] added node_id=455 local_pose=(24.177, -0.991, -3.052) submaps=2 newly_finished_submap=0
1780796669.920 [SCAN_MATCH] success predict=(24.013,-1.011,-3.049) matched=(24.017,-1.007,-3.053) delta=(0.004,0.004,-0.004) ceres_iters=14 points=61
1780796669.920 [INSERT] skipped by motion filter pose=(24.017, -1.007, -3.053)
1780796669.972 [SCAN_MATCH] success predict=(23.780,-1.036,-3.062) matched=(23.794,-1.022,-3.049) delta=(0.015,0.014,0.013) ceres_iters=15 points=69
1780796669.973 [INSERT] inserted pose=(23.794, -1.022, -3.049) submaps=2 points=69
1780796669.973 [NODE] added node_id=456 local_pose=(23.794, -1.022, -3.049) submaps=2 newly_finished_submap=0
1780796670.085 [SCAN_MATCH] success predict=(23.630,-1.042,-3.045) matched=(23.625,-1.046,-3.052) delta=(-0.005,-0.003,-0.007) ceres_iters=24 points=74
1780796670.085 [INSERT] skipped by motion filter pose=(23.625, -1.046, -3.052)
1780796670.161 [SCAN_MATCH] success predict=(23.379,-1.076,-3.055) matched=(23.391,-1.062,-3.048) delta=(0.011,0.014,0.007) ceres_iters=19 points=81
1780796670.163 [INSERT] inserted pose=(23.391, -1.062, -3.048) submaps=2 points=81
1780796670.163 [NODE] added node_id=457 local_pose=(23.391, -1.062, -3.048) submaps=2 newly_finished_submap=0
1780796670.228 [SCAN_MATCH] success predict=(23.232,-1.083,-3.045) matched=(23.225,-1.083,-3.050) delta=(-0.007,0.000,-0.005) ceres_iters=16 points=90
1780796670.228 [INSERT] skipped by motion filter pose=(23.225, -1.083, -3.050)
1780796670.322 [SCAN_MATCH] success predict=(22.984,-1.116,-3.039) matched=(22.993,-1.104,-3.049) delta=(0.008,0.012,-0.010) ceres_iters=19 points=104
1780796670.323 [INSERT] inserted pose=(22.993, -1.104, -3.049) submaps=2 points=104
1780796670.323 [NODE] added node_id=458 local_pose=(22.993, -1.104, -3.049) submaps=2 newly_finished_submap=0
1780796670.421 [SCAN_MATCH] success predict=(22.838,-1.126,-3.047) matched=(22.828,-1.124,-3.051) delta=(-0.011,0.002,-0.004) ceres_iters=19 points=110
1780796670.421 [INSERT] skipped by motion filter pose=(22.828, -1.124, -3.051)
1780796670.511 [SCAN_MATCH] success predict=(22.585,-1.157,-3.057) matched=(22.588,-1.148,-3.051) delta=(0.003,0.009,0.006) ceres_iters=18 points=114
1780796670.512 [INSERT] inserted pose=(22.588, -1.148, -3.051) submaps=2 points=114
1780796670.512 [NODE] added node_id=459 local_pose=(22.588, -1.148, -3.051) submaps=2 newly_finished_submap=1
1780796670.655 [SCAN_MATCH] success predict=(22.424,-1.169,-3.058) matched=(22.412,-1.168,-3.053) delta=(-0.012,0.001,0.005) ceres_iters=26 points=118
1780796670.656 [INSERT] skipped by motion filter pose=(22.412, -1.168, -3.053)
1780796670.771 [SCAN_MATCH] success predict=(22.170,-1.198,-3.061) matched=(22.179,-1.191,-3.054) delta=(0.009,0.006,0.007) ceres_iters=21 points=122
1780796670.772 [INSERT] inserted pose=(22.179, -1.191, -3.054) submaps=2 points=122
1780796670.772 [NODE] added node_id=460 local_pose=(22.179, -1.191, -3.054) submaps=2 newly_finished_submap=0
1780796670.879 [SCAN_MATCH] success predict=(22.016,-1.212,-3.050) matched=(22.006,-1.210,-3.056) delta=(-0.010,0.002,-0.006) ceres_iters=18 points=131
1780796670.879 [INSERT] skipped by motion filter pose=(22.006, -1.210, -3.056)
1780796670.988 [SCAN_MATCH] success predict=(21.766,-1.241,-3.056) matched=(21.773,-1.235,-3.058) delta=(0.007,0.007,-0.002) ceres_iters=17 points=144
1780796670.989 [INSERT] inserted pose=(21.773, -1.235, -3.058) submaps=2 points=144
1780796670.989 [NODE] added node_id=461 local_pose=(21.773, -1.235, -3.058) submaps=2 newly_finished_submap=0
1780796671.095 [SCAN_MATCH] success predict=(21.577,-1.258,-3.059) matched=(21.566,-1.253,-3.058) delta=(-0.011,0.004,0.001) ceres_iters=16 points=151
1780796671.096 [INSERT] inserted pose=(21.566, -1.253, -3.058) submaps=2 points=151
1780796671.096 [NODE] added node_id=462 local_pose=(21.566, -1.253, -3.058) submaps=2 newly_finished_submap=0
1780796671.191 [SCAN_MATCH] success predict=(21.371,-1.278,-3.071) matched=(21.378,-1.269,-3.057) delta=(0.007,0.009,0.014) ceres_iters=13 points=161
1780796671.191 [INSERT] skipped by motion filter pose=(21.378, -1.269, -3.057)
1780796671.298 [SCAN_MATCH] success predict=(21.220,-1.287,-3.059) matched=(21.214,-1.283,-3.058) delta=(-0.006,0.004,0.001) ceres_iters=14 points=167
1780796671.300 [INSERT] inserted pose=(21.214, -1.283, -3.058) submaps=2 points=167
1780796671.300 [NODE] added node_id=463 local_pose=(21.214, -1.283, -3.058) submaps=2 newly_finished_submap=0
1780796671.417 [SCAN_MATCH] success predict=(20.980,-1.310,-3.057) matched=(20.975,-1.304,-3.058) delta=(-0.006,0.007,-0.001) ceres_iters=16 points=169
1780796671.418 [INSERT] inserted pose=(20.975, -1.304, -3.058) submaps=2 points=169
1780796671.418 [NODE] added node_id=464 local_pose=(20.975, -1.304, -3.058) submaps=2 newly_finished_submap=0
1780796671.587 [SCAN_MATCH] success predict=(20.772,-1.328,-3.064) matched=(20.782,-1.319,-3.057) delta=(0.010,0.008,0.007) ceres_iters=20 points=171
1780796671.587 [INSERT] skipped by motion filter pose=(20.782, -1.319, -3.057)
1780796671.672 [SCAN_MATCH] success predict=(20.579,-1.340,-3.053) matched=(20.588,-1.334,-3.056) delta=(0.009,0.006,-0.003) ceres_iters=12 points=174
1780796671.674 [INSERT] inserted pose=(20.588, -1.334, -3.056) submaps=2 points=174
1780796671.674 [NODE] added node_id=465 local_pose=(20.588, -1.334, -3.056) submaps=2 newly_finished_submap=0
1780796671.804 [SCAN_MATCH] success predict=(20.429,-1.351,-3.057) matched=(20.408,-1.350,-3.057) delta=(-0.021,0.002,-0.000) ceres_iters=14 points=184
1780796671.805 [INSERT] skipped by motion filter pose=(20.408, -1.350, -3.057)
1780796671.925 [SCAN_MATCH] success predict=(20.132,-1.380,-3.060) matched=(20.140,-1.373,-3.056) delta=(0.008,0.007,0.005) ceres_iters=13 points=195
1780796671.927 [INSERT] inserted pose=(20.140, -1.373, -3.056) submaps=2 points=195
1780796671.927 [NODE] added node_id=466 local_pose=(20.140, -1.373, -3.056) submaps=2 newly_finished_submap=0
1780796672.085 [SCAN_MATCH] success predict=(19.941,-1.394,-3.060) matched=(19.962,-1.388,-3.056) delta=(0.021,0.006,0.004) ceres_iters=17 points=199
1780796672.085 [INSERT] skipped by motion filter pose=(19.962, -1.388, -3.056)
1780796672.239 [SCAN_MATCH] success predict=(19.799,-1.406,-3.060) matched=(19.798,-1.401,-3.056) delta=(-0.001,0.004,0.004) ceres_iters=16 points=210
1780796672.240 [INSERT] inserted pose=(19.798, -1.401, -3.056) submaps=2 points=210
1780796672.240 [NODE] added node_id=467 local_pose=(19.798, -1.401, -3.056) submaps=2 newly_finished_submap=0
1780796672.343 [SCAN_MATCH] success predict=(19.602,-1.421,-3.055) matched=(19.601,-1.418,-3.055) delta=(-0.002,0.003,-0.001) ceres_iters=11 points=219
1780796672.343 [INSERT] skipped by motion filter pose=(19.601, -1.418, -3.055)
1780796672.451 [SCAN_MATCH] success predict=(19.400,-1.437,-3.051) matched=(19.399,-1.435,-3.055) delta=(-0.001,0.002,-0.004) ceres_iters=11 points=230
1780796672.452 [INSERT] inserted pose=(19.399, -1.435, -3.055) submaps=2 points=230
1780796672.453 [NODE] added node_id=468 local_pose=(19.399, -1.435, -3.055) submaps=2 newly_finished_submap=0
1780796672.453 [LOOP] candidate loop submap_id=3 node_id=468 distance=4.739
1780796672.670 [SCAN_MATCH] success predict=(19.239,-1.453,-3.052) matched=(19.227,-1.450,-3.054) delta=(-0.012,0.003,-0.002) ceres_iters=18 points=239
1780796672.670 [INSERT] skipped by motion filter pose=(19.227, -1.450, -3.054)
1780796672.825 [SCAN_MATCH] success predict=(18.990,-1.476,-3.051) matched=(18.993,-1.471,-3.055) delta=(0.003,0.005,-0.004) ceres_iters=15 points=245
1780796672.827 [INSERT] inserted pose=(18.993, -1.471, -3.055) submaps=2 points=245
1780796672.827 [NODE] added node_id=469 local_pose=(18.993, -1.471, -3.055) submaps=2 newly_finished_submap=0
1780796672.972 [SCAN_MATCH] success predict=(18.836,-1.488,-3.063) matched=(18.826,-1.485,-3.055) delta=(-0.011,0.003,0.008) ceres_iters=13 points=250
1780796672.973 [INSERT] skipped by motion filter pose=(18.826, -1.485, -3.055)
1780796673.121 [SCAN_MATCH] success predict=(18.547,-1.514,-3.044) matched=(18.550,-1.510,-3.055) delta=(0.003,0.004,-0.011) ceres_iters=13 points=254
1780796673.123 [INSERT] inserted pose=(18.550, -1.510, -3.055) submaps=2 points=254
1780796673.123 [NODE] added node_id=470 local_pose=(18.550, -1.510, -3.055) submaps=2 newly_finished_submap=0
1780796673.271 [SCAN_MATCH] success predict=(18.348,-1.530,-3.039) matched=(18.366,-1.526,-3.055) delta=(0.019,0.004,-0.016) ceres_iters=13 points=255
1780796673.271 [INSERT] skipped by motion filter pose=(18.366, -1.526, -3.055)
1780796673.518 [SCAN_MATCH] success predict=(18.205,-1.547,-3.051) matched=(18.191,-1.541,-3.053) delta=(-0.015,0.006,-0.002) ceres_iters=19 points=254
1780796673.519 [INSERT] inserted pose=(18.191, -1.541, -3.053) submaps=2 points=254
1780796673.520 [NODE] added node_id=471 local_pose=(18.191, -1.541, -3.053) submaps=2 newly_finished_submap=0
1780796673.766 [SCAN_MATCH] success predict=(18.032,-1.562,-3.044) matched=(18.026,-1.556,-3.054) delta=(-0.006,0.005,-0.010) ceres_iters=19 points=255
1780796673.766 [INSERT] skipped by motion filter pose=(18.026, -1.556, -3.054)
1780796673.898 [SCAN_MATCH] success predict=(17.750,-1.592,-3.071) matched=(17.754,-1.581,-3.054) delta=(0.004,0.010,0.016) ceres_iters=12 points=254
1780796673.900 [INSERT] inserted pose=(17.754, -1.581, -3.054) submaps=2 points=254
1780796673.900 [NODE] added node_id=472 local_pose=(17.754, -1.581, -3.054) submaps=2 newly_finished_submap=0
1780796674.185 [SCAN_MATCH] success predict=(17.553,-1.605,-3.052) matched=(17.573,-1.597,-3.054) delta=(0.019,0.009,-0.002) ceres_iters=20 points=258
1780796674.185 [INSERT] skipped by motion filter pose=(17.573, -1.597, -3.054)
1780796674.505 [SCAN_MATCH] success predict=(17.414,-1.617,-3.048) matched=(17.412,-1.611,-3.054) delta=(-0.002,0.007,-0.005) ceres_iters=23 points=255
1780796674.507 [INSERT] inserted pose=(17.412, -1.611, -3.054) submaps=2 points=255
1780796674.507 [NODE] added node_id=473 local_pose=(17.412, -1.611, -3.054) submaps=2 newly_finished_submap=0
1780796674.812 [SCAN_MATCH] success predict=(17.258,-1.632,-3.049) matched=(17.232,-1.628,-3.052) delta=(-0.025,0.004,-0.003) ceres_iters=21 points=247
1780796674.813 [INSERT] skipped by motion filter pose=(17.232, -1.628, -3.052)
1780796675.144 [SCAN_MATCH] success predict=(16.958,-1.664,-3.059) matched=(16.960,-1.653,-3.053) delta=(0.002,0.011,0.006) ceres_iters=25 points=241
1780796675.145 [INSERT] inserted pose=(16.960, -1.653, -3.053) submaps=2 points=241
1780796675.145 [NODE] added node_id=474 local_pose=(16.960, -1.653, -3.053) submaps=2 newly_finished_submap=0
1780796675.556 [SCAN_MATCH] success predict=(16.847,-1.669,-3.048) matched=(16.838,-1.663,-3.053) delta=(-0.010,0.006,-0.005) ceres_iters=29 points=241
1780796675.557 [INSERT] skipped by motion filter pose=(16.838, -1.663, -3.053)
1780796675.951 [SCAN_MATCH] success predict=(16.593,-1.694,-3.053) matched=(16.596,-1.685,-3.053) delta=(0.004,0.009,-0.000) ceres_iters=28 points=240
1780796675.953 [INSERT] inserted pose=(16.596, -1.685, -3.053) submaps=2 points=240
1780796675.953 [NODE] added node_id=475 local_pose=(16.596, -1.685, -3.053) submaps=2 newly_finished_submap=0
1780796676.257 [SCAN_MATCH] success predict=(16.434,-1.707,-3.060) matched=(16.415,-1.702,-3.052) delta=(-0.019,0.005,0.008) ceres_iters=23 points=224
1780796676.257 [INSERT] skipped by motion filter pose=(16.415, -1.702, -3.052)
1780796676.339 [SCAN_MATCH] success predict=(16.137,-1.739,-3.050) matched=(16.164,-1.725,-3.053) delta=(0.027,0.014,-0.002) ceres_iters=6 points=230
1780796676.340 [INSERT] inserted pose=(16.164, -1.725, -3.053) submaps=2 points=230
1780796676.340 [NODE] added node_id=476 local_pose=(16.164, -1.725, -3.053) submaps=2 newly_finished_submap=0
1780796676.701 [SCAN_MATCH] success predict=(16.040,-1.740,-3.048) matched=(16.032,-1.735,-3.052) delta=(-0.008,0.004,-0.004) ceres_iters=27 points=226
1780796676.701 [INSERT] skipped by motion filter pose=(16.032, -1.735, -3.052)
1780796676.977 [SCAN_MATCH] success predict=(15.796,-1.768,-3.047) matched=(15.794,-1.758,-3.053) delta=(-0.002,0.010,-0.006) ceres_iters=21 points=223
1780796676.979 [INSERT] inserted pose=(15.794, -1.758, -3.053) submaps=2 points=223
1780796676.979 [NODE] added node_id=477 local_pose=(15.794, -1.758, -3.053) submaps=2 newly_finished_submap=0
1780796677.257 [SCAN_MATCH] success predict=(15.640,-1.778,-3.057) matched=(15.629,-1.772,-3.054) delta=(-0.011,0.006,0.003) ceres_iters=22 points=214
1780796677.257 [INSERT] skipped by motion filter pose=(15.629, -1.772, -3.054)
1780796677.449 [SCAN_MATCH] success predict=(15.389,-1.803,-3.050) matched=(15.390,-1.795,-3.052) delta=(0.002,0.008,-0.002) ceres_iters=19 points=204
1780796677.450 [INSERT] inserted pose=(15.390, -1.795, -3.052) submaps=2 points=204
1780796677.451 [NODE] added node_id=478 local_pose=(15.390, -1.795, -3.052) submaps=2 newly_finished_submap=0
1780796677.681 [SCAN_MATCH] success predict=(15.232,-1.818,-3.058) matched=(15.217,-1.812,-3.050) delta=(-0.015,0.006,0.008) ceres_iters=21 points=187
1780796677.681 [INSERT] skipped by motion filter pose=(15.217, -1.812, -3.050)
1780796677.864 [SCAN_MATCH] success predict=(14.983,-1.847,-3.045) matched=(14.987,-1.833,-3.051) delta=(0.003,0.013,-0.006) ceres_iters=19 points=188
1780796677.867 [INSERT] inserted pose=(14.987, -1.833, -3.051) submaps=2 points=188
1780796677.867 [NODE] added node_id=479 local_pose=(14.987, -1.833, -3.051) submaps=2 newly_finished_submap=1
1780796677.980 [SCAN_MATCH] success predict=(14.783,-1.860,-3.060) matched=(14.785,-1.852,-3.050) delta=(0.002,0.008,0.010) ceres_iters=14 points=176
1780796677.981 [INSERT] inserted pose=(14.785, -1.852, -3.050) submaps=2 points=176
1780796677.981 [NODE] added node_id=480 local_pose=(14.785, -1.852, -3.050) submaps=2 newly_finished_submap=0
1780796678.159 [SCAN_MATCH] success predict=(14.548,-1.884,-3.049) matched=(14.551,-1.874,-3.050) delta=(0.003,0.010,-0.000) ceres_iters=19 points=166
1780796678.160 [INSERT] inserted pose=(14.551, -1.874, -3.050) submaps=2 points=166
1780796678.161 [NODE] added node_id=481 local_pose=(14.551, -1.874, -3.050) submaps=2 newly_finished_submap=0
1780796678.436 [SCAN_MATCH] success predict=(14.435,-1.889,-3.049) matched=(14.422,-1.882,-3.052) delta=(-0.014,0.007,-0.003) ceres_iters=28 points=164
1780796678.436 [INSERT] skipped by motion filter pose=(14.422, -1.882, -3.052)
1780796678.501 [SCAN_MATCH] success predict=(14.131,-1.922,-3.056) matched=(14.155,-1.914,-3.048) delta=(0.024,0.009,0.008) ceres_iters=7 points=156
1780796678.502 [INSERT] inserted pose=(14.155, -1.914, -3.048) submaps=2 points=156
1780796678.502 [NODE] added node_id=482 local_pose=(14.155, -1.914, -3.048) submaps=2 newly_finished_submap=0
1780796678.503 [LOOP] candidate loop submap_id=2 node_id=482 distance=4.670
1780796678.679 [SCAN_MATCH] success predict=(14.040,-1.929,-3.050) matched=(14.025,-1.922,-3.052) delta=(-0.015,0.008,-0.002) ceres_iters=20 points=148
1780796678.680 [INSERT] skipped by motion filter pose=(14.025, -1.922, -3.052)
1780796678.821 [SCAN_MATCH] success predict=(13.785,-1.948,-3.052) matched=(13.785,-1.945,-3.048) delta=(0.000,0.003,0.004) ceres_iters=19 points=145
1780796678.822 [INSERT] inserted pose=(13.785, -1.945, -3.048) submaps=2 points=145
1780796678.822 [NODE] added node_id=483 local_pose=(13.785, -1.945, -3.048) submaps=2 newly_finished_submap=0
1780796678.931 [SCAN_MATCH] success predict=(13.623,-1.964,-3.049) matched=(13.599,-1.958,-3.053) delta=(-0.024,0.006,-0.004) ceres_iters=13 points=141
1780796678.931 [INSERT] skipped by motion filter pose=(13.599, -1.958, -3.053)
1780796679.006 [SCAN_MATCH] success predict=(13.358,-1.988,-3.047) matched=(13.369,-1.985,-3.047) delta=(0.011,0.003,0.000) ceres_iters=12 points=140
1780796679.007 [INSERT] inserted pose=(13.369, -1.985, -3.047) submaps=2 points=140
1780796679.007 [NODE] added node_id=484 local_pose=(13.369, -1.985, -3.047) submaps=2 newly_finished_submap=0
1780796679.148 [SCAN_MATCH] success predict=(13.219,-2.004,-3.044) matched=(13.206,-2.000,-3.050) delta=(-0.013,0.004,-0.006) ceres_iters=20 points=136
1780796679.148 [INSERT] skipped by motion filter pose=(13.206, -2.000, -3.050)
1780796679.268 [SCAN_MATCH] success predict=(12.960,-2.030,-3.047) matched=(12.967,-2.025,-3.046) delta=(0.007,0.006,0.000) ceres_iters=18 points=137
1780796679.269 [INSERT] inserted pose=(12.967, -2.025, -3.046) submaps=2 points=137
1780796679.269 [NODE] added node_id=485 local_pose=(12.967, -2.025, -3.046) submaps=2 newly_finished_submap=0
1780796679.416 [SCAN_MATCH] success predict=(12.810,-2.048,-3.045) matched=(12.799,-2.040,-3.049) delta=(-0.011,0.008,-0.004) ceres_iters=21 points=139
1780796679.416 [INSERT] skipped by motion filter pose=(12.799, -2.040, -3.049)
1780796679.480 [SCAN_MATCH] success predict=(12.568,-2.073,-3.049) matched=(12.570,-2.064,-3.046) delta=(0.002,0.009,0.003) ceres_iters=11 points=137
1780796679.482 [INSERT] inserted pose=(12.570, -2.064, -3.046) submaps=2 points=137
1780796679.482 [NODE] added node_id=486 local_pose=(12.570, -2.064, -3.046) submaps=2 newly_finished_submap=0
1780796679.604 [SCAN_MATCH] success predict=(12.418,-2.084,-3.042) matched=(12.389,-2.078,-3.051) delta=(-0.029,0.006,-0.009) ceres_iters=16 points=128
1780796679.604 [INSERT] skipped by motion filter pose=(12.389, -2.078, -3.051)
1780796679.720 [SCAN_MATCH] success predict=(12.142,-2.112,-3.052) matched=(12.154,-2.105,-3.044) delta=(0.011,0.007,0.008) ceres_iters=19 points=128
1780796679.721 [INSERT] inserted pose=(12.154, -2.105, -3.044) submaps=2 points=128
1780796679.721 [NODE] added node_id=487 local_pose=(12.154, -2.105, -3.044) submaps=2 newly_finished_submap=0
1780796679.806 [SCAN_MATCH] success predict=(11.993,-2.129,-3.047) matched=(11.984,-2.122,-3.046) delta=(-0.010,0.008,0.000) ceres_iters=14 points=129
1780796679.806 [INSERT] skipped by motion filter pose=(11.984, -2.122, -3.046)
1780796679.914 [SCAN_MATCH] success predict=(11.748,-2.156,-3.044) matched=(11.756,-2.144,-3.043) delta=(0.008,0.012,0.001) ceres_iters=17 points=129
1780796679.915 [INSERT] inserted pose=(11.756, -2.144, -3.043) submaps=2 points=129
1780796679.915 [NODE] added node_id=488 local_pose=(11.756, -2.144, -3.043) submaps=2 newly_finished_submap=0
1780796680.035 [SCAN_MATCH] success predict=(11.601,-2.167,-3.037) matched=(11.575,-2.164,-3.049) delta=(-0.026,0.003,-0.012) ceres_iters=15 points=134
1780796680.035 [INSERT] skipped by motion filter pose=(11.575, -2.164, -3.049)
1780796680.090 [SCAN_MATCH] success predict=(11.339,-2.199,-3.046) matched=(11.349,-2.186,-3.041) delta=(0.011,0.013,0.005) ceres_iters=10 points=132
1780796680.091 [INSERT] inserted pose=(11.349, -2.186, -3.041) submaps=2 points=132
1780796680.091 [NODE] added node_id=489 local_pose=(11.349, -2.186, -3.041) submaps=2 newly_finished_submap=0
1780796680.231 [SCAN_MATCH] success predict=(11.195,-2.210,-3.041) matched=(11.181,-2.205,-3.044) delta=(-0.013,0.005,-0.003) ceres_iters=20 points=135
1780796680.231 [INSERT] skipped by motion filter pose=(11.181, -2.205, -3.044)
1780796680.310 [SCAN_MATCH] success predict=(10.942,-2.242,-3.043) matched=(10.949,-2.226,-3.041) delta=(0.007,0.016,0.002) ceres_iters=13 points=135
1780796680.311 [INSERT] inserted pose=(10.949, -2.226, -3.041) submaps=2 points=135
1780796680.311 [NODE] added node_id=490 local_pose=(10.949, -2.226, -3.041) submaps=2 newly_finished_submap=0
1780796680.452 [SCAN_MATCH] success predict=(10.794,-2.251,-3.041) matched=(10.777,-2.246,-3.044) delta=(-0.017,0.006,-0.003) ceres_iters=20 points=136
1780796680.452 [INSERT] skipped by motion filter pose=(10.777, -2.246, -3.044)
1780796680.535 [SCAN_MATCH] success predict=(10.497,-2.293,-3.034) matched=(10.503,-2.274,-3.039) delta=(0.006,0.019,-0.005) ceres_iters=13 points=141
1780796680.536 [INSERT] inserted pose=(10.503, -2.274, -3.039) submaps=2 points=141
1780796680.536 [NODE] added node_id=491 local_pose=(10.503, -2.274, -3.039) submaps=2 newly_finished_submap=0
1780796680.655 [SCAN_MATCH] success predict=(10.312,-2.304,-3.052) matched=(10.330,-2.289,-3.037) delta=(0.018,0.015,0.015) ceres_iters=16 points=138
1780796680.655 [INSERT] skipped by motion filter pose=(10.330, -2.289, -3.037)
1780796680.811 [SCAN_MATCH] success predict=(10.172,-2.312,-3.036) matched=(10.164,-2.307,-3.041) delta=(-0.008,0.005,-0.005) ceres_iters=20 points=143
1780796680.812 [INSERT] inserted pose=(10.164, -2.307, -3.041) submaps=2 points=143
1780796680.812 [NODE] added node_id=492 local_pose=(10.164, -2.307, -3.041) submaps=2 newly_finished_submap=0
1780796680.916 [SCAN_MATCH] success predict=(10.009,-2.332,-3.039) matched=(9.985,-2.328,-3.043) delta=(-0.024,0.004,-0.004) ceres_iters=15 points=145
1780796680.916 [INSERT] skipped by motion filter pose=(9.985, -2.328, -3.043)
1780796681.010 [SCAN_MATCH] success predict=(9.745,-2.363,-3.046) matched=(9.751,-2.350,-3.039) delta=(0.006,0.013,0.007) ceres_iters=14 points=143
1780796681.011 [INSERT] inserted pose=(9.751, -2.350, -3.039) submaps=2 points=143
1780796681.011 [NODE] added node_id=493 local_pose=(9.751, -2.350, -3.039) submaps=2 newly_finished_submap=0
1780796681.194 [SCAN_MATCH] success predict=(9.593,-2.374,-3.036) matched=(9.577,-2.369,-3.042) delta=(-0.016,0.004,-0.006) ceres_iters=23 points=150
1780796681.195 [INSERT] skipped by motion filter pose=(9.577, -2.369, -3.042)
1780796681.339 [SCAN_MATCH] success predict=(9.296,-2.409,-3.046) matched=(9.319,-2.392,-3.034) delta=(0.023,0.017,0.012) ceres_iters=19 points=154
1780796681.340 [INSERT] inserted pose=(9.319, -2.392, -3.034) submaps=2 points=154
1780796681.340 [NODE] added node_id=494 local_pose=(9.319, -2.392, -3.034) submaps=2 newly_finished_submap=0
1780796681.340 [LOOP] candidate loop submap_id=1 node_id=494 distance=4.856
1780796681.425 [SCAN_MATCH] success predict=(9.204,-2.409,-3.026) matched=(9.183,-2.410,-3.042) delta=(-0.021,-0.001,-0.015) ceres_iters=12 points=161
1780796681.425 [INSERT] skipped by motion filter pose=(9.183, -2.410, -3.042)
1780796681.501 [SCAN_MATCH] success predict=(8.909,-2.452,-3.042) matched=(8.920,-2.436,-3.034) delta=(0.011,0.016,0.008) ceres_iters=11 points=162
1780796681.502 [INSERT] inserted pose=(8.920, -2.436, -3.034) submaps=2 points=162
1780796681.503 [NODE] added node_id=495 local_pose=(8.920, -2.436, -3.034) submaps=2 newly_finished_submap=0
1780796681.739 [SCAN_MATCH] success predict=(8.809,-2.454,-3.041) matched=(8.785,-2.454,-3.041) delta=(-0.024,0.000,0.001) ceres_iters=25 points=161
1780796681.740 [INSERT] skipped by motion filter pose=(8.785, -2.454, -3.041)
1780796681.851 [SCAN_MATCH] success predict=(8.509,-2.495,-3.045) matched=(8.519,-2.480,-3.032) delta=(0.009,0.015,0.012) ceres_iters=15 points=159
1780796681.852 [INSERT] inserted pose=(8.519, -2.480, -3.032) submaps=2 points=159
1780796681.853 [NODE] added node_id=496 local_pose=(8.519, -2.480, -3.032) submaps=2 newly_finished_submap=0
1780796681.961 [SCAN_MATCH] success predict=(8.356,-2.505,-3.034) matched=(8.349,-2.499,-3.037) delta=(-0.007,0.005,-0.002) ceres_iters=15 points=162
1780796681.961 [INSERT] skipped by motion filter pose=(8.349, -2.499, -3.037)
1780796682.059 [SCAN_MATCH] success predict=(8.153,-2.526,-3.048) matched=(8.147,-2.520,-3.036) delta=(-0.006,0.005,0.012) ceres_iters=13 points=166
1780796682.062 [INSERT] inserted pose=(8.147, -2.520, -3.036) submaps=2 points=166
1780796682.062 [NODE] added node_id=497 local_pose=(8.147, -2.520, -3.036) submaps=2 newly_finished_submap=0
1780796682.233 [SCAN_MATCH] success predict=(7.952,-2.547,-3.037) matched=(7.934,-2.544,-3.039) delta=(-0.019,0.004,-0.002) ceres_iters=20 points=171
1780796682.235 [INSERT] inserted pose=(7.934, -2.544, -3.039) submaps=2 points=171
1780796682.235 [NODE] added node_id=498 local_pose=(7.934, -2.544, -3.039) submaps=2 newly_finished_submap=0
1780796682.415 [SCAN_MATCH] success predict=(7.699,-2.573,-3.039) matched=(7.717,-2.562,-3.032) delta=(0.018,0.011,0.007) ceres_iters=20 points=175
1780796682.417 [INSERT] inserted pose=(7.717, -2.562, -3.032) submaps=2 points=175
1780796682.417 [NODE] added node_id=499 local_pose=(7.717, -2.562, -3.032) submaps=2 newly_finished_submap=1
1780796682.517 [SCAN_MATCH] success predict=(7.522,-2.589,-3.029) matched=(7.528,-2.584,-3.033) delta=(0.006,0.005,-0.003) ceres_iters=14 points=178
1780796682.517 [INSERT] skipped by motion filter pose=(7.528, -2.584, -3.033)
1780796682.652 [SCAN_MATCH] success predict=(7.374,-2.605,-3.034) matched=(7.368,-2.603,-3.037) delta=(-0.007,0.002,-0.003) ceres_iters=17 points=181
1780796682.654 [INSERT] inserted pose=(7.368, -2.603, -3.037) submaps=2 points=181
1780796682.654 [NODE] added node_id=500 local_pose=(7.368, -2.603, -3.037) submaps=2 newly_finished_submap=0
1780796682.783 [SCAN_MATCH] success predict=(7.210,-2.624,-3.033) matched=(7.190,-2.623,-3.040) delta=(-0.020,0.001,-0.007) ceres_iters=14 points=184
1780796682.784 [INSERT] skipped by motion filter pose=(7.190, -2.623, -3.040)
1780796682.885 [SCAN_MATCH] success predict=(6.957,-2.654,-3.045) matched=(6.956,-2.647,-3.036) delta=(-0.001,0.007,0.009) ceres_iters=12 points=188
1780796682.886 [INSERT] inserted pose=(6.956, -2.647, -3.036) submaps=2 points=188
1780796682.886 [NODE] added node_id=501 local_pose=(6.956, -2.647, -3.036) submaps=2 newly_finished_submap=0
1780796683.060 [SCAN_MATCH] success predict=(6.794,-2.667,-3.028) matched=(6.781,-2.666,-3.039) delta=(-0.013,0.001,-0.011) ceres_iters=19 points=191
1780796683.060 [INSERT] skipped by motion filter pose=(6.781, -2.666, -3.039)
1780796683.219 [SCAN_MATCH] success predict=(6.551,-2.695,-3.047) matched=(6.552,-2.689,-3.035) delta=(0.001,0.006,0.012) ceres_iters=18 points=187
1780796683.220 [INSERT] inserted pose=(6.552, -2.689, -3.035) submaps=2 points=187
1780796683.220 [NODE] added node_id=502 local_pose=(6.552, -2.689, -3.035) submaps=2 newly_finished_submap=0
1780796683.327 [SCAN_MATCH] success predict=(6.394,-2.710,-3.028) matched=(6.380,-2.708,-3.038) delta=(-0.014,0.002,-0.010) ceres_iters=13 points=184
1780796683.327 [INSERT] skipped by motion filter pose=(6.380, -2.708, -3.038)
1780796683.498 [SCAN_MATCH] success predict=(6.144,-2.741,-3.030) matched=(6.148,-2.733,-3.034) delta=(0.003,0.008,-0.004) ceres_iters=19 points=181
1780796683.499 [INSERT] inserted pose=(6.148, -2.733, -3.034) submaps=2 points=181
1780796683.499 [NODE] added node_id=503 local_pose=(6.148, -2.733, -3.034) submaps=2 newly_finished_submap=0
1780796683.603 [SCAN_MATCH] success predict=(5.990,-2.756,-3.035) matched=(5.978,-2.751,-3.037) delta=(-0.012,0.004,-0.002) ceres_iters=13 points=178
1780796683.603 [INSERT] skipped by motion filter pose=(5.978, -2.751, -3.037)
1780796683.726 [SCAN_MATCH] success predict=(5.736,-2.785,-3.041) matched=(5.743,-2.778,-3.033) delta=(0.006,0.008,0.008) ceres_iters=15 points=175
1780796683.727 [INSERT] inserted pose=(5.743, -2.778, -3.033) submaps=2 points=175
1780796683.727 [NODE] added node_id=504 local_pose=(5.743, -2.778, -3.033) submaps=2 newly_finished_submap=0
1780796683.829 [SCAN_MATCH] success predict=(5.585,-2.799,-3.032) matched=(5.575,-2.795,-3.036) delta=(-0.010,0.004,-0.004) ceres_iters=13 points=174
1780796683.829 [INSERT] skipped by motion filter pose=(5.575, -2.795, -3.036)
1780796683.932 [SCAN_MATCH] success predict=(5.333,-2.830,-3.036) matched=(5.340,-2.822,-3.032) delta=(0.007,0.007,0.004) ceres_iters=13 points=176
1780796683.934 [INSERT] inserted pose=(5.340, -2.822, -3.032) submaps=2 points=176
1780796683.934 [NODE] added node_id=505 local_pose=(5.340, -2.822, -3.032) submaps=2 newly_finished_submap=0
1780796684.058 [SCAN_MATCH] success predict=(5.180,-2.844,-3.025) matched=(5.171,-2.839,-3.035) delta=(-0.009,0.005,-0.011) ceres_iters=15 points=177
1780796684.058 [INSERT] skipped by motion filter pose=(5.171, -2.839, -3.035)
1780796684.152 [SCAN_MATCH] success predict=(4.932,-2.870,-3.043) matched=(4.939,-2.866,-3.031) delta=(0.008,0.004,0.012) ceres_iters=12 points=179
1780796684.154 [INSERT] inserted pose=(4.939, -2.866, -3.031) submaps=2 points=179
1780796684.154 [NODE] added node_id=506 local_pose=(4.939, -2.866, -3.031) submaps=2 newly_finished_submap=0
1780796684.350 [SCAN_MATCH] success predict=(4.746,-2.893,-3.025) matched=(4.732,-2.887,-3.035) delta=(-0.013,0.006,-0.011) ceres_iters=21 points=181
1780796684.351 [INSERT] inserted pose=(4.732, -2.887, -3.035) submaps=2 points=181
1780796684.351 [NODE] added node_id=507 local_pose=(4.732, -2.887, -3.035) submaps=2 newly_finished_submap=0
1780796684.487 [SCAN_MATCH] success predict=(4.494,-2.921,-3.042) matched=(4.518,-2.915,-3.027) delta=(0.024,0.005,0.014) ceres_iters=13 points=178
1780796684.489 [INSERT] inserted pose=(4.518, -2.915, -3.027) submaps=2 points=178
1780796684.489 [NODE] added node_id=508 local_pose=(4.518, -2.915, -3.027) submaps=2 newly_finished_submap=0
1780796684.590 [SCAN_MATCH] success predict=(4.363,-2.939,-3.026) matched=(4.358,-2.932,-3.032) delta=(-0.005,0.007,-0.007) ceres_iters=13 points=174
1780796684.590 [INSERT] skipped by motion filter pose=(4.358, -2.932, -3.032)
1780796684.757 [SCAN_MATCH] success predict=(4.164,-2.959,-3.025) matched=(4.159,-2.953,-3.032) delta=(-0.005,0.006,-0.007) ceres_iters=19 points=171
1780796684.758 [INSERT] inserted pose=(4.159, -2.953, -3.032) submaps=2 points=171
1780796684.758 [NODE] added node_id=509 local_pose=(4.159, -2.953, -3.032) submaps=2 newly_finished_submap=0
1780796685.045 [SCAN_MATCH] success predict=(4.001,-2.977,-3.031) matched=(3.985,-2.970,-3.036) delta=(-0.016,0.007,-0.004) ceres_iters=28 points=163
1780796685.045 [INSERT] skipped by motion filter pose=(3.985, -2.970, -3.036)
1780796685.161 [SCAN_MATCH] success predict=(3.748,-3.007,-3.028) matched=(3.749,-3.000,-3.030) delta=(0.001,0.007,-0.002) ceres_iters=16 points=158
1780796685.162 [INSERT] inserted pose=(3.749, -3.000, -3.030) submaps=2 points=158
1780796685.162 [NODE] added node_id=510 local_pose=(3.749, -3.000, -3.030) submaps=2 newly_finished_submap=0
1780796685.162 [LOOP] candidate loop submap_id=0 node_id=510 distance=4.802
1780796685.303 [SCAN_MATCH] success predict=(3.588,-3.025,-3.031) matched=(3.575,-3.018,-3.033) delta=(-0.012,0.007,-0.002) ceres_iters=18 points=152
1780796685.303 [INSERT] skipped by motion filter pose=(3.575, -3.018, -3.033)
1780796685.403 [SCAN_MATCH] success predict=(3.334,-3.057,-3.035) matched=(3.338,-3.049,-3.028) delta=(0.004,0.008,0.007) ceres_iters=15 points=143
1780796685.404 [INSERT] inserted pose=(3.338, -3.049, -3.028) submaps=2 points=143
1780796685.404 [NODE] added node_id=511 local_pose=(3.338, -3.049, -3.028) submaps=2 newly_finished_submap=0
1780796685.501 [SCAN_MATCH] success predict=(3.183,-3.074,-3.022) matched=(3.172,-3.065,-3.032) delta=(-0.012,0.009,-0.010) ceres_iters=15 points=137
1780796685.501 [INSERT] skipped by motion filter pose=(3.172, -3.065, -3.032)
1780796685.589 [SCAN_MATCH] success predict=(2.941,-3.102,-3.027) matched=(2.943,-3.094,-3.028) delta=(0.002,0.008,-0.001) ceres_iters=14 points=136
1780796685.590 [INSERT] inserted pose=(2.943, -3.094, -3.028) submaps=2 points=136
1780796685.590 [NODE] added node_id=512 local_pose=(2.943, -3.094, -3.028) submaps=2 newly_finished_submap=0
1780796685.757 [SCAN_MATCH] success predict=(2.785,-3.121,-3.030) matched=(2.772,-3.111,-3.031) delta=(-0.013,0.009,-0.001) ceres_iters=23 points=133
1780796685.757 [INSERT] skipped by motion filter pose=(2.772, -3.111, -3.031)
1780796685.825 [SCAN_MATCH] success predict=(2.546,-3.149,-3.030) matched=(2.553,-3.140,-3.026) delta=(0.007,0.009,0.005) ceres_iters=12 points=128
1780796685.825 [INSERT] inserted pose=(2.553, -3.140, -3.026) submaps=2 points=128
1780796685.826 [NODE] added node_id=513 local_pose=(2.553, -3.140, -3.026) submaps=2 newly_finished_submap=0
1780796685.894 [SCAN_MATCH] success predict=(2.352,-3.172,-3.039) matched=(2.365,-3.164,-3.024) delta=(0.013,0.008,0.015) ceres_iters=12 points=129
1780796685.894 [INSERT] skipped by motion filter pose=(2.365, -3.164, -3.024)
1780796685.967 [SCAN_MATCH] success predict=(2.280,-3.177,-3.022) matched=(2.274,-3.172,-3.028) delta=(-0.006,0.006,-0.006) ceres_iters=13 points=124
1780796685.968 [INSERT] inserted pose=(2.274, -3.172, -3.028) submaps=2 points=124
1780796685.968 [NODE] added node_id=514 local_pose=(2.274, -3.172, -3.028) submaps=2 newly_finished_submap=0
1780796686.088 [SCAN_MATCH] success predict=(2.158,-3.189,-3.031) matched=(2.144,-3.184,-3.030) delta=(-0.015,0.005,0.001) ceres_iters=18 points=128
1780796686.088 [INSERT] skipped by motion filter pose=(2.144, -3.184, -3.030)
1780796686.165 [SCAN_MATCH] success predict=(1.962,-3.213,-3.025) matched=(1.964,-3.207,-3.026) delta=(0.002,0.006,-0.001) ceres_iters=14 points=119
1780796686.165 [INSERT] inserted pose=(1.964, -3.207, -3.026) submaps=2 points=119
1780796686.165 [NODE] added node_id=515 local_pose=(1.964, -3.207, -3.026) submaps=2 newly_finished_submap=0
1780796686.277 [SCAN_MATCH] success predict=(1.851,-3.225,-3.025) matched=(1.838,-3.220,-3.029) delta=(-0.013,0.005,-0.003) ceres_iters=18 points=122
1780796686.278 [INSERT] skipped by motion filter pose=(1.838, -3.220, -3.029)
1780796686.363 [SCAN_MATCH] success predict=(1.661,-3.248,-3.034) matched=(1.668,-3.242,-3.023) delta=(0.008,0.006,0.010) ceres_iters=16 points=113
1780796686.364 [INSERT] inserted pose=(1.668, -3.242, -3.023) submaps=2 points=113
1780796686.364 [NODE] added node_id=516 local_pose=(1.668, -3.242, -3.023) submaps=2 newly_finished_submap=0
1780796686.430 [SCAN_MATCH] success predict=(1.590,-3.254,-3.022) matched=(1.585,-3.251,-3.027) delta=(-0.005,0.004,-0.005) ceres_iters=13 points=111
1780796686.430 [INSERT] skipped by motion filter pose=(1.585, -3.251, -3.027)
1780796686.535 [SCAN_MATCH] success predict=(1.467,-3.269,-3.020) matched=(1.470,-3.264,-3.024) delta=(0.003,0.005,-0.005) ceres_iters=19 points=107
1780796686.535 [INSERT] skipped by motion filter pose=(1.470, -3.264, -3.024)
1780796686.603 [SCAN_MATCH] success predict=(1.390,-3.277,-3.025) matched=(1.385,-3.273,-3.027) delta=(-0.005,0.003,-0.002) ceres_iters=14 points=107
1780796686.604 [INSERT] inserted pose=(1.385, -3.273, -3.027) submaps=2 points=107
1780796686.604 [NODE] added node_id=517 local_pose=(1.385, -3.273, -3.027) submaps=2 newly_finished_submap=0
1780796686.666 [SCAN_MATCH] success predict=(1.265,-3.293,-3.027) matched=(1.269,-3.287,-3.024) delta=(0.004,0.006,0.003) ceres_iters=13 points=105
1780796686.666 [INSERT] skipped by motion filter pose=(1.269, -3.287, -3.024)
1780796686.729 [SCAN_MATCH] success predict=(1.192,-3.300,-3.022) matched=(1.187,-3.296,-3.027) delta=(-0.005,0.004,-0.004) ceres_iters=13 points=105
1780796686.729 [INSERT] skipped by motion filter pose=(1.187, -3.296, -3.027)
1780796686.791 [SCAN_MATCH] success predict=(1.069,-3.315,-3.027) matched=(1.071,-3.310,-3.024) delta=(0.003,0.005,0.003) ceres_iters=13 points=107
1780796686.792 [INSERT] inserted pose=(1.071, -3.310, -3.024) submaps=2 points=107
1780796686.792 [NODE] added node_id=518 local_pose=(1.071, -3.310, -3.024) submaps=2 newly_finished_submap=0
1780796686.856 [SCAN_MATCH] success predict=(0.990,-3.323,-3.026) matched=(0.985,-3.320,-3.026) delta=(-0.005,0.003,0.000) ceres_iters=13 points=108
1780796686.856 [INSERT] skipped by motion filter pose=(0.985, -3.320, -3.026)
1780796686.925 [SCAN_MATCH] success predict=(0.853,-3.342,-3.029) matched=(0.863,-3.336,-3.022) delta=(0.011,0.006,0.007) ceres_iters=14 points=108
1780796686.926 [INSERT] inserted pose=(0.863, -3.336, -3.022) submaps=2 points=108
1780796686.926 [NODE] added node_id=519 local_pose=(0.863, -3.336, -3.022) submaps=2 newly_finished_submap=1
1780796686.986 [SCAN_MATCH] success predict=(0.826,-3.340,-3.027) matched=(0.824,-3.340,-3.024) delta=(-0.002,0.000,0.003) ceres_iters=12 points=113
1780796686.987 [INSERT] skipped by motion filter pose=(0.824, -3.340, -3.024)
1780796687.104 [SCAN_MATCH] success predict=(0.766,-3.349,-3.027) matched=(0.767,-3.347,-3.024) delta=(0.001,0.002,0.004) ceres_iters=19 points=109
1780796687.104 [INSERT] skipped by motion filter pose=(0.767, -3.347, -3.024)
1780796687.174 [SCAN_MATCH] success predict=(0.728,-3.353,-3.023) matched=(0.725,-3.352,-3.024) delta=(-0.003,0.001,-0.001) ceres_iters=12 points=115
1780796687.174 [INSERT] skipped by motion filter pose=(0.725, -3.352, -3.024)
1780796687.233 [SCAN_MATCH] success predict=(0.655,-3.363,-3.024) matched=(0.657,-3.361,-3.023) delta=(0.002,0.002,0.001) ceres_iters=12 points=110
1780796687.234 [INSERT] inserted pose=(0.657, -3.361, -3.023) submaps=2 points=110
1780796687.234 [NODE] added node_id=520 local_pose=(0.657, -3.361, -3.023) submaps=2 newly_finished_submap=0
1780796687.350 [SCAN_MATCH] success predict=(0.618,-3.366,-3.021) matched=(0.614,-3.363,-3.025) delta=(-0.004,0.003,-0.004) ceres_iters=20 points=113
1780796687.350 [INSERT] skipped by motion filter pose=(0.614, -3.363, -3.025)
1780796687.401 [SCAN_MATCH] success predict=(0.565,-3.371,-3.024) matched=(0.566,-3.369,-3.023) delta=(0.000,0.001,0.000) ceres_iters=11 points=108
1780796687.401 [INSERT] skipped by motion filter pose=(0.566, -3.369, -3.023)
1780796687.468 [SCAN_MATCH] success predict=(0.518,-3.377,-3.022) matched=(0.518,-3.375,-3.024) delta=(0.000,0.002,-0.001) ceres_iters=13 points=112
1780796687.468 [INSERT] skipped by motion filter pose=(0.518, -3.375, -3.024)
1780796687.526 [SCAN_MATCH] success predict=(0.462,-3.384,-3.024) matched=(0.463,-3.382,-3.023) delta=(0.002,0.002,0.001) ceres_iters=12 points=106
1780796687.526 [INSERT] skipped by motion filter pose=(0.463, -3.382, -3.023)
1780796687.661 [SCAN_MATCH] success predict=(0.432,-3.386,-3.023) matched=(0.424,-3.385,-3.026) delta=(-0.008,0.002,-0.003) ceres_iters=23 points=110
1780796687.662 [INSERT] inserted pose=(0.424, -3.385, -3.026) submaps=2 points=110
1780796687.662 [NODE] added node_id=521 local_pose=(0.424, -3.385, -3.026) submaps=2 newly_finished_submap=0
1780796687.718 [SCAN_MATCH] success predict=(0.357,-3.395,-3.024) matched=(0.359,-3.394,-3.023) delta=(0.002,0.002,0.001) ceres_iters=12 points=105
1780796687.718 [INSERT] skipped by motion filter pose=(0.359, -3.394, -3.023)
1780796687.816 [SCAN_MATCH] success predict=(0.331,-3.398,-3.023) matched=(0.328,-3.397,-3.025) delta=(-0.003,0.002,-0.002) ceres_iters=18 points=109
1780796687.816 [INSERT] skipped by motion filter pose=(0.328, -3.397, -3.025)
1780796687.882 [SCAN_MATCH] success predict=(0.269,-3.406,-3.023) matched=(0.270,-3.404,-3.023) delta=(0.001,0.001,-0.000) ceres_iters=14 points=101
1780796687.882 [INSERT] skipped by motion filter pose=(0.270, -3.404, -3.023)
1780796687.951 [SCAN_MATCH] success predict=(0.231,-3.411,-3.026) matched=(0.228,-3.409,-3.025) delta=(-0.003,0.002,0.001) ceres_iters=14 points=107
1780796687.951 [INSERT] skipped by motion filter pose=(0.228, -3.409, -3.025)
1780796688.005 [SCAN_MATCH] success predict=(0.171,-3.418,-3.025) matched=(0.171,-3.416,-3.023) delta=(0.001,0.002,0.001) ceres_iters=12 points=100
1780796688.006 [INSERT] inserted pose=(0.171, -3.416, -3.023) submaps=2 points=100
1780796688.006 [NODE] added node_id=522 local_pose=(0.171, -3.416, -3.023) submaps=2 newly_finished_submap=0
1780796688.105 [SCAN_MATCH] success predict=(0.131,-3.422,-3.022) matched=(0.128,-3.420,-3.025) delta=(-0.002,0.002,-0.003) ceres_iters=19 points=105
1780796688.105 [INSERT] skipped by motion filter pose=(0.128, -3.420, -3.025)
1780796688.154 [SCAN_MATCH] success predict=(0.070,-3.429,-3.023) matched=(0.071,-3.428,-3.023) delta=(0.001,0.001,0.000) ceres_iters=12 points=98
1780796688.154 [INSERT] skipped by motion filter pose=(0.071, -3.428, -3.023)
1780796688.209 [SCAN_MATCH] success predict=(0.032,-3.434,-3.023) matched=(0.029,-3.432,-3.025) delta=(-0.003,0.002,-0.001) ceres_iters=12 points=104
1780796688.209 [INSERT] skipped by motion filter pose=(0.029, -3.432, -3.025)
1780796688.308 [SCAN_MATCH] success predict=(-0.030,-3.442,-3.026) matched=(-0.029,-3.440,-3.023) delta=(0.002,0.002,0.003) ceres_iters=21 points=96
1780796688.308 [INSERT] inserted pose=(-0.029, -3.440, -3.023) submaps=2 points=96
1780796688.308 [NODE] added node_id=523 local_pose=(-0.029, -3.440, -3.023) submaps=2 newly_finished_submap=0
1780796688.407 [SCAN_MATCH] success predict=(-0.068,-3.446,-3.023) matched=(-0.071,-3.443,-3.025) delta=(-0.003,0.003,-0.002) ceres_iters=19 points=101
1780796688.407 [INSERT] skipped by motion filter pose=(-0.071, -3.443, -3.025)
1780796688.505 [SCAN_MATCH] success predict=(-0.143,-3.453,-3.024) matched=(-0.137,-3.452,-3.022) delta=(0.006,0.001,0.002) ceres_iters=20 points=94
1780796688.505 [INSERT] skipped by motion filter pose=(-0.137, -3.452, -3.022)
1780796688.602 [SCAN_MATCH] success predict=(-0.168,-3.457,-3.023) matched=(-0.171,-3.455,-3.025) delta=(-0.003,0.002,-0.002) ceres_iters=19 points=98
1780796688.602 [INSERT] skipped by motion filter pose=(-0.171, -3.455, -3.025)
1780796688.693 [SCAN_MATCH] success predict=(-0.232,-3.464,-3.026) matched=(-0.230,-3.463,-3.023) delta=(0.002,0.001,0.003) ceres_iters=19 points=92
1780796688.693 [INSERT] inserted pose=(-0.230, -3.463, -3.023) submaps=2 points=92
1780796688.693 [NODE] added node_id=524 local_pose=(-0.230, -3.463, -3.023) submaps=2 newly_finished_submap=0
1780796688.759 [SCAN_MATCH] success predict=(-0.269,-3.468,-3.024) matched=(-0.271,-3.467,-3.025) delta=(-0.003,0.002,-0.000) ceres_iters=14 points=96
1780796688.759 [INSERT] skipped by motion filter pose=(-0.271, -3.467, -3.025)
1780796688.858 [SCAN_MATCH] success predict=(-0.331,-3.475,-3.025) matched=(-0.328,-3.474,-3.023) delta=(0.002,0.001,0.002) ceres_iters=19 points=90
1780796688.858 [INSERT] skipped by motion filter pose=(-0.328, -3.474, -3.023)
1780796688.954 [SCAN_MATCH] success predict=(-0.367,-3.480,-3.023) matched=(-0.370,-3.478,-3.025) delta=(-0.003,0.002,-0.002) ceres_iters=19 points=94
1780796688.954 [INSERT] skipped by motion filter pose=(-0.370, -3.478, -3.025)
1780796689.024 [SCAN_MATCH] success predict=(-0.430,-3.488,-3.027) matched=(-0.428,-3.486,-3.023) delta=(0.002,0.001,0.004) ceres_iters=16 points=88
1780796689.024 [INSERT] skipped by motion filter pose=(-0.428, -3.486, -3.023)
1780796689.084 [SCAN_MATCH] success predict=(-0.467,-3.493,-3.021) matched=(-0.469,-3.490,-3.025) delta=(-0.002,0.002,-0.004) ceres_iters=14 points=91
1780796689.085 [INSERT] inserted pose=(-0.469, -3.490, -3.025) submaps=2 points=91
1780796689.085 [NODE] added node_id=525 local_pose=(-0.469, -3.490, -3.025) submaps=2 newly_finished_submap=0
1780796689.176 [SCAN_MATCH] success predict=(-0.534,-3.500,-3.025) matched=(-0.530,-3.499,-3.022) delta=(0.004,0.001,0.003) ceres_iters=20 points=86
1780796689.177 [INSERT] skipped by motion filter pose=(-0.530, -3.499, -3.022)
1780796689.262 [SCAN_MATCH] success predict=(-0.569,-3.505,-3.022) matched=(-0.570,-3.502,-3.024) delta=(-0.001,0.002,-0.002) ceres_iters=19 points=89
1780796689.262 [INSERT] skipped by motion filter pose=(-0.570, -3.502, -3.024)
1780796689.308 [SCAN_MATCH] success predict=(-0.629,-3.512,-3.024) matched=(-0.626,-3.511,-3.023) delta=(0.002,0.002,0.001) ceres_iters=12 points=84
1780796689.308 [INSERT] skipped by motion filter pose=(-0.626, -3.511, -3.023)
1780796689.400 [SCAN_MATCH] success predict=(-0.666,-3.516,-3.023) matched=(-0.669,-3.514,-3.025) delta=(-0.002,0.002,-0.002) ceres_iters=21 points=86
1780796689.401 [INSERT] inserted pose=(-0.669, -3.514, -3.025) submaps=2 points=86
1780796689.401 [NODE] added node_id=526 local_pose=(-0.669, -3.514, -3.025) submaps=2 newly_finished_submap=0
1780796689.451 [SCAN_MATCH] success predict=(-0.727,-3.523,-3.024) matched=(-0.725,-3.522,-3.023) delta=(0.002,0.001,0.001) ceres_iters=13 points=82
1780796689.451 [INSERT] skipped by motion filter pose=(-0.725, -3.522, -3.023)
1780796689.498 [SCAN_MATCH] success predict=(-0.768,-3.529,-3.023) matched=(-0.769,-3.526,-3.024) delta=(-0.002,0.003,-0.001) ceres_iters=13 points=84
1780796689.498 [INSERT] skipped by motion filter pose=(-0.769, -3.526, -3.024)
1780796689.567 [SCAN_MATCH] success predict=(-0.830,-3.535,-3.023) matched=(-0.831,-3.534,-3.023) delta=(-0.001,0.001,0.000) ceres_iters=17 points=79
1780796689.567 [INSERT] skipped by motion filter pose=(-0.831, -3.534, -3.023)
1780796689.615 [SCAN_MATCH] success predict=(-0.880,-3.541,-3.023) matched=(-0.878,-3.540,-3.022) delta=(0.002,0.002,0.001) ceres_iters=13 points=80
1780796689.615 [INSERT] inserted pose=(-0.878, -3.540, -3.022) submaps=2 points=80
1780796689.615 [NODE] added node_id=527 local_pose=(-0.878, -3.540, -3.022) submaps=2 newly_finished_submap=0
1780796689.660 [SCAN_MATCH] success predict=(-0.925,-3.547,-3.023) matched=(-0.925,-3.546,-3.022) delta=(0.001,0.001,0.001) ceres_iters=13 points=72
1780796689.660 [INSERT] skipped by motion filter pose=(-0.925, -3.546, -3.022)
1780796689.735 [SCAN_MATCH] success predict=(-0.964,-3.552,-3.022) matched=(-0.967,-3.549,-3.024) delta=(-0.003,0.003,-0.002) ceres_iters=19 points=75
1780796689.735 [INSERT] skipped by motion filter pose=(-0.967, -3.549, -3.024)
1780796689.815 [SCAN_MATCH] success predict=(-1.036,-3.560,-3.026) matched=(-1.035,-3.559,-3.022) delta=(0.001,0.001,0.004) ceres_iters=21 points=72
1780796689.815 [INSERT] skipped by motion filter pose=(-1.035, -3.559, -3.022)
1780796689.895 [SCAN_MATCH] success predict=(-1.064,-3.564,-3.021) matched=(-1.066,-3.561,-3.024) delta=(-0.003,0.003,-0.004) ceres_iters=20 points=74
1780796689.895 [INSERT] skipped by motion filter pose=(-1.066, -3.561, -3.024)
1780796689.938 [SCAN_MATCH] success predict=(-1.125,-3.570,-3.024) matched=(-1.123,-3.570,-3.022) delta=(0.001,0.001,0.002) ceres_iters=13 points=71
1780796689.938 [INSERT] inserted pose=(-1.123, -3.570, -3.022) submaps=2 points=71
1780796689.938 [NODE] added node_id=528 local_pose=(-1.123, -3.570, -3.022) submaps=2 newly_finished_submap=0
1780796690.016 [SCAN_MATCH] success predict=(-1.163,-3.576,-3.022) matched=(-1.165,-3.573,-3.025) delta=(-0.003,0.003,-0.003) ceres_iters=20 points=73
1780796690.016 [INSERT] skipped by motion filter pose=(-1.165, -3.573, -3.025)
1780796690.070 [SCAN_MATCH] success predict=(-1.222,-3.582,-3.022) matched=(-1.221,-3.581,-3.023) delta=(0.001,0.001,-0.000) ceres_iters=16 points=70
1780796690.070 [INSERT] skipped by motion filter pose=(-1.221, -3.581, -3.023)
1780796690.145 [SCAN_MATCH] success predict=(-1.258,-3.588,-3.024) matched=(-1.262,-3.584,-3.025) delta=(-0.004,0.004,-0.002) ceres_iters=20 points=71
1780796690.145 [INSERT] skipped by motion filter pose=(-1.262, -3.584, -3.025)
1780796690.217 [SCAN_MATCH] success predict=(-1.320,-3.593,-3.026) matched=(-1.319,-3.592,-3.023) delta=(0.001,0.001,0.003) ceres_iters=20 points=68
1780796690.217 [INSERT] skipped by motion filter pose=(-1.319, -3.592, -3.023)
1780796690.290 [SCAN_MATCH] success predict=(-1.359,-3.599,-3.025) matched=(-1.356,-3.597,-3.022) delta=(0.003,0.001,0.003) ceres_iters=20 points=72
1780796690.291 [INSERT] inserted pose=(-1.356, -3.597, -3.022) submaps=2 points=72
1780796690.291 [NODE] added node_id=529 local_pose=(-1.356, -3.597, -3.022) submaps=2 newly_finished_submap=0
1780796690.338 [SCAN_MATCH] success predict=(-1.357,-3.598,-3.021) matched=(-1.355,-3.596,-3.022) delta=(0.002,0.001,-0.001) ceres_iters=13 points=72
1780796690.338 [INSERT] skipped by motion filter pose=(-1.355, -3.596, -3.022)
1780796690.393 [SCAN_MATCH] success predict=(-1.356,-3.597,-3.022) matched=(-1.354,-3.596,-3.022) delta=(0.002,0.001,-0.000) ceres_iters=14 points=72
1780796690.393 [INSERT] skipped by motion filter pose=(-1.354, -3.596, -3.022)
1780796690.441 [SCAN_MATCH] success predict=(-1.355,-3.596,-3.022) matched=(-1.353,-3.596,-3.023) delta=(0.002,0.001,-0.000) ceres_iters=13 points=72
1780796690.441 [INSERT] skipped by motion filter pose=(-1.353, -3.596, -3.023)
1780796690.495 [SCAN_MATCH] success predict=(-1.353,-3.596,-3.023) matched=(-1.352,-3.595,-3.023) delta=(0.001,0.000,-0.000) ceres_iters=15 points=72
1780796690.495 [INSERT] skipped by motion filter pose=(-1.352, -3.595, -3.023)
1780796690.539 [SCAN_MATCH] success predict=(-1.352,-3.595,-3.023) matched=(-1.351,-3.595,-3.023) delta=(0.001,0.000,-0.000) ceres_iters=13 points=72
1780796690.539 [INSERT] skipped by motion filter pose=(-1.351, -3.595, -3.023)
1780796690.584 [SCAN_MATCH] success predict=(-1.352,-3.595,-3.023) matched=(-1.351,-3.595,-3.023) delta=(0.001,0.000,-0.000) ceres_iters=13 points=72
1780796690.584 [INSERT] skipped by motion filter pose=(-1.351, -3.595, -3.023)
1780796690.628 [SCAN_MATCH] success predict=(-1.351,-3.595,-3.023) matched=(-1.350,-3.594,-3.023) delta=(0.001,0.000,-0.000) ceres_iters=13 points=72
1780796690.628 [INSERT] skipped by motion filter pose=(-1.350, -3.594, -3.023)
1780796690.676 [SCAN_MATCH] success predict=(-1.349,-3.594,-3.024) matched=(-1.349,-3.594,-3.024) delta=(0.000,0.000,-0.000) ceres_iters=14 points=72
1780796690.676 [INSERT] skipped by motion filter pose=(-1.349, -3.594, -3.024)
1780796690.696 [SCAN_MATCH] success predict=(-1.349,-3.594,-3.024) matched=(-1.349,-3.594,-3.024) delta=(0.000,0.000,-0.000) ceres_iters=7 points=72
1780796690.696 [INSERT] skipped by motion filter pose=(-1.349, -3.594, -3.024)
1780796690.696 [OPTIMIZE] trigger periodic global optimization and map publish
1780796690.696 [OPTIMIZE] RunOptimization start: loop_candidates=6 constraints=1040
1780796694.304 [LOOP] accepted loop submap_id=0 node_id=510 score=0.870 deviation=7.400 relative_pose=(-0.051, 3.350, -3.097)
1780796697.543 [LOOP] rejected loop submap_id=1 node_id=494 score=0.000 (threshold=0.75)
1780796700.673 [LOOP] rejected loop submap_id=2 node_id=482 score=0.000 (threshold=0.75)
1780796703.844 [LOOP] rejected loop submap_id=3 node_id=468 score=0.000 (threshold=0.75)
1780796706.569 [LOOP] rejected loop submap_id=4 node_id=454 score=0.000 (threshold=0.75)
1780796709.599 [LOOP] rejected loop submap_id=5 node_id=441 score=0.000 (threshold=0.75)
1780796709.672 [SPA] Ceres CONVERGED initial_cost=3335698641.898254 final_cost=104989.014041 iterations=6 constraints=1041 submaps=27 nodes=530
1780796709.673 [OPTIMIZE] SPA done: loop_accepted=1/6 constraints=1041 nodes=530 first_pose=(-0.001,0.000,-0.000) last_pose=(-5.072,3.282,-3.126)
1780796709.673 [OPTIMIZE] finished: nodes=530 submaps=27 constraints 1040->1041 (global=1)
1780796709.709 [MAP_PUB] published /semantic_map with 147580 points (filtered=9399)
1780796709.717 [MAP_SAVE] optimization_latest saved 147580 points to /home/xhd/catkin_ws/src/AVP_SLAM_ROS/output/semantic_map_final_latest.pcd
1780796709.719 [OPTIMIZE] trigger periodic global optimization and map publish
1780796709.719 [OPTIMIZE] RunOptimization start: loop_candidates=6 constraints=1041
1780796713.253 [LOOP] accepted loop submap_id=0 node_id=510 score=0.870 deviation=0.001 relative_pose=(-0.051, 3.350, -3.097)
1780796716.557 [LOOP] rejected loop submap_id=1 node_id=494 score=0.000 (threshold=0.75)
1780796719.722 [LOOP] rejected loop submap_id=2 node_id=482 score=0.000 (threshold=0.75)
1780796722.914 [LOOP] rejected loop submap_id=3 node_id=468 score=0.000 (threshold=0.75)
1780796725.695 [LOOP] rejected loop submap_id=4 node_id=454 score=0.000 (threshold=0.75)
1780796728.681 [LOOP] rejected loop submap_id=5 node_id=441 score=0.000 (threshold=0.75)
1780796728.758 [SPA] Ceres CONVERGED initial_cost=8120749808.213955 final_cost=104997.938139 iterations=6 constraints=1042 submaps=27 nodes=530
1780796728.759 [OPTIMIZE] SPA done: loop_accepted=1/6 constraints=1042 nodes=530 first_pose=(-0.001,0.000,-0.000) last_pose=(-5.072,3.282,-3.126)
1780796728.759 [OPTIMIZE] finished: nodes=530 submaps=27 constraints 1041->1042 (global=2)
1780796728.793 [MAP_PUB] published /semantic_map with 147580 points (filtered=9395)
1780796728.801 [MAP_SAVE] optimization_latest saved 147580 points to /home/xhd/catkin_ws/src/AVP_SLAM_ROS/output/semantic_map_final_latest.pcd
1780796728.803 [OPTIMIZE] trigger periodic global optimization and map publish
1780796728.804 [OPTIMIZE] RunOptimization start: loop_candidates=6 constraints=1042
1780796732.424 [LOOP] accepted loop submap_id=0 node_id=510 score=0.870 deviation=0.000 relative_pose=(-0.051, 3.350, -3.097)
1780796735.758 [LOOP] rejected loop submap_id=1 node_id=494 score=0.000 (threshold=0.75)
1780796738.787 [LOOP] rejected loop submap_id=2 node_id=482 score=0.000 (threshold=0.75)
1780796741.992 [LOOP] rejected loop submap_id=3 node_id=468 score=0.000 (threshold=0.75)
1780796744.676 [LOOP] rejected loop submap_id=4 node_id=454 score=0.000 (threshold=0.75)
1780796747.639 [LOOP] rejected loop submap_id=5 node_id=441 score=0.000 (threshold=0.75)
1780796747.709 [SPA] Ceres CONVERGED initial_cost=11456575601.173225 final_cost=105000.917478 iterations=6 constraints=1043 submaps=27 nodes=530
1780796747.710 [OPTIMIZE] SPA done: loop_accepted=1/6 constraints=1043 nodes=530 first_pose=(-0.001,0.000,-0.000) last_pose=(-5.072,3.282,-3.126)
1780796747.710 [OPTIMIZE] finished: nodes=530 submaps=27 constraints 1042->1043 (global=3)
1780796747.742 [MAP_PUB] published /semantic_map with 147580 points (filtered=9395)
1780796747.750 [MAP_SAVE] optimization_latest saved 147580 points to /home/xhd/catkin_ws/src/AVP_SLAM_ROS/output/semantic_map_final_latest.pcd
1780796747.753 [OPTIMIZE] trigger periodic global optimization and map publish
1780796747.753 [OPTIMIZE] RunOptimization start: loop_candidates=6 constraints=1043
1780796751.280 [LOOP] accepted loop submap_id=0 node_id=510 score=0.870 deviation=0.000 relative_pose=(-0.051, 3.350, -3.097)
1780796754.580 [LOOP] rejected loop submap_id=1 node_id=494 score=0.000 (threshold=0.75)
1780796757.712 [LOOP] rejected loop submap_id=2 node_id=482 score=0.000 (threshold=0.75)
1780796760.827 [LOOP] rejected loop submap_id=3 node_id=468 score=0.000 (threshold=0.75)
1780796763.542 [LOOP] rejected loop submap_id=4 node_id=454 score=0.000 (threshold=0.75)
1780796766.484 [LOOP] rejected loop submap_id=5 node_id=441 score=0.000 (threshold=0.75)
1780796766.555 [SPA] Ceres CONVERGED initial_cost=14792311581.323555 final_cost=105002.407257 iterations=6 constraints=1044 submaps=27 nodes=530
1780796766.556 [OPTIMIZE] SPA done: loop_accepted=1/6 constraints=1044 nodes=530 first_pose=(-0.001,0.000,-0.000) last_pose=(-5.072,3.282,-3.126)
1780796766.556 [OPTIMIZE] finished: nodes=530 submaps=27 constraints 1043->1044 (global=4)
1780796766.588 [MAP_PUB] published /semantic_map with 147580 points (filtered=9397)
1780796766.596 [MAP_SAVE] optimization_latest saved 147580 points to /home/xhd/catkin_ws/src/AVP_SLAM_ROS/output/semantic_map_final_latest.pcd
1780796766.598 [OPTIMIZE] trigger periodic global optimization and map publish
1780796766.598 [OPTIMIZE] RunOptimization start: loop_candidates=6 constraints=1044
1780796770.189 [LOOP] accepted loop submap_id=0 node_id=510 score=0.870 deviation=0.000 relative_pose=(-0.051, 3.350, -3.097)
1780796773.579 [LOOP] rejected loop submap_id=1 node_id=494 score=0.000 (threshold=0.75)
1780796776.598 [LOOP] rejected loop submap_id=2 node_id=482 score=0.000 (threshold=0.75)
1780796779.685 [LOOP] rejected loop submap_id=3 node_id=468 score=0.000 (threshold=0.75)
1780796782.395 [LOOP] rejected loop submap_id=4 node_id=454 score=0.000 (threshold=0.75)
1780796785.362 [LOOP] rejected loop submap_id=5 node_id=441 score=0.000 (threshold=0.75)
1780796785.434 [SPA] Ceres CONVERGED initial_cost=18128028852.397675 final_cost=105003.301150 iterations=6 constraints=1045 submaps=27 nodes=530
1780796785.435 [OPTIMIZE] SPA done: loop_accepted=1/6 constraints=1045 nodes=530 first_pose=(-0.001,0.000,-0.000) last_pose=(-5.073,3.282,-3.126)
1780796785.435 [OPTIMIZE] finished: nodes=530 submaps=27 constraints 1044->1045 (global=5)
1780796785.470 [MAP_PUB] published /semantic_map with 147580 points (filtered=9395)
1780796785.479 [MAP_SAVE] optimization_latest saved 147580 points to /home/xhd/catkin_ws/src/AVP_SLAM_ROS/output/semantic_map_final_latest.pcd
1780796785.482 [OPTIMIZE] trigger periodic global optimization and map publish
1780796785.482 [OPTIMIZE] RunOptimization start: loop_candidates=6 constraints=1045
1780796789.063 [LOOP] accepted loop submap_id=0 node_id=510 score=0.870 deviation=0.000 relative_pose=(-0.051, 3.350, -3.097)
1780796792.289 [LOOP] rejected loop submap_id=1 node_id=494 score=0.000 (threshold=0.75)
1780796795.322 [LOOP] rejected loop submap_id=2 node_id=482 score=0.000 (threshold=0.75)
1780796798.491 [LOOP] rejected loop submap_id=3 node_id=468 score=0.000 (threshold=0.75)
1780796801.238 [LOOP] rejected loop submap_id=4 node_id=454 score=0.000 (threshold=0.75)
1780796804.350 [LOOP] rejected loop submap_id=5 node_id=441 score=0.000 (threshold=0.75)
1780796804.424 [SPA] Ceres CONVERGED initial_cost=21463738671.282352 final_cost=105003.897088 iterations=6 constraints=1046 submaps=27 nodes=530
1780796804.425 [OPTIMIZE] SPA done: loop_accepted=1/6 constraints=1046 nodes=530 first_pose=(-0.001,0.000,-0.000) last_pose=(-5.073,3.282,-3.126)
1780796804.425 [OPTIMIZE] finished: nodes=530 submaps=27 constraints 1045->1046 (global=6)
1780796804.459 [MAP_PUB] published /semantic_map with 147580 points (filtered=9395)
1780796804.468 [MAP_SAVE] optimization_latest saved 147580 points to /home/xhd/catkin_ws/src/AVP_SLAM_ROS/output/semantic_map_final_latest.pcd
1780796804.470 [OPTIMIZE] trigger periodic global optimization and map publish
1780796804.470 [OPTIMIZE] RunOptimization start: loop_candidates=6 constraints=1046
1780796808.013 [LOOP] accepted loop submap_id=0 node_id=510 score=0.870 deviation=0.000 relative_pose=(-0.051, 3.350, -3.097)
1780796811.281 [LOOP] rejected loop submap_id=1 node_id=494 score=0.000 (threshold=0.75)
1780796814.477 [LOOP] rejected loop submap_id=2 node_id=482 score=0.000 (threshold=0.75)
1780796817.608 [LOOP] rejected loop submap_id=3 node_id=468 score=0.000 (threshold=0.75)
1780796820.317 [LOOP] rejected loop submap_id=4 node_id=454 score=0.000 (threshold=0.75)
1780796823.389 [LOOP] rejected loop submap_id=5 node_id=441 score=0.000 (threshold=0.75)
1780796823.466 [SPA] Ceres CONVERGED initial_cost=24799444764.446228 final_cost=105004.322764 iterations=6 constraints=1047 submaps=27 nodes=530
1780796823.467 [OPTIMIZE] SPA done: loop_accepted=1/6 constraints=1047 nodes=530 first_pose=(-0.001,0.000,-0.000) last_pose=(-5.073,3.282,-3.126)
1780796823.467 [OPTIMIZE] finished: nodes=530 submaps=27 constraints 1046->1047 (global=7)
1780796823.500 [MAP_PUB] published /semantic_map with 147580 points (filtered=9397)
1780796823.508 [MAP_SAVE] optimization_latest saved 147580 points to /home/xhd/catkin_ws/src/AVP_SLAM_ROS/output/semantic_map_final_latest.pcd
1780796823.511 [OPTIMIZE] trigger periodic global optimization and map publish
1780796823.511 [OPTIMIZE] RunOptimization start: loop_candidates=6 constraints=1047
1780796827.071 [LOOP] accepted loop submap_id=0 node_id=510 score=0.870 deviation=0.000 relative_pose=(-0.051, 3.350, -3.097)
1780796830.301 [LOOP] rejected loop submap_id=1 node_id=494 score=0.000 (threshold=0.75)
1780796833.473 [LOOP] rejected loop submap_id=2 node_id=482 score=0.000 (threshold=0.75)
1780796836.591 [LOOP] rejected loop submap_id=3 node_id=468 score=0.000 (threshold=0.75)
1780796839.399 [LOOP] rejected loop submap_id=4 node_id=454 score=0.000 (threshold=0.75)
1780796842.478 [LOOP] rejected loop submap_id=5 node_id=441 score=0.000 (threshold=0.75)
1780796842.553 [SPA] Ceres CONVERGED initial_cost=28135148728.663639 final_cost=105004.642024 iterations=6 constraints=1048 submaps=27 nodes=530
1780796842.554 [OPTIMIZE] SPA done: loop_accepted=1/6 constraints=1048 nodes=530 first_pose=(-0.001,0.000,-0.000) last_pose=(-5.073,3.282,-3.126)
1780796842.554 [OPTIMIZE] finished: nodes=530 submaps=27 constraints 1047->1048 (global=8)
1780796842.588 [MAP_PUB] published /semantic_map with 147580 points (filtered=9397)
1780796842.596 [MAP_SAVE] optimization_latest saved 147580 points to /home/xhd/catkin_ws/src/AVP_SLAM_ROS/output/semantic_map_final_latest.pcd
1780796842.599 [OPTIMIZE] trigger periodic global optimization and map publish
1780796842.599 [OPTIMIZE] RunOptimization start: loop_candidates=6 constraints=1048
1780796846.278 [LOOP] accepted loop submap_id=0 node_id=510 score=0.870 deviation=0.000 relative_pose=(-0.051, 3.350, -3.097)
1780796849.672 [LOOP] rejected loop submap_id=1 node_id=494 score=0.000 (threshold=0.75)
1780796852.842 [LOOP] rejected loop submap_id=2 node_id=482 score=0.000 (threshold=0.75)
1780796856.038 [LOOP] rejected loop submap_id=3 node_id=468 score=0.000 (threshold=0.75)
1780796858.753 [LOOP] rejected loop submap_id=4 node_id=454 score=0.000 (threshold=0.75)
1780796861.754 [LOOP] rejected loop submap_id=5 node_id=441 score=0.000 (threshold=0.75)
1780796861.827 [SPA] Ceres CONVERGED initial_cost=31470851362.298679 final_cost=105004.890338 iterations=6 constraints=1049 submaps=27 nodes=530
1780796861.828 [OPTIMIZE] SPA done: loop_accepted=1/6 constraints=1049 nodes=530 first_pose=(-0.001,0.000,-0.000) last_pose=(-5.073,3.282,-3.126)
1780796861.828 [OPTIMIZE] finished: nodes=530 submaps=27 constraints 1048->1049 (global=9)
1780796861.859 [MAP_PUB] published /semantic_map with 147580 points (filtered=9397)
1780796861.867 [MAP_SAVE] optimization_latest saved 147580 points to /home/xhd/catkin_ws/src/AVP_SLAM_ROS/output/semantic_map_final_latest.pcd
1780796861.870 [OPTIMIZE] trigger periodic global optimization and map publish
1780796861.870 [OPTIMIZE] RunOptimization start: loop_candidates=6 constraints=1049
1780796865.478 [LOOP] accepted loop submap_id=0 node_id=510 score=0.870 deviation=0.000 relative_pose=(-0.051, 3.350, -3.097)
1780796868.810 [LOOP] rejected loop submap_id=1 node_id=494 score=0.000 (threshold=0.75)
1780796871.873 [LOOP] rejected loop submap_id=2 node_id=482 score=0.000 (threshold=0.75)
1780796875.035 [LOOP] rejected loop submap_id=3 node_id=468 score=0.000 (threshold=0.75)
1780796877.731 [LOOP] rejected loop submap_id=4 node_id=454 score=0.000 (threshold=0.75)
1780796880.759 [LOOP] rejected loop submap_id=5 node_id=441 score=0.000 (threshold=0.75)
1780796880.837 [SPA] Ceres CONVERGED initial_cost=34806553108.881432 final_cost=105005.088991 iterations=6 constraints=1050 submaps=27 nodes=530
1780796880.838 [OPTIMIZE] SPA done: loop_accepted=1/6 constraints=1050 nodes=530 first_pose=(-0.001,0.000,-0.000) last_pose=(-5.073,3.282,-3.126)
1780796880.838 [OPTIMIZE] finished: nodes=530 submaps=27 constraints 1049->1050 (global=10)
1780796880.872 [MAP_PUB] published /semantic_map with 147580 points (filtered=9397)
1780796880.881 [MAP_SAVE] optimization_latest saved 147580 points to /home/xhd/catkin_ws/src/AVP_SLAM_ROS/output/semantic_map_final_latest.pcd
1780796880.883 [OPTIMIZE] trigger periodic global optimization and map publish
1780796880.883 [OPTIMIZE] RunOptimization start: loop_candidates=6 constraints=1050
1780796884.442 [LOOP] accepted loop submap_id=0 node_id=510 score=0.870 deviation=0.000 relative_pose=(-0.051, 3.350, -3.097)
1780796887.702 [LOOP] rejected loop submap_id=1 node_id=494 score=0.000 (threshold=0.75)
1780796890.754 [LOOP] rejected loop submap_id=2 node_id=482 score=0.000 (threshold=0.75)
1780796894.015 [LOOP] rejected loop submap_id=3 node_id=468 score=0.000 (threshold=0.75)
1780796896.765 [LOOP] rejected loop submap_id=4 node_id=454 score=0.000 (threshold=0.75)
1780796899.765 [LOOP] rejected loop submap_id=5 node_id=441 score=0.000 (threshold=0.75)
1780796899.837 [SPA] Ceres CONVERGED initial_cost=38142254234.528328 final_cost=105005.251526 iterations=6 constraints=1051 submaps=27 nodes=530
1780796899.838 [OPTIMIZE] SPA done: loop_accepted=1/6 constraints=1051 nodes=530 first_pose=(-0.001,0.000,-0.000) last_pose=(-5.073,3.282,-3.126)
1780796899.838 [OPTIMIZE] finished: nodes=530 submaps=27 constraints 1050->1051 (global=11)
1780796899.868 [MAP_PUB] published /semantic_map with 147580 points (filtered=9397)
1780796899.876 [MAP_SAVE] optimization_latest saved 147580 points to /home/xhd/catkin_ws/src/AVP_SLAM_ROS/output/semantic_map_final_latest.pcd
1780796899.878 [OPTIMIZE] trigger periodic global optimization and map publish
1780796899.879 [OPTIMIZE] RunOptimization start: loop_candidates=6 constraints=1051
1780796903.408 [LOOP] accepted loop submap_id=0 node_id=510 score=0.870 deviation=0.000 relative_pose=(-0.051, 3.350, -3.097)
1780796906.615 [LOOP] rejected loop submap_id=1 node_id=494 score=0.000 (threshold=0.75)
1780796909.668 [LOOP] rejected loop submap_id=2 node_id=482 score=0.000 (threshold=0.75)
1780796912.770 [LOOP] rejected loop submap_id=3 node_id=468 score=0.000 (threshold=0.75)
1780796915.619 [LOOP] rejected loop submap_id=4 node_id=454 score=0.000 (threshold=0.75)
1780796918.601 [LOOP] rejected loop submap_id=5 node_id=441 score=0.000 (threshold=0.75)
1780796918.674 [SPA] Ceres CONVERGED initial_cost=41477954908.585655 final_cost=105005.386972 iterations=6 constraints=1052 submaps=27 nodes=530
1780796918.675 [OPTIMIZE] SPA done: loop_accepted=1/6 constraints=1052 nodes=530 first_pose=(-0.001,0.000,-0.000) last_pose=(-5.073,3.282,-3.126)
1780796918.675 [OPTIMIZE] finished: nodes=530 submaps=27 constraints 1051->1052 (global=12)
1780796918.706 [MAP_PUB] published /semantic_map with 147580 points (filtered=9396)
1780796918.714 [MAP_SAVE] optimization_latest saved 147580 points to /home/xhd/catkin_ws/src/AVP_SLAM_ROS/output/semantic_map_final_latest.pcd
1780796918.717 [OPTIMIZE] trigger periodic global optimization and map publish
1780796918.717 [OPTIMIZE] RunOptimization start: loop_candidates=6 constraints=1052
1780796922.312 [LOOP] accepted loop submap_id=0 node_id=510 score=0.870 deviation=0.000 relative_pose=(-0.051, 3.350, -3.097)
1780796925.620 [LOOP] rejected loop submap_id=1 node_id=494 score=0.000 (threshold=0.75)
1780796928.777 [LOOP] rejected loop submap_id=2 node_id=482 score=0.000 (threshold=0.75)
1780796932.029 [LOOP] rejected loop submap_id=3 node_id=468 score=0.000 (threshold=0.75)
1780796934.722 [LOOP] rejected loop submap_id=4 node_id=454 score=0.000 (threshold=0.75)
1780796937.669 [LOOP] rejected loop submap_id=5 node_id=441 score=0.000 (threshold=0.75)
1780796937.740 [SPA] Ceres CONVERGED initial_cost=44813655243.950798 final_cost=105005.501581 iterations=6 constraints=1053 submaps=27 nodes=530
1780796937.741 [OPTIMIZE] SPA done: loop_accepted=1/6 constraints=1053 nodes=530 first_pose=(-0.001,0.000,-0.000) last_pose=(-5.073,3.282,-3.126)
1780796937.741 [OPTIMIZE] finished: nodes=530 submaps=27 constraints 1052->1053 (global=13)
1780796937.772 [MAP_PUB] published /semantic_map with 147580 points (filtered=9396)
1780796937.780 [MAP_SAVE] optimization_latest saved 147580 points to /home/xhd/catkin_ws/src/AVP_SLAM_ROS/output/semantic_map_final_latest.pcd
1780796937.783 [OPTIMIZE] trigger periodic global optimization and map publish
1780796937.783 [OPTIMIZE] RunOptimization start: loop_candidates=6 constraints=1053
1780796941.307 [LOOP] accepted loop submap_id=0 node_id=510 score=0.870 deviation=0.000 relative_pose=(-0.051, 3.350, -3.097)
1780796944.522 [LOOP] rejected loop submap_id=1 node_id=494 score=0.000 (threshold=0.75)
1780796947.691 [LOOP] rejected loop submap_id=2 node_id=482 score=0.000 (threshold=0.75)
1780796950.897 [LOOP] rejected loop submap_id=3 node_id=468 score=0.000 (threshold=0.75)
1780796953.650 [LOOP] rejected loop submap_id=4 node_id=454 score=0.000 (threshold=0.75)
1780796956.649 [LOOP] rejected loop submap_id=5 node_id=441 score=0.000 (threshold=0.75)
1780796956.722 [SPA] Ceres CONVERGED initial_cost=48149355318.783386 final_cost=105005.599817 iterations=6 constraints=1054 submaps=27 nodes=530
1780796956.723 [OPTIMIZE] SPA done: loop_accepted=1/6 constraints=1054 nodes=530 first_pose=(-0.001,0.000,-0.000) last_pose=(-5.073,3.282,-3.126)
1780796956.723 [OPTIMIZE] finished: nodes=530 submaps=27 constraints 1053->1054 (global=14)
1780796956.755 [MAP_PUB] published /semantic_map with 147580 points (filtered=9396)
1780796956.763 [MAP_SAVE] optimization_latest saved 147580 points to /home/xhd/catkin_ws/src/AVP_SLAM_ROS/output/semantic_map_final_latest.pcd
1780796956.765 [OPTIMIZE] trigger periodic global optimization and map publish
1780796956.765 [OPTIMIZE] RunOptimization start: loop_candidates=6 constraints=1054
1780796960.455 [LOOP] accepted loop submap_id=0 node_id=510 score=0.870 deviation=0.000 relative_pose=(-0.051, 3.350, -3.097)
1780796963.776 [LOOP] rejected loop submap_id=1 node_id=494 score=0.000 (threshold=0.75)
1780796966.931 [LOOP] rejected loop submap_id=2 node_id=482 score=0.000 (threshold=0.75)
1780796970.128 [LOOP] rejected loop submap_id=3 node_id=468 score=0.000 (threshold=0.75)
1780796972.955 [LOOP] rejected loop submap_id=4 node_id=454 score=0.000 (threshold=0.75)
1780796975.913 [LOOP] rejected loop submap_id=5 node_id=441 score=0.000 (threshold=0.75)
1780796975.987 [SPA] Ceres CONVERGED initial_cost=51485055188.911736 final_cost=105005.684955 iterations=6 constraints=1055 submaps=27 nodes=530
1780796975.988 [OPTIMIZE] SPA done: loop_accepted=1/6 constraints=1055 nodes=530 first_pose=(-0.001,0.000,-0.000) last_pose=(-5.073,3.282,-3.126)
1780796975.988 [OPTIMIZE] finished: nodes=530 submaps=27 constraints 1054->1055 (global=15)
1780796976.020 [MAP_PUB] published /semantic_map with 147580 points (filtered=9396)
1780796976.028 [MAP_SAVE] optimization_latest saved 147580 points to /home/xhd/catkin_ws/src/AVP_SLAM_ROS/output/semantic_map_final_latest.pcd
1780796976.030 [OPTIMIZE] trigger periodic global optimization and map publish
1780796976.030 [OPTIMIZE] RunOptimization start: loop_candidates=6 constraints=1055
1780796979.663 [LOOP] accepted loop submap_id=0 node_id=510 score=0.870 deviation=0.000 relative_pose=(-0.051, 3.350, -3.097)
1780796983.062 [LOOP] rejected loop submap_id=1 node_id=494 score=0.000 (threshold=0.75)
1780796986.160 [LOOP] rejected loop submap_id=2 node_id=482 score=0.000 (threshold=0.75)
1780796989.276 [LOOP] rejected loop submap_id=3 node_id=468 score=0.000 (threshold=0.75)
1780796991.987 [LOOP] rejected loop submap_id=4 node_id=454 score=0.000 (threshold=0.75)
1780796995.008 [LOOP] rejected loop submap_id=5 node_id=441 score=0.000 (threshold=0.75)
1780796995.086 [SPA] Ceres CONVERGED initial_cost=54820754895.276627 final_cost=105005.759451 iterations=6 constraints=1056 submaps=27 nodes=530
1780796995.087 [OPTIMIZE] SPA done: loop_accepted=1/6 constraints=1056 nodes=530 first_pose=(-0.001,0.000,-0.000) last_pose=(-5.073,3.282,-3.126)
1780796995.087 [OPTIMIZE] finished: nodes=530 submaps=27 constraints 1055->1056 (global=16)
1780796995.119 [MAP_PUB] published /semantic_map with 147580 points (filtered=9396)
1780796995.127 [MAP_SAVE] optimization_latest saved 147580 points to /home/xhd/catkin_ws/src/AVP_SLAM_ROS/output/semantic_map_final_latest.pcd
1780796995.129 [OPTIMIZE] trigger periodic global optimization and map publish
1780796995.129 [OPTIMIZE] RunOptimization start: loop_candidates=6 constraints=1056
1780796998.665 [LOOP] accepted loop submap_id=0 node_id=510 score=0.870 deviation=0.000 relative_pose=(-0.051, 3.350, -3.097)
1780797001.950 [LOOP] rejected loop submap_id=1 node_id=494 score=0.000 (threshold=0.75)
1780797005.074 [LOOP] rejected loop submap_id=2 node_id=482 score=0.000 (threshold=0.75)
1780797008.357 [LOOP] rejected loop submap_id=3 node_id=468 score=0.000 (threshold=0.75)
1780797011.035 [LOOP] rejected loop submap_id=4 node_id=454 score=0.000 (threshold=0.75)
1780797013.970 [LOOP] rejected loop submap_id=5 node_id=441 score=0.000 (threshold=0.75)
1780797014.043 [SPA] Ceres CONVERGED initial_cost=58156454468.583641 final_cost=105005.825183 iterations=6 constraints=1057 submaps=27 nodes=530
1780797014.044 [OPTIMIZE] SPA done: loop_accepted=1/6 constraints=1057 nodes=530 first_pose=(-0.001,0.000,-0.000) last_pose=(-5.073,3.282,-3.126)
1780797014.044 [OPTIMIZE] finished: nodes=530 submaps=27 constraints 1056->1057 (global=17)
1780797014.077 [MAP_PUB] published /semantic_map with 147580 points (filtered=9396)
1780797014.085 [MAP_SAVE] optimization_latest saved 147580 points to /home/xhd/catkin_ws/src/AVP_SLAM_ROS/output/semantic_map_final_latest.pcd
1780797014.087 [OPTIMIZE] trigger periodic global optimization and map publish
1780797014.087 [OPTIMIZE] RunOptimization start: loop_candidates=6 constraints=1057
1780797017.764 [LOOP] accepted loop submap_id=0 node_id=510 score=0.870 deviation=0.000 relative_pose=(-0.051, 3.350, -3.097)
1780797021.021 [LOOP] rejected loop submap_id=1 node_id=494 score=0.000 (threshold=0.75)
1780797024.066 [LOOP] rejected loop submap_id=2 node_id=482 score=0.000 (threshold=0.75)
1780797027.186 [LOOP] rejected loop submap_id=3 node_id=468 score=0.000 (threshold=0.75)
1780797029.989 [LOOP] rejected loop submap_id=4 node_id=454 score=0.000 (threshold=0.75)
1780797032.987 [LOOP] rejected loop submap_id=5 node_id=441 score=0.000 (threshold=0.75)
1780797033.061 [SPA] Ceres CONVERGED initial_cost=61492153932.313507 final_cost=105005.883611 iterations=6 constraints=1058 submaps=27 nodes=530
1780797033.062 [OPTIMIZE] SPA done: loop_accepted=1/6 constraints=1058 nodes=530 first_pose=(-0.001,0.000,-0.000) last_pose=(-5.073,3.282,-3.126)
1780797033.062 [OPTIMIZE] finished: nodes=530 submaps=27 constraints 1057->1058 (global=18)
1780797033.093 [MAP_PUB] published /semantic_map with 147580 points (filtered=9396)
1780797033.101 [MAP_SAVE] optimization_latest saved 147580 points to /home/xhd/catkin_ws/src/AVP_SLAM_ROS/output/semantic_map_final_latest.pcd
1780797033.103 [OPTIMIZE] trigger periodic global optimization and map publish
1780797033.104 [OPTIMIZE] RunOptimization start: loop_candidates=6 constraints=1058
1780797036.666 [LOOP] accepted loop submap_id=0 node_id=510 score=0.870 deviation=0.000 relative_pose=(-0.051, 3.350, -3.097)
1780797039.882 [LOOP] rejected loop submap_id=1 node_id=494 score=0.000 (threshold=0.75)
1780797043.040 [LOOP] rejected loop submap_id=2 node_id=482 score=0.000 (threshold=0.75)
1780797046.206 [LOOP] rejected loop submap_id=3 node_id=468 score=0.000 (threshold=0.75)
1780797049.019 [LOOP] rejected loop submap_id=4 node_id=454 score=0.000 (threshold=0.75)
1780797052.045 [LOOP] rejected loop submap_id=5 node_id=441 score=0.000 (threshold=0.75)
1780797052.116 [SPA] Ceres CONVERGED initial_cost=64827853304.729065 final_cost=105005.935889 iterations=6 constraints=1059 submaps=27 nodes=530
1780797052.117 [OPTIMIZE] SPA done: loop_accepted=1/6 constraints=1059 nodes=530 first_pose=(-0.001,0.000,-0.000) last_pose=(-5.073,3.282,-3.126)
1780797052.117 [OPTIMIZE] finished: nodes=530 submaps=27 constraints 1058->1059 (global=19)
1780797052.147 [MAP_PUB] published /semantic_map with 147580 points (filtered=9396)
1780797052.155 [MAP_SAVE] optimization_latest saved 147580 points to /home/xhd/catkin_ws/src/AVP_SLAM_ROS/output/semantic_map_final_latest.pcd
1780797052.158 [OPTIMIZE] trigger periodic global optimization and map publish
1780797052.158 [OPTIMIZE] RunOptimization start: loop_candidates=6 constraints=1059
1780797055.778 [LOOP] accepted loop submap_id=0 node_id=510 score=0.870 deviation=0.000 relative_pose=(-0.051, 3.350, -3.097)
1780797058.983 [LOOP] rejected loop submap_id=1 node_id=494 score=0.000 (threshold=0.75)
1780797062.076 [LOOP] rejected loop submap_id=2 node_id=482 score=0.000 (threshold=0.75)
1780797065.341 [LOOP] rejected loop submap_id=3 node_id=468 score=0.000 (threshold=0.75)
1780797068.119 [LOOP] rejected loop submap_id=4 node_id=454 score=0.000 (threshold=0.75)
1780797071.149 [LOOP] rejected loop submap_id=5 node_id=441 score=0.000 (threshold=0.75)
1780797071.227 [SPA] Ceres CONVERGED initial_cost=68163552600.248306 final_cost=105005.982940 iterations=6 constraints=1060 submaps=27 nodes=530
1780797071.228 [OPTIMIZE] SPA done: loop_accepted=1/6 constraints=1060 nodes=530 first_pose=(-0.001,0.000,-0.000) last_pose=(-5.073,3.282,-3.126)
1780797071.228 [OPTIMIZE] finished: nodes=530 submaps=27 constraints 1059->1060 (global=20)
1780797071.261 [MAP_PUB] published /semantic_map with 147580 points (filtered=9396)
1780797071.269 [MAP_SAVE] optimization_latest saved 147580 points to /home/xhd/catkin_ws/src/AVP_SLAM_ROS/output/semantic_map_final_latest.pcd
1780797071.272 [OPTIMIZE] trigger periodic global optimization and map publish
1780797071.272 [OPTIMIZE] RunOptimization start: loop_candidates=6 constraints=1060
1780797074.979 [LOOP] accepted loop submap_id=0 node_id=510 score=0.870 deviation=0.000 relative_pose=(-0.051, 3.350, -3.097)
1780797078.287 [LOOP] rejected loop submap_id=1 node_id=494 score=0.000 (threshold=0.75)
1780797081.362 [LOOP] rejected loop submap_id=2 node_id=482 score=0.000 (threshold=0.75)
1780797084.588 [LOOP] rejected loop submap_id=3 node_id=468 score=0.000 (threshold=0.75)
1780797087.406 [LOOP] rejected loop submap_id=4 node_id=454 score=0.000 (threshold=0.75)
1780797090.352 [LOOP] rejected loop submap_id=5 node_id=441 score=0.000 (threshold=0.75)
1780797090.425 [SPA] Ceres CONVERGED initial_cost=71499251830.405655 final_cost=105006.025509 iterations=6 constraints=1061 submaps=27 nodes=530
1780797090.426 [OPTIMIZE] SPA done: loop_accepted=1/6 constraints=1061 nodes=530 first_pose=(-0.001,0.000,-0.000) last_pose=(-5.073,3.282,-3.126)
1780797090.426 [OPTIMIZE] finished: nodes=530 submaps=27 constraints 1060->1061 (global=21)
1780797090.463 [MAP_PUB] published /semantic_map with 147580 points (filtered=9396)
1780797090.472 [MAP_SAVE] optimization_latest saved 147580 points to /home/xhd/catkin_ws/src/AVP_SLAM_ROS/output/semantic_map_final_latest.pcd
1780797090.475 [OPTIMIZE] trigger periodic global optimization and map publish
1780797090.475 [OPTIMIZE] RunOptimization start: loop_candidates=6 constraints=1061
1780797094.118 [LOOP] accepted loop submap_id=0 node_id=510 score=0.870 deviation=0.000 relative_pose=(-0.051, 3.350, -3.097)
1780797097.462 [LOOP] rejected loop submap_id=1 node_id=494 score=0.000 (threshold=0.75)
1780797100.613 [LOOP] rejected loop submap_id=2 node_id=482 score=0.000 (threshold=0.75)
1780797103.869 [LOOP] rejected loop submap_id=3 node_id=468 score=0.000 (threshold=0.75)
1780797106.707 [LOOP] rejected loop submap_id=4 node_id=454 score=0.000 (threshold=0.75)
1780797109.703 [LOOP] rejected loop submap_id=5 node_id=441 score=0.000 (threshold=0.75)
1780797109.775 [SPA] Ceres CONVERGED initial_cost=74834951004.538513 final_cost=105006.064209 iterations=6 constraints=1062 submaps=27 nodes=530
1780797109.776 [OPTIMIZE] SPA done: loop_accepted=1/6 constraints=1062 nodes=530 first_pose=(-0.001,0.000,-0.000) last_pose=(-5.073,3.282,-3.126)
1780797109.776 [OPTIMIZE] finished: nodes=530 submaps=27 constraints 1061->1062 (global=22)
1780797109.808 [MAP_PUB] published /semantic_map with 147580 points (filtered=9396)
1780797109.816 [MAP_SAVE] optimization_latest saved 147580 points to /home/xhd/catkin_ws/src/AVP_SLAM_ROS/output/semantic_map_final_latest.pcd
1780797109.818 [OPTIMIZE] trigger periodic global optimization and map publish
1780797109.818 [OPTIMIZE] RunOptimization start: loop_candidates=6 constraints=1062
1780797113.366 [LOOP] accepted loop submap_id=0 node_id=510 score=0.870 deviation=0.000 relative_pose=(-0.051, 3.350, -3.097)
1780797116.717 [LOOP] rejected loop submap_id=1 node_id=494 score=0.000 (threshold=0.75)
1780797119.758 [LOOP] rejected loop submap_id=2 node_id=482 score=0.000 (threshold=0.75)
1780797122.961 [LOOP] rejected loop submap_id=3 node_id=468 score=0.000 (threshold=0.75)
1780797125.749 [LOOP] rejected loop submap_id=4 node_id=454 score=0.000 (threshold=0.75)
1780797128.696 [LOOP] rejected loop submap_id=5 node_id=441 score=0.000 (threshold=0.75)
1780797128.772 [SPA] Ceres CONVERGED initial_cost=78170650130.286545 final_cost=105006.099543 iterations=6 constraints=1063 submaps=27 nodes=530
1780797128.773 [OPTIMIZE] SPA done: loop_accepted=1/6 constraints=1063 nodes=530 first_pose=(-0.001,0.000,-0.000) last_pose=(-5.073,3.282,-3.126)
1780797128.773 [OPTIMIZE] finished: nodes=530 submaps=27 constraints 1062->1063 (global=23)
1780797128.805 [MAP_PUB] published /semantic_map with 147580 points (filtered=9396)
1780797128.813 [MAP_SAVE] optimization_latest saved 147580 points to /home/xhd/catkin_ws/src/AVP_SLAM_ROS/output/semantic_map_final_latest.pcd
1780797128.816 [OPTIMIZE] trigger periodic global optimization and map publish
1780797128.816 [OPTIMIZE] RunOptimization start: loop_candidates=6 constraints=1063
1780797132.442 [LOOP] accepted loop submap_id=0 node_id=510 score=0.870 deviation=0.000 relative_pose=(-0.051, 3.350, -3.097)
1780797135.638 [LOOP] rejected loop submap_id=1 node_id=494 score=0.000 (threshold=0.75)
1780797138.649 [LOOP] rejected loop submap_id=2 node_id=482 score=0.000 (threshold=0.75)
1780797141.735 [LOOP] rejected loop submap_id=3 node_id=468 score=0.000 (threshold=0.75)
1780797144.430 [LOOP] rejected loop submap_id=4 node_id=454 score=0.000 (threshold=0.75)
1780797147.516 [LOOP] rejected loop submap_id=5 node_id=441 score=0.000 (threshold=0.75)
1780797147.592 [SPA] Ceres CONVERGED initial_cost=81506349213.960800 final_cost=105006.131933 iterations=6 constraints=1064 submaps=27 nodes=530
1780797147.593 [OPTIMIZE] SPA done: loop_accepted=1/6 constraints=1064 nodes=530 first_pose=(-0.001,0.000,-0.000) last_pose=(-5.073,3.282,-3.126)
1780797147.593 [OPTIMIZE] finished: nodes=530 submaps=27 constraints 1063->1064 (global=24)
1780797147.626 [MAP_PUB] published /semantic_map with 147580 points (filtered=9396)
1780797147.634 [MAP_SAVE] optimization_latest saved 147580 points to /home/xhd/catkin_ws/src/AVP_SLAM_ROS/output/semantic_map_final_latest.pcd
1780797147.636 [OPTIMIZE] trigger periodic global optimization and map publish
1780797147.637 [OPTIMIZE] RunOptimization start: loop_candidates=6 constraints=1064
1780797151.214 [LOOP] accepted loop submap_id=0 node_id=510 score=0.870 deviation=0.000 relative_pose=(-0.051, 3.350, -3.097)
1780797154.468 [LOOP] rejected loop submap_id=1 node_id=494 score=0.000 (threshold=0.75)
1780797157.490 [LOOP] rejected loop submap_id=2 node_id=482 score=0.000 (threshold=0.75)
1780797160.593 [LOOP] rejected loop submap_id=3 node_id=468 score=0.000 (threshold=0.75)
1780797163.411 [LOOP] rejected loop submap_id=4 node_id=454 score=0.000 (threshold=0.75)
1780797166.380 [LOOP] rejected loop submap_id=5 node_id=441 score=0.000 (threshold=0.75)
1780797166.453 [SPA] Ceres CONVERGED initial_cost=84842048260.820526 final_cost=105006.161732 iterations=6 constraints=1065 submaps=27 nodes=530
1780797166.454 [OPTIMIZE] SPA done: loop_accepted=1/6 constraints=1065 nodes=530 first_pose=(-0.001,0.000,-0.000) last_pose=(-5.073,3.282,-3.126)
1780797166.454 [OPTIMIZE] finished: nodes=530 submaps=27 constraints 1064->1065 (global=25)
1780797166.485 [MAP_PUB] published /semantic_map with 147580 points (filtered=9396)
1780797166.493 [MAP_SAVE] optimization_latest saved 147580 points to /home/xhd/catkin_ws/src/AVP_SLAM_ROS/output/semantic_map_final_latest.pcd
1780797166.495 [OPTIMIZE] trigger periodic global optimization and map publish
1780797166.495 [OPTIMIZE] RunOptimization start: loop_candidates=6 constraints=1065
1780797170.040 [LOOP] accepted loop submap_id=0 node_id=510 score=0.870 deviation=0.000 relative_pose=(-0.051, 3.350, -3.097)
1780797173.343 [LOOP] rejected loop submap_id=1 node_id=494 score=0.000 (threshold=0.75)
1780797176.413 [LOOP] rejected loop submap_id=2 node_id=482 score=0.000 (threshold=0.75)
1780797179.580 [LOOP] rejected loop submap_id=3 node_id=468 score=0.000 (threshold=0.75)
1780797182.292 [LOOP] rejected loop submap_id=4 node_id=454 score=0.000 (threshold=0.75)
1780797185.370 [LOOP] rejected loop submap_id=5 node_id=441 score=0.000 (threshold=0.75)
1780797185.446 [SPA] Ceres CONVERGED initial_cost=88177747275.283417 final_cost=105006.189238 iterations=6 constraints=1066 submaps=27 nodes=530
1780797185.447 [OPTIMIZE] SPA done: loop_accepted=1/6 constraints=1066 nodes=530 first_pose=(-0.001,0.000,-0.000) last_pose=(-5.073,3.282,-3.126)
1780797185.447 [OPTIMIZE] finished: nodes=530 submaps=27 constraints 1065->1066 (global=26)
1780797185.479 [MAP_PUB] published /semantic_map with 147580 points (filtered=9396)
1780797185.487 [MAP_SAVE] optimization_latest saved 147580 points to /home/xhd/catkin_ws/src/AVP_SLAM_ROS/output/semantic_map_final_latest.pcd
1780797185.489 [OPTIMIZE] trigger periodic global optimization and map publish
1780797185.489 [OPTIMIZE] RunOptimization start: loop_candidates=6 constraints=1066
1780797189.053 [LOOP] accepted loop submap_id=0 node_id=510 score=0.870 deviation=0.000 relative_pose=(-0.051, 3.350, -3.097)
1780797192.297 [LOOP] rejected loop submap_id=1 node_id=494 score=0.000 (threshold=0.75)
1780797195.456 [LOOP] rejected loop submap_id=2 node_id=482 score=0.000 (threshold=0.75)
1780797198.712 [LOOP] rejected loop submap_id=3 node_id=468 score=0.000 (threshold=0.75)
1780797201.474 [LOOP] rejected loop submap_id=4 node_id=454 score=0.000 (threshold=0.75)
1780797204.405 [LOOP] rejected loop submap_id=5 node_id=441 score=0.000 (threshold=0.75)
1780797204.478 [SPA] Ceres CONVERGED initial_cost=91513446261.087555 final_cost=105006.214707 iterations=6 constraints=1067 submaps=27 nodes=530
1780797204.479 [OPTIMIZE] SPA done: loop_accepted=1/6 constraints=1067 nodes=530 first_pose=(-0.001,0.000,-0.000) last_pose=(-5.073,3.282,-3.126)
1780797204.479 [OPTIMIZE] finished: nodes=530 submaps=27 constraints 1066->1067 (global=27)
1780797204.511 [MAP_PUB] published /semantic_map with 147580 points (filtered=9396)
1780797204.520 [MAP_SAVE] optimization_latest saved 147580 points to /home/xhd/catkin_ws/src/AVP_SLAM_ROS/output/semantic_map_final_latest.pcd
1780797204.522 [OPTIMIZE] trigger periodic global optimization and map publish
1780797204.522 [OPTIMIZE] RunOptimization start: loop_candidates=6 constraints=1067
1780797208.244 [LOOP] accepted loop submap_id=0 node_id=510 score=0.870 deviation=0.000 relative_pose=(-0.051, 3.350, -3.097)
1780797211.550 [LOOP] rejected loop submap_id=1 node_id=494 score=0.000 (threshold=0.75)
1780797214.568 [LOOP] rejected loop submap_id=2 node_id=482 score=0.000 (threshold=0.75)
1780797217.660 [LOOP] rejected loop submap_id=3 node_id=468 score=0.000 (threshold=0.75)
1780797220.380 [LOOP] rejected loop submap_id=4 node_id=454 score=0.000 (threshold=0.75)
1780797223.331 [LOOP] rejected loop submap_id=5 node_id=441 score=0.000 (threshold=0.75)
1780797223.405 [SPA] Ceres CONVERGED initial_cost=94849145221.417267 final_cost=105006.238357 iterations=6 constraints=1068 submaps=27 nodes=530
1780797223.406 [OPTIMIZE] SPA done: loop_accepted=1/6 constraints=1068 nodes=530 first_pose=(-0.001,0.000,-0.000) last_pose=(-5.073,3.282,-3.126)
1780797223.406 [OPTIMIZE] finished: nodes=530 submaps=27 constraints 1067->1068 (global=28)
1780797223.437 [MAP_PUB] published /semantic_map with 147580 points (filtered=9396)
1780797223.445 [MAP_SAVE] optimization_latest saved 147580 points to /home/xhd/catkin_ws/src/AVP_SLAM_ROS/output/semantic_map_final_latest.pcd
1780797223.447 [OPTIMIZE] trigger periodic global optimization and map publish
1780797223.447 [OPTIMIZE] RunOptimization start: loop_candidates=6 constraints=1068
1780797226.991 [LOOP] accepted loop submap_id=0 node_id=510 score=0.870 deviation=0.000 relative_pose=(-0.051, 3.350, -3.097)
1780797230.319 [LOOP] rejected loop submap_id=1 node_id=494 score=0.000 (threshold=0.75)
1780797233.504 [LOOP] rejected loop submap_id=2 node_id=482 score=0.000 (threshold=0.75)
1780797236.642 [LOOP] rejected loop submap_id=3 node_id=468 score=0.000 (threshold=0.75)
1780797239.415 [LOOP] rejected loop submap_id=4 node_id=454 score=0.000 (threshold=0.75)
1780797242.356 [LOOP] rejected loop submap_id=5 node_id=441 score=0.000 (threshold=0.75)
1780797242.428 [SPA] Ceres CONVERGED initial_cost=98184844159.001938 final_cost=105006.260376 iterations=6 constraints=1069 submaps=27 nodes=530
1780797242.429 [OPTIMIZE] SPA done: loop_accepted=1/6 constraints=1069 nodes=530 first_pose=(-0.001,0.000,-0.000) last_pose=(-5.073,3.282,-3.126)
1780797242.429 [OPTIMIZE] finished: nodes=530 submaps=27 constraints 1068->1069 (global=29)
1780797242.461 [MAP_PUB] published /semantic_map with 147580 points (filtered=9396)
1780797242.469 [MAP_SAVE] optimization_latest saved 147580 points to /home/xhd/catkin_ws/src/AVP_SLAM_ROS/output/semantic_map_final_latest.pcd
1780797242.471 [OPTIMIZE] trigger periodic global optimization and map publish
1780797242.471 [OPTIMIZE] RunOptimization start: loop_candidates=6 constraints=1069
1780797246.116 [LOOP] accepted loop submap_id=0 node_id=510 score=0.870 deviation=0.000 relative_pose=(-0.051, 3.350, -3.097)
1780797249.361 [LOOP] rejected loop submap_id=1 node_id=494 score=0.000 (threshold=0.75)
1780797252.393 [LOOP] rejected loop submap_id=2 node_id=482 score=0.000 (threshold=0.75)
1780797255.473 [LOOP] rejected loop submap_id=3 node_id=468 score=0.000 (threshold=0.75)
1780797258.151 [LOOP] rejected loop submap_id=4 node_id=454 score=0.000 (threshold=0.75)
1780797261.119 [LOOP] rejected loop submap_id=5 node_id=441 score=0.000 (threshold=0.75)
1780797261.197 [SPA] Ceres CONVERGED initial_cost=101520543076.194473 final_cost=105006.280927 iterations=6 constraints=1070 submaps=27 nodes=530
1780797261.198 [OPTIMIZE] SPA done: loop_accepted=1/6 constraints=1070 nodes=530 first_pose=(-0.001,0.000,-0.000) last_pose=(-5.073,3.282,-3.126)
1780797261.198 [OPTIMIZE] finished: nodes=530 submaps=27 constraints 1069->1070 (global=30)
1780797261.233 [MAP_PUB] published /semantic_map with 147580 points (filtered=9396)
1780797261.242 [MAP_SAVE] optimization_latest saved 147580 points to /home/xhd/catkin_ws/src/AVP_SLAM_ROS/output/semantic_map_final_latest.pcd
1780797261.244 [OPTIMIZE] trigger periodic global optimization and map publish
1780797261.244 [OPTIMIZE] RunOptimization start: loop_candidates=6 constraints=1070
1780797264.827 [LOOP] accepted loop submap_id=0 node_id=510 score=0.870 deviation=0.000 relative_pose=(-0.051, 3.350, -3.097)
1780797268.069 [LOOP] rejected loop submap_id=1 node_id=494 score=0.000 (threshold=0.75)
1780797271.087 [LOOP] rejected loop submap_id=2 node_id=482 score=0.000 (threshold=0.75)
1780797274.178 [LOOP] rejected loop submap_id=3 node_id=468 score=0.000 (threshold=0.75)
1780797276.875 [LOOP] rejected loop submap_id=4 node_id=454 score=0.000 (threshold=0.75)
1780797279.846 [LOOP] rejected loop submap_id=5 node_id=441 score=0.000 (threshold=0.75)
1780797279.920 [SPA] Ceres CONVERGED initial_cost=104856241975.034119 final_cost=105006.300152 iterations=6 constraints=1071 submaps=27 nodes=530
1780797279.921 [OPTIMIZE] SPA done: loop_accepted=1/6 constraints=1071 nodes=530 first_pose=(-0.001,0.000,-0.000) last_pose=(-5.073,3.282,-3.126)
1780797279.921 [OPTIMIZE] finished: nodes=530 submaps=27 constraints 1070->1071 (global=31)
1780797279.952 [MAP_PUB] published /semantic_map with 147580 points (filtered=9396)
1780797279.960 [MAP_SAVE] optimization_latest saved 147580 points to /home/xhd/catkin_ws/src/AVP_SLAM_ROS/output/semantic_map_final_latest.pcd
1780797279.962 [OPTIMIZE] trigger periodic global optimization and map publish
1780797279.962 [OPTIMIZE] RunOptimization start: loop_candidates=6 constraints=1071
1780797283.475 [LOOP] accepted loop submap_id=0 node_id=510 score=0.870 deviation=0.000 relative_pose=(-0.051, 3.350, -3.097)
1780797286.695 [LOOP] rejected loop submap_id=1 node_id=494 score=0.000 (threshold=0.75)
1780797289.712 [LOOP] rejected loop submap_id=2 node_id=482 score=0.000 (threshold=0.75)
1780797292.934 [LOOP] rejected loop submap_id=3 node_id=468 score=0.000 (threshold=0.75)
1780797295.647 [LOOP] rejected loop submap_id=4 node_id=454 score=0.000 (threshold=0.75)
1780797298.586 [LOOP] rejected loop submap_id=5 node_id=441 score=0.000 (threshold=0.75)
1780797298.660 [SPA] Ceres CONVERGED initial_cost=108191940857.296951 final_cost=105006.318175 iterations=6 constraints=1072 submaps=27 nodes=530
1780797298.661 [OPTIMIZE] SPA done: loop_accepted=1/6 constraints=1072 nodes=530 first_pose=(-0.001,0.000,-0.000) last_pose=(-5.073,3.282,-3.126)
1780797298.661 [OPTIMIZE] finished: nodes=530 submaps=27 constraints 1071->1072 (global=32)
1780797298.692 [MAP_PUB] published /semantic_map with 147580 points (filtered=9396)
1780797298.699 [MAP_SAVE] optimization_latest saved 147580 points to /home/xhd/catkin_ws/src/AVP_SLAM_ROS/output/semantic_map_final_latest.pcd
1780797298.702 [OPTIMIZE] trigger periodic global optimization and map publish
1780797298.702 [OPTIMIZE] RunOptimization start: loop_candidates=6 constraints=1072
1780797302.358 [LOOP] accepted loop submap_id=0 node_id=510 score=0.870 deviation=0.000 relative_pose=(-0.051, 3.350, -3.097)
1780797305.577 [LOOP] rejected loop submap_id=1 node_id=494 score=0.000 (threshold=0.75)
1780797308.590 [LOOP] rejected loop submap_id=2 node_id=482 score=0.000 (threshold=0.75)
1780797311.760 [LOOP] rejected loop submap_id=3 node_id=468 score=0.000 (threshold=0.75)
1780797314.558 [LOOP] rejected loop submap_id=4 node_id=454 score=0.000 (threshold=0.75)
1780797317.510 [LOOP] rejected loop submap_id=5 node_id=441 score=0.000 (threshold=0.75)
1780797317.586 [SPA] Ceres CONVERGED initial_cost=111527639724.537003 final_cost=105006.335107 iterations=6 constraints=1073 submaps=27 nodes=530
1780797317.587 [OPTIMIZE] SPA done: loop_accepted=1/6 constraints=1073 nodes=530 first_pose=(-0.001,0.000,-0.000) last_pose=(-5.073,3.282,-3.126)
1780797317.587 [OPTIMIZE] finished: nodes=530 submaps=27 constraints 1072->1073 (global=33)
1780797317.618 [MAP_PUB] published /semantic_map with 147580 points (filtered=9396)
1780797317.626 [MAP_SAVE] optimization_latest saved 147580 points to /home/xhd/catkin_ws/src/AVP_SLAM_ROS/output/semantic_map_final_latest.pcd
1780797317.629 [OPTIMIZE] trigger periodic global optimization and map publish
1780797317.629 [OPTIMIZE] RunOptimization start: loop_candidates=6 constraints=1073
1780797321.314 [LOOP] accepted loop submap_id=0 node_id=510 score=0.870 deviation=0.000 relative_pose=(-0.051, 3.350, -3.097)
1780797324.558 [LOOP] rejected loop submap_id=1 node_id=494 score=0.000 (threshold=0.75)
1780797327.580 [LOOP] rejected loop submap_id=2 node_id=482 score=0.000 (threshold=0.75)
1780797330.715 [LOOP] rejected loop submap_id=3 node_id=468 score=0.000 (threshold=0.75)
1780797333.542 [LOOP] rejected loop submap_id=4 node_id=454 score=0.000 (threshold=0.75)
1780797336.639 [LOOP] rejected loop submap_id=5 node_id=441 score=0.000 (threshold=0.75)
1780797336.718 [SPA] Ceres CONVERGED initial_cost=114863338578.120041 final_cost=105006.351042 iterations=6 constraints=1074 submaps=27 nodes=530
1780797336.719 [OPTIMIZE] SPA done: loop_accepted=1/6 constraints=1074 nodes=530 first_pose=(-0.001,0.000,-0.000) last_pose=(-5.073,3.282,-3.126)
1780797336.719 [OPTIMIZE] finished: nodes=530 submaps=27 constraints 1073->1074 (global=34)
1780797336.751 [MAP_PUB] published /semantic_map with 147580 points (filtered=9396)
1780797336.760 [MAP_SAVE] optimization_latest saved 147580 points to /home/xhd/catkin_ws/src/AVP_SLAM_ROS/output/semantic_map_final_latest.pcd
1780797336.762 [OPTIMIZE] trigger periodic global optimization and map publish
1780797336.762 [OPTIMIZE] RunOptimization start: loop_candidates=6 constraints=1074
1780797340.485 [LOOP] accepted loop submap_id=0 node_id=510 score=0.870 deviation=0.000 relative_pose=(-0.051, 3.350, -3.097)
1780797343.725 [LOOP] rejected loop submap_id=1 node_id=494 score=0.000 (threshold=0.75)
1780797346.804 [LOOP] rejected loop submap_id=2 node_id=482 score=0.000 (threshold=0.75)
1780797349.978 [LOOP] rejected loop submap_id=3 node_id=468 score=0.000 (threshold=0.75)
1780797352.733 [LOOP] rejected loop submap_id=4 node_id=454 score=0.000 (threshold=0.75)
1780797355.686 [LOOP] rejected loop submap_id=5 node_id=441 score=0.000 (threshold=0.75)
1780797355.759 [SPA] Ceres CONVERGED initial_cost=118199037419.251053 final_cost=105006.366066 iterations=6 constraints=1075 submaps=27 nodes=530
1780797355.760 [OPTIMIZE] SPA done: loop_accepted=1/6 constraints=1075 nodes=530 first_pose=(-0.001,0.000,-0.000) last_pose=(-5.073,3.282,-3.126)
1780797355.760 [OPTIMIZE] finished: nodes=530 submaps=27 constraints 1074->1075 (global=35)
1780797355.791 [MAP_PUB] published /semantic_map with 147580 points (filtered=9396)
1780797355.799 [MAP_SAVE] optimization_latest saved 147580 points to /home/xhd/catkin_ws/src/AVP_SLAM_ROS/output/semantic_map_final_latest.pcd
1780797355.802 [OPTIMIZE] trigger periodic global optimization and map publish
1780797355.802 [OPTIMIZE] RunOptimization start: loop_candidates=6 constraints=1075
1780797359.400 [LOOP] accepted loop submap_id=0 node_id=510 score=0.870 deviation=0.000 relative_pose=(-0.051, 3.350, -3.097)
1780797362.614 [LOOP] rejected loop submap_id=1 node_id=494 score=0.000 (threshold=0.75)
1780797365.658 [LOOP] rejected loop submap_id=2 node_id=482 score=0.000 (threshold=0.75)
1780797368.769 [LOOP] rejected loop submap_id=3 node_id=468 score=0.000 (threshold=0.75)
1780797371.506 [LOOP] rejected loop submap_id=4 node_id=454 score=0.000 (threshold=0.75)
1780797374.480 [LOOP] rejected loop submap_id=5 node_id=441 score=0.000 (threshold=0.75)
1780797374.559 [SPA] Ceres CONVERGED initial_cost=121534736248.997360 final_cost=105006.380256 iterations=6 constraints=1076 submaps=27 nodes=530
1780797374.560 [OPTIMIZE] SPA done: loop_accepted=1/6 constraints=1076 nodes=530 first_pose=(-0.001,0.000,-0.000) last_pose=(-5.073,3.282,-3.126)
1780797374.560 [OPTIMIZE] finished: nodes=530 submaps=27 constraints 1075->1076 (global=36)
1780797374.593 [MAP_PUB] published /semantic_map with 147580 points (filtered=9396)
1780797374.602 [MAP_SAVE] optimization_latest saved 147580 points to /home/xhd/catkin_ws/src/AVP_SLAM_ROS/output/semantic_map_final_latest.pcd
1780797374.604 [OPTIMIZE] trigger periodic global optimization and map publish
1780797374.604 [OPTIMIZE] RunOptimization start: loop_candidates=6 constraints=1076
1780797378.251 [LOOP] accepted loop submap_id=0 node_id=510 score=0.870 deviation=0.000 relative_pose=(-0.051, 3.350, -3.097)
1780797381.523 [LOOP] rejected loop submap_id=1 node_id=494 score=0.000 (threshold=0.75)
1780797384.564 [LOOP] rejected loop submap_id=2 node_id=482 score=0.000 (threshold=0.75)
1780797387.760 [LOOP] rejected loop submap_id=3 node_id=468 score=0.000 (threshold=0.75)
1780797390.532 [LOOP] rejected loop submap_id=4 node_id=454 score=0.000 (threshold=0.75)
1780797393.652 [LOOP] rejected loop submap_id=5 node_id=441 score=0.000 (threshold=0.75)
1780797393.726 [SPA] Ceres CONVERGED initial_cost=124870435068.307678 final_cost=105006.393679 iterations=6 constraints=1077 submaps=27 nodes=530
1780797393.727 [OPTIMIZE] SPA done: loop_accepted=1/6 constraints=1077 nodes=530 first_pose=(-0.001,0.000,-0.000) last_pose=(-5.073,3.282,-3.126)
1780797393.727 [OPTIMIZE] finished: nodes=530 submaps=27 constraints 1076->1077 (global=37)
1780797393.758 [MAP_PUB] published /semantic_map with 147580 points (filtered=9396)
1780797393.766 [MAP_SAVE] optimization_latest saved 147580 points to /home/xhd/catkin_ws/src/AVP_SLAM_ROS/output/semantic_map_final_latest.pcd
1780797393.769 [OPTIMIZE] trigger periodic global optimization and map publish
1780797393.769 [OPTIMIZE] RunOptimization start: loop_candidates=6 constraints=1077
1780797397.423 [LOOP] accepted loop submap_id=0 node_id=510 score=0.870 deviation=0.000 relative_pose=(-0.051, 3.350, -3.097)
1780797400.708 [LOOP] rejected loop submap_id=1 node_id=494 score=0.000 (threshold=0.75)
1780797403.902 [LOOP] rejected loop submap_id=2 node_id=482 score=0.000 (threshold=0.75)
1780797407.168 [LOOP] rejected loop submap_id=3 node_id=468 score=0.000 (threshold=0.75)
1780797409.853 [LOOP] rejected loop submap_id=4 node_id=454 score=0.000 (threshold=0.75)
1780797412.860 [LOOP] rejected loop submap_id=5 node_id=441 score=0.000 (threshold=0.75)
1780797412.939 [SPA] Ceres CONVERGED initial_cost=128206133878.028183 final_cost=105006.406396 iterations=6 constraints=1078 submaps=27 nodes=530
1780797412.940 [OPTIMIZE] SPA done: loop_accepted=1/6 constraints=1078 nodes=530 first_pose=(-0.001,0.000,-0.000) last_pose=(-5.073,3.282,-3.126)
1780797412.940 [OPTIMIZE] finished: nodes=530 submaps=27 constraints 1077->1078 (global=38)
1780797412.973 [MAP_PUB] published /semantic_map with 147580 points (filtered=9396)
1780797412.981 [MAP_SAVE] optimization_latest saved 147580 points to /home/xhd/catkin_ws/src/AVP_SLAM_ROS/output/semantic_map_final_latest.pcd
1780797412.984 [OPTIMIZE] trigger periodic global optimization and map publish
1780797412.984 [OPTIMIZE] RunOptimization start: loop_candidates=6 constraints=1078
1780797416.558 [LOOP] accepted loop submap_id=0 node_id=510 score=0.870 deviation=0.000 relative_pose=(-0.051, 3.350, -3.097)
1780797419.840 [LOOP] rejected loop submap_id=1 node_id=494 score=0.000 (threshold=0.75)
1780797422.870 [LOOP] rejected loop submap_id=2 node_id=482 score=0.000 (threshold=0.75)
1780797426.130 [LOOP] rejected loop submap_id=3 node_id=468 score=0.000 (threshold=0.75)
1780797428.899 [LOOP] rejected loop submap_id=4 node_id=454 score=0.000 (threshold=0.75)
1780797431.855 [LOOP] rejected loop submap_id=5 node_id=441 score=0.000 (threshold=0.75)
1780797431.930 [SPA] Ceres CONVERGED initial_cost=131541832678.915955 final_cost=105006.418460 iterations=6 constraints=1079 submaps=27 nodes=530
1780797431.931 [OPTIMIZE] SPA done: loop_accepted=1/6 constraints=1079 nodes=530 first_pose=(-0.001,0.000,-0.000) last_pose=(-5.073,3.282,-3.126)
1780797431.931 [OPTIMIZE] finished: nodes=530 submaps=27 constraints 1078->1079 (global=39)
1780797431.962 [MAP_PUB] published /semantic_map with 147580 points (filtered=9396)
1780797431.970 [MAP_SAVE] optimization_latest saved 147580 points to /home/xhd/catkin_ws/src/AVP_SLAM_ROS/output/semantic_map_final_latest.pcd
1780797431.972 [OPTIMIZE] trigger periodic global optimization and map publish
1780797431.972 [OPTIMIZE] RunOptimization start: loop_candidates=6 constraints=1079
1780797435.574 [LOOP] accepted loop submap_id=0 node_id=510 score=0.870 deviation=0.000 relative_pose=(-0.051, 3.350, -3.097)
1780797438.787 [LOOP] rejected loop submap_id=1 node_id=494 score=0.000 (threshold=0.75)
1780797441.804 [LOOP] rejected loop submap_id=2 node_id=482 score=0.000 (threshold=0.75)
1780797444.914 [LOOP] rejected loop submap_id=3 node_id=468 score=0.000 (threshold=0.75)
1780797447.623 [LOOP] rejected loop submap_id=4 node_id=454 score=0.000 (threshold=0.75)
1780797450.597 [LOOP] rejected loop submap_id=5 node_id=441 score=0.000 (threshold=0.75)
1780797450.671 [SPA] Ceres CONVERGED initial_cost=134877531471.650436 final_cost=105006.429921 iterations=6 constraints=1080 submaps=27 nodes=530
1780797450.672 [OPTIMIZE] SPA done: loop_accepted=1/6 constraints=1080 nodes=530 first_pose=(-0.001,0.000,-0.000) last_pose=(-5.073,3.282,-3.126)
1780797450.672 [OPTIMIZE] finished: nodes=530 submaps=27 constraints 1079->1080 (global=40)
1780797450.704 [MAP_PUB] published /semantic_map with 147580 points (filtered=9396)
1780797450.712 [MAP_SAVE] optimization_latest saved 147580 points to /home/xhd/catkin_ws/src/AVP_SLAM_ROS/output/semantic_map_final_latest.pcd
1780797450.714 [OPTIMIZE] trigger periodic global optimization and map publish
1780797450.714 [OPTIMIZE] RunOptimization start: loop_candidates=6 constraints=1080
1780797454.429 [LOOP] accepted loop submap_id=0 node_id=510 score=0.870 deviation=0.000 relative_pose=(-0.051, 3.350, -3.097)
1780797457.762 [LOOP] rejected loop submap_id=1 node_id=494 score=0.000 (threshold=0.75)
1780797460.791 [LOOP] rejected loop submap_id=2 node_id=482 score=0.000 (threshold=0.75)
1780797463.892 [LOOP] rejected loop submap_id=3 node_id=468 score=0.000 (threshold=0.75)
1780797466.596 [LOOP] rejected loop submap_id=4 node_id=454 score=0.000 (threshold=0.75)
1780797469.554 [LOOP] rejected loop submap_id=5 node_id=441 score=0.000 (threshold=0.75)
1780797469.628 [SPA] Ceres CONVERGED initial_cost=138213230256.843109 final_cost=105006.440823 iterations=6 constraints=1081 submaps=27 nodes=530
1780797469.629 [OPTIMIZE] SPA done: loop_accepted=1/6 constraints=1081 nodes=530 first_pose=(-0.001,0.000,-0.000) last_pose=(-5.073,3.282,-3.126)
1780797469.630 [OPTIMIZE] finished: nodes=530 submaps=27 constraints 1080->1081 (global=41)
1780797469.661 [MAP_PUB] published /semantic_map with 147580 points (filtered=9396)
1780797469.669 [MAP_SAVE] optimization_latest saved 147580 points to /home/xhd/catkin_ws/src/AVP_SLAM_ROS/output/semantic_map_final_latest.pcd
1780797469.671 [OPTIMIZE] trigger periodic global optimization and map publish
1780797469.671 [OPTIMIZE] RunOptimization start: loop_candidates=6 constraints=1081
1780797473.212 [LOOP] accepted loop submap_id=0 node_id=510 score=0.870 deviation=0.000 relative_pose=(-0.051, 3.350, -3.097)
1780797476.446 [LOOP] rejected loop submap_id=1 node_id=494 score=0.000 (threshold=0.75)
1780797479.474 [LOOP] rejected loop submap_id=2 node_id=482 score=0.000 (threshold=0.75)
1780797482.603 [LOOP] rejected loop submap_id=3 node_id=468 score=0.000 (threshold=0.75)
1780797485.335 [LOOP] rejected loop submap_id=4 node_id=454 score=0.000 (threshold=0.75)
1780797488.318 [LOOP] rejected loop submap_id=5 node_id=441 score=0.000 (threshold=0.75)
1780797488.397 [SPA] Ceres CONVERGED initial_cost=141548929035.045837 final_cost=105006.451206 iterations=6 constraints=1082 submaps=27 nodes=530
1780797488.398 [OPTIMIZE] SPA done: loop_accepted=1/6 constraints=1082 nodes=530 first_pose=(-0.001,0.000,-0.000) last_pose=(-5.073,3.282,-3.126)
1780797488.398 [OPTIMIZE] finished: nodes=530 submaps=27 constraints 1081->1082 (global=42)
1780797488.431 [MAP_PUB] published /semantic_map with 147580 points (filtered=9396)
1780797488.439 [MAP_SAVE] optimization_latest saved 147580 points to /home/xhd/catkin_ws/src/AVP_SLAM_ROS/output/semantic_map_final_latest.pcd
1780797488.442 [OPTIMIZE] trigger periodic global optimization and map publish
1780797488.442 [OPTIMIZE] RunOptimization start: loop_candidates=6 constraints=1082
1780797492.074 [LOOP] accepted loop submap_id=0 node_id=510 score=0.870 deviation=0.000 relative_pose=(-0.051, 3.350, -3.097)
1780797495.371 [LOOP] rejected loop submap_id=1 node_id=494 score=0.000 (threshold=0.75)
1780797498.494 [LOOP] rejected loop submap_id=2 node_id=482 score=0.000 (threshold=0.75)
1780797501.759 [LOOP] rejected loop submap_id=3 node_id=468 score=0.000 (threshold=0.75)
1780797504.566 [LOOP] rejected loop submap_id=4 node_id=454 score=0.000 (threshold=0.75)
1780797507.519 [LOOP] rejected loop submap_id=5 node_id=441 score=0.000 (threshold=0.75)
1780797507.592 [SPA] Ceres CONVERGED initial_cost=144884627806.757904 final_cost=105006.461106 iterations=6 constraints=1083 submaps=27 nodes=530
1780797507.593 [OPTIMIZE] SPA done: loop_accepted=1/6 constraints=1083 nodes=530 first_pose=(-0.001,0.000,-0.000) last_pose=(-5.073,3.282,-3.126)
1780797507.593 [OPTIMIZE] finished: nodes=530 submaps=27 constraints 1082->1083 (global=43)
1780797507.625 [MAP_PUB] published /semantic_map with 147580 points (filtered=9396)
1780797507.633 [MAP_SAVE] optimization_latest saved 147580 points to /home/xhd/catkin_ws/src/AVP_SLAM_ROS/output/semantic_map_final_latest.pcd
1780797507.635 [OPTIMIZE] trigger periodic global optimization and map publish
1780797507.635 [OPTIMIZE] RunOptimization start: loop_candidates=6 constraints=1083
1780797511.195 [LOOP] accepted loop submap_id=0 node_id=510 score=0.870 deviation=0.000 relative_pose=(-0.051, 3.350, -3.097)
1780797514.492 [LOOP] rejected loop submap_id=1 node_id=494 score=0.000 (threshold=0.75)
1780797517.683 [LOOP] rejected loop submap_id=2 node_id=482 score=0.000 (threshold=0.75)
1780797520.832 [LOOP] rejected loop submap_id=3 node_id=468 score=0.000 (threshold=0.75)
1780797526.697 [LOOP] rejected loop submap_id=4 node_id=454 score=0.000 (threshold=0.75)
1780797529.794 [LOOP] rejected loop submap_id=5 node_id=441 score=0.000 (threshold=0.75)
1780797529.868 [SPA] Ceres CONVERGED initial_cost=148220326572.432098 final_cost=105006.470556 iterations=6 constraints=1084 submaps=27 nodes=530
1780797529.869 [OPTIMIZE] SPA done: loop_accepted=1/6 constraints=1084 nodes=530 first_pose=(-0.001,0.000,-0.000) last_pose=(-5.073,3.282,-3.126)
1780797529.869 [OPTIMIZE] finished: nodes=530 submaps=27 constraints 1083->1084 (global=44)
1780797529.902 [MAP_PUB] published /semantic_map with 147580 points (filtered=9396)
1780797529.910 [MAP_SAVE] optimization_latest saved 147580 points to /home/xhd/catkin_ws/src/AVP_SLAM_ROS/output/semantic_map_final_latest.pcd
1780797529.913 [OPTIMIZE] trigger periodic global optimization and map publish
1780797529.913 [OPTIMIZE] RunOptimization start: loop_candidates=6 constraints=1084
1780797533.739 [LOOP] accepted loop submap_id=0 node_id=510 score=0.870 deviation=0.000 relative_pose=(-0.051, 3.350, -3.097)
1780797537.221 [LOOP] rejected loop submap_id=1 node_id=494 score=0.000 (threshold=0.75)
1780797540.326 [LOOP] rejected loop submap_id=2 node_id=482 score=0.000 (threshold=0.75)
1780797543.550 [LOOP] rejected loop submap_id=3 node_id=468 score=0.000 (threshold=0.75)
1780797546.331 [LOOP] rejected loop submap_id=4 node_id=454 score=0.000 (threshold=0.75)
1780797549.335 [LOOP] rejected loop submap_id=5 node_id=441 score=0.000 (threshold=0.75)
1780797549.409 [SPA] Ceres CONVERGED initial_cost=151556025332.480133 final_cost=105006.479586 iterations=6 constraints=1085 submaps=27 nodes=530
1780797549.410 [OPTIMIZE] SPA done: loop_accepted=1/6 constraints=1085 nodes=530 first_pose=(-0.001,0.000,-0.000) last_pose=(-5.073,3.282,-3.126)
1780797549.410 [OPTIMIZE] finished: nodes=530 submaps=27 constraints 1084->1085 (global=45)
1780797549.443 [MAP_PUB] published /semantic_map with 147580 points (filtered=9396)
1780797549.451 [MAP_SAVE] optimization_latest saved 147580 points to /home/xhd/catkin_ws/src/AVP_SLAM_ROS/output/semantic_map_final_latest.pcd
1780797549.453 [OPTIMIZE] trigger periodic global optimization and map publish
1780797549.453 [OPTIMIZE] RunOptimization start: loop_candidates=6 constraints=1085
1780797553.100 [LOOP] accepted loop submap_id=0 node_id=510 score=0.870 deviation=0.000 relative_pose=(-0.051, 3.350, -3.097)
1780797556.468 [LOOP] rejected loop submap_id=1 node_id=494 score=0.000 (threshold=0.75)
1780797559.617 [LOOP] rejected loop submap_id=2 node_id=482 score=0.000 (threshold=0.75)
1780797562.729 [LOOP] rejected loop submap_id=3 node_id=468 score=0.000 (threshold=0.75)
1780797565.484 [LOOP] rejected loop submap_id=4 node_id=454 score=0.000 (threshold=0.75)
1780797568.454 [LOOP] rejected loop submap_id=5 node_id=441 score=0.000 (threshold=0.75)
1780797568.529 [SPA] Ceres CONVERGED initial_cost=154891724087.277100 final_cost=105006.488223 iterations=6 constraints=1086 submaps=27 nodes=530
1780797568.530 [OPTIMIZE] SPA done: loop_accepted=1/6 constraints=1086 nodes=530 first_pose=(-0.001,0.000,-0.000) last_pose=(-5.073,3.282,-3.126)
1780797568.530 [OPTIMIZE] finished: nodes=530 submaps=27 constraints 1085->1086 (global=46)
1780797568.562 [MAP_PUB] published /semantic_map with 147580 points (filtered=9395)
1780797568.569 [MAP_SAVE] optimization_latest saved 147580 points to /home/xhd/catkin_ws/src/AVP_SLAM_ROS/output/semantic_map_final_latest.pcd
1780797568.572 [OPTIMIZE] trigger periodic global optimization and map publish
1780797568.572 [OPTIMIZE] RunOptimization start: loop_candidates=6 constraints=1086
1780797572.129 [LOOP] accepted loop submap_id=0 node_id=510 score=0.870 deviation=0.000 relative_pose=(-0.051, 3.350, -3.097)
1780797575.445 [LOOP] rejected loop submap_id=1 node_id=494 score=0.000 (threshold=0.75)
1780797578.514 [LOOP] rejected loop submap_id=2 node_id=482 score=0.000 (threshold=0.75)
1780797581.765 [LOOP] rejected loop submap_id=3 node_id=468 score=0.000 (threshold=0.75)
1780797584.607 [LOOP] rejected loop submap_id=4 node_id=454 score=0.000 (threshold=0.75)
1780797587.651 [LOOP] rejected loop submap_id=5 node_id=441 score=0.000 (threshold=0.75)
1780797587.726 [SPA] Ceres CONVERGED initial_cost=158227422837.165405 final_cost=105006.496493 iterations=6 constraints=1087 submaps=27 nodes=530
1780797587.726 [OPTIMIZE] SPA done: loop_accepted=1/6 constraints=1087 nodes=530 first_pose=(-0.001,0.000,-0.000) last_pose=(-5.073,3.282,-3.126)
1780797587.726 [OPTIMIZE] finished: nodes=530 submaps=27 constraints 1086->1087 (global=47)
1780797587.758 [MAP_PUB] published /semantic_map with 147580 points (filtered=9395)
1780797587.765 [MAP_SAVE] optimization_latest saved 147580 points to /home/xhd/catkin_ws/src/AVP_SLAM_ROS/output/semantic_map_final_latest.pcd
1780797587.768 [SHUTDOWN] mapping node shutting down
1780797587.776 [MAP_SAVE] shutdown_final saved 147580 points to /home/xhd/catkin_ws/src/AVP_SLAM_ROS/output/semantic_map_final.pcd
